{
"type": "FeatureCollection",
"name": "Strategic_Policy_unified",
"crs": { "type": "name", "properties": { "name": "urn:ogc:def:crs:OGC:1.3:CRS84" } },
"features": [
{ "type": "Feature", "properties": { "layerreference": "lpd_lew_mol00000011", "sitereference": "", "sitename": "", "address": "", "uprn": "", "borough": "Lewisham", "planningauthority": "Lewisham", "firstaddeddate": "2017-01-01T00:00:00", "lastupdateddate": "2018-04-12T00:00:00", "removeddate": "", "status": "Modified by Schools DPD May 2016", "hectares": "0.081", "easting": "532777", "northing": "175855", "designation": "Metropolitan Open Land", "boroughdesignation": "Metropolitan Open Land", "classification": "Metropolitan Open Land", "notes": "Policy: LP 13", "source": "", "extrainfo1": "Policy OS1, OS2, OS(a)", "extrainfo2": "Development Management Policy 2.18 'Green Infrastructure: The Network of Open and Green Spaces'", "extrainfo3": "", "missing": "", "layername": "planorama_lpd_hgy_metropolitan_open_land          ", "globalid": "{AE0C2E8D-2DBD-4B1D-8C8F-5449F8F2CC84}", "source_file": "Green_Belt_10.geojson, Green_Belt_13.geojson, Green_Belt_14.geojson, Green_Belt_2.geojson, Green_Belt_21.geojson, Green_Belt_22.geojson, Green_Belt_25.geojson, Green_Belt_31.geojson, Green_Belt_4.geojson, Green_Belt_5.geojson, Green_Belt_7.geojson, Green_Belt_8.geojson, Green_Belt_Employment_Sites_5.geojson, Greenbelt_0.geojson, Metropolitan_Green_Belt_1.geojson, Metropolitan_Green_Belt_12.geojson, Metropolitan_Green_Belt_20.geojson, Metropolitan_Green_Belt_23.geojson, Metropolitan_Green_Belt_28.geojson, Metropolitan_Green_Belt_34.geojson, Metropolitan_Open_Land_0.geojson, Metropolitan_Open_Land_1.geojson, Metropolitan_Open_Land_10.geojson, Metropolitan_Open_Land_11.geojson, Metropolitan_Open_Land_13.geojson, Metropolitan_Open_Land_14.geojson, Metropolitan_Open_Land_15.geojson, Metropolitan_Open_Land_16.geojson, Metropolitan_Open_Land_17.geojson, Metropolitan_Open_Land_18.geojson, Metropolitan_Open_Land_19.geojson, Metropolitan_Open_Land_2.geojson, Metropolitan_Open_Land_20.geojson, Metropolitan_Open_Land_21.geojson, Metropolitan_Open_Land_22.geojson, Metropolitan_Open_Land_23.geojson, Metropolitan_Open_Land_25.geojson, Metropolitan_Open_Land_26.geojson, Metropolitan_Open_Land_27.geojson, Metropolitan_Open_Land_28.geojson, Metropolitan_Open_Land_29.geojson, Metropolitan_Open_Land_30.geojson, Metropolitan_Open_Land_31.geojson, Metropolitan_Open_Land_32.geojson, Metropolitan_Open_Land_33.geojson, Metropolitan_Open_Land_34.geojson, Metropolitan_Open_Land_4.geojson, Metropolitan_Open_Land_5.geojson, Metropolitan_Open_Land_6.geojson, Metropolitan_Open_Land_7.geojson, Metropolitan_Open_Land_8.geojson" }, "geometry": { "type": "MultiPolygon", "coordinates": [ [ [ [ -0.432199931446121, 51.447272643831781 ], [ -0.423528844717149, 51.430913886178821 ], [ -0.456481145369213, 51.438131727013989 ], [ -0.451765283455864, 51.447780583709722 ], [ -0.432199931446121, 51.447272643831781 ] ], [ [ -0.442123577970028, 51.440919298259253 ], [ -0.439798159361577, 51.44006725228369 ], [ -0.439413797077935, 51.441497525263749 ], [ -0.442123577970028, 51.440919298259253 ] ] ], [ [ [ -0.454815518658864, 51.454901824817547 ], [ -0.447868554416074, 51.448743548763858 ], [ -0.457536080044028, 51.446816989363406 ], [ -0.454815518658864, 51.454901824817547 ] ] ], [ [ [ -0.441691783078228, 51.456439145419878 ], [ -0.436441909778147, 51.456897309496341 ], [ -0.43501800416849, 51.456883796173841 ], [ -0.441691783078228, 51.456439145419878 ] ] ], [ [ [ -0.411018653156683, 51.458305375142011 ], [ -0.404611065804859, 51.459669485830801 ], [ -0.404190841757755, 51.459664936246007 ], [ -0.409360467267985, 51.458410276437093 ], [ -0.411018653156683, 51.458305375142011 ] ] ], [ [ [ -0.422234093641098, 51.466499203245888 ], [ -0.411171352223537, 51.458115243961927 ], [ -0.43295483359309, 51.461990888368177 ], [ -0.422234093641098, 51.466499203245888 ] ] ], [ [ [ -0.500384650969945, 51.483631565736502 ], [ -0.479759467383752, 51.46143076184854 ], [ -0.510246064150657, 51.467488846201917 ], [ -0.500384650969945, 51.483631565736502 ] ] ], [ [ [ -0.391052440358436, 51.451083025332409 ], [ -0.420447102605092, 51.476232022095793 ], [ -0.41751942418696, 51.481157646336875 ], [ -0.373037531663644, 51.457530623879229 ], [ -0.385535668086677, 51.444543096491188 ], [ -0.397032225121386, 51.4436318812078 ], [ -0.381290403328824, 51.418680527899937 ], [ -0.418579098639038, 51.432068654707955 ], [ -0.391052440358436, 51.451083025332409 ] ], [ [ -0.414921374486247, 51.476956373782187 ], [ -0.415069779573924, 51.477345748610375 ], [ -0.415241719198725, 51.47759421894709 ], [ -0.414921374486247, 51.476956373782187 ] ], [ [ -0.414909424553735, 51.476881870582446 ], [ -0.414912156207671, 51.4769098829236 ], [ -0.414911441434522, 51.476858268574802 ], [ -0.414909424553735, 51.476881870582446 ] ], [ [ -0.415401459796599, 51.475280666662854 ], [ -0.415378692051382, 51.475307824234839 ], [ -0.415368955703923, 51.475321601691661 ], [ -0.415401459796599, 51.475280666662854 ] ], [ [ -0.415816297268208, 51.474108757359815 ], [ -0.415811206458761, 51.474224272970652 ], [ -0.415812840640531, 51.474037197322318 ], [ -0.415816297268208, 51.474108757359815 ] ], [ [ -0.415511028530634, 51.473688230561635 ], [ -0.415534996761094, 51.473695476669832 ], [ -0.415499052720779, 51.473682067422722 ], [ -0.415511028530634, 51.473688230561635 ] ], [ [ -0.414992634788374, 51.473514099591696 ], [ -0.415156456480982, 51.473554258818083 ], [ -0.415073439775046, 51.473523288690231 ], [ -0.414992634788374, 51.473514099591696 ] ], [ [ -0.413842182064101, 51.472470815993027 ], [ -0.413526040131033, 51.472277247644676 ], [ -0.413680012504901, 51.47240401844509 ], [ -0.413842182064101, 51.472470815993027 ] ], [ [ -0.413180999889108, 51.471784335786559 ], [ -0.413181161262591, 51.471784620754391 ], [ -0.413183022457336, 51.471787702757553 ], [ -0.413180999889108, 51.471784335786559 ] ], [ [ -0.412183598733375, 51.470960225666488 ], [ -0.412144872574489, 51.470939549273311 ], [ -0.412159178024623, 51.470948857389217 ], [ -0.412183598733375, 51.470960225666488 ] ], [ [ -0.411346849239346, 51.470436049125105 ], [ -0.411395831016567, 51.470508361062706 ], [ -0.411514427619973, 51.470572860695569 ], [ -0.411346849239346, 51.470436049125105 ] ], [ [ -0.41669625233593, 51.480417558887424 ], [ -0.416700370939805, 51.480467869683665 ], [ -0.416726941107924, 51.480508740111667 ], [ -0.41669625233593, 51.480417558887424 ] ], [ [ -0.415764271909452, 51.478800044782396 ], [ -0.415819208542207, 51.478953073032557 ], [ -0.41592881012709, 51.479093190997737 ], [ -0.415764271909452, 51.478800044782396 ] ], [ [ -0.415500856629899, 51.478309001842526 ], [ -0.415500946614821, 51.478310415097617 ], [ -0.415506325775001, 51.478337236429262 ], [ -0.415500856629899, 51.478309001842526 ] ], [ [ -0.39293295374601, 51.42327706688517 ], [ -0.392931838084603, 51.423278071990943 ], [ -0.392933124597729, 51.423277113842069 ], [ -0.39293295374601, 51.42327706688517 ] ], [ [ -0.392291540328913, 51.423355066904534 ], [ -0.392778128570211, 51.423438654923302 ], [ -0.392006184264121, 51.423304707086942 ], [ -0.392291540328913, 51.423355066904534 ] ], [ [ -0.39166219551899, 51.423244270102131 ], [ -0.391555580837014, 51.423225538472082 ], [ -0.391633381039384, 51.423239598830726 ], [ -0.39166219551899, 51.423244270102131 ] ], [ [ -0.39135212186389, 51.423189791817457 ], [ -0.391351681636441, 51.423190245285817 ], [ -0.391393208961059, 51.42319701060093 ], [ -0.39135212186389, 51.423189791817457 ] ], [ [ -0.390707390696937, 51.42294203082313 ], [ -0.391039950861785, 51.42314506314699 ], [ -0.391097809732663, 51.423153315906632 ], [ -0.391067568770825, 51.423101178212562 ], [ -0.390744682686539, 51.422957364044841 ], [ -0.390707390696937, 51.42294203082313 ] ], [ [ -0.389895542420838, 51.422604172908819 ], [ -0.389866574988283, 51.422591641756611 ], [ -0.390418296698536, 51.422823063211858 ], [ -0.389895542420838, 51.422604172908819 ] ], [ [ -0.389524775366713, 51.422443781117806 ], [ -0.389523871929122, 51.422443397127758 ], [ -0.389726648584979, 51.422531110363153 ], [ -0.389524775366713, 51.422443781117806 ] ], [ [ -0.389387974321774, 51.422386290843384 ], [ -0.389515487877965, 51.422439833636197 ], [ -0.38910783629165, 51.42226653944352 ], [ -0.389387974321774, 51.422386290843384 ] ], [ [ -0.388751334552698, 51.42211437231677 ], [ -0.388546846308472, 51.422021581996582 ], [ -0.388771469295761, 51.422122966513278 ], [ -0.388751334552698, 51.42211437231677 ] ], [ [ -0.388371220369948, 51.421941888481037 ], [ -0.3883709295621, 51.421942059833832 ], [ -0.388388757129138, 51.421949846109634 ], [ -0.388371220369948, 51.421941888481037 ] ], [ [ -0.38811808569011, 51.421831398526088 ], [ -0.388118072698856, 51.421831604272739 ], [ -0.388130174152988, 51.421836674980973 ], [ -0.38811808569011, 51.421831398526088 ] ], [ [ -0.387722614321709, 51.42166560750961 ], [ -0.387722931969816, 51.42166545001615 ], [ -0.387671455569329, 51.421642938592406 ], [ -0.387722614321709, 51.42166560750961 ] ], [ [ -0.387345441170683, 51.421500372632728 ], [ -0.387052308305941, 51.421377706930613 ], [ -0.387669346098553, 51.421641620517839 ], [ -0.387345441170683, 51.421500372632728 ] ], [ [ -0.386835655000188, 51.421285633931959 ], [ -0.386844207154848, 51.421289344984224 ], [ -0.386864496400715, 51.421297904267647 ], [ -0.386835655000188, 51.421285633931959 ] ], [ [ -0.386230621079824, 51.421036384470099 ], [ -0.386562081702445, 51.421171740720787 ], [ -0.386737088177928, 51.421244863392481 ], [ -0.386230621079824, 51.421036384470099 ] ], [ [ -0.386191475897645, 51.421022959273706 ], [ -0.386176580831534, 51.421017850875259 ], [ -0.386163510600547, 51.421013637148484 ], [ -0.386191475897645, 51.421022959273706 ] ], [ [ -0.386146382335796, 51.421007934143638 ], [ -0.386145727676758, 51.421007714311799 ], [ -0.386144734564633, 51.421007400050897 ], [ -0.386146382335796, 51.421007934143638 ] ], [ [ -0.385853798444786, 51.420904598535223 ], [ -0.385451455436308, 51.420629530673509 ], [ -0.386041672351292, 51.420973994453568 ], [ -0.385853798444786, 51.420904598535223 ] ], [ [ -0.385392788109208, 51.420681532775951 ], [ -0.385392783750812, 51.420681697276393 ], [ -0.385430007742928, 51.420648541683612 ], [ -0.385392788109208, 51.420681532775951 ] ], [ [ -0.385332463659953, 51.420761325638935 ], [ -0.385340874215587, 51.420746641845433 ], [ -0.385292848894113, 51.420807809473416 ], [ -0.385332463659953, 51.420761325638935 ] ], [ [ -0.385269856816887, 51.420843680429911 ], [ -0.385268213938665, 51.420848180962793 ], [ -0.385292050059354, 51.420809020304716 ], [ -0.385269856816887, 51.420843680429911 ] ], [ [ -0.385104986806849, 51.421114327676754 ], [ -0.384909296066224, 51.421314541676779 ], [ -0.385173467882245, 51.421005093098636 ], [ -0.385104986806849, 51.421114327676754 ] ], [ [ -0.384906551708552, 51.421317069380507 ], [ -0.38490660412634, 51.421317051218765 ], [ -0.384907259860724, 51.42131643991501 ], [ -0.384906551708552, 51.421317069380507 ] ], [ [ -0.384771410248652, 51.421478688572016 ], [ -0.384770366465423, 51.421480397124739 ], [ -0.384829953308477, 51.421402823303069 ], [ -0.384771410248652, 51.421478688572016 ] ], [ [ -0.384533127290106, 51.421863826602916 ], [ -0.38458747458206, 51.421781651736353 ], [ -0.384634043063278, 51.42170338511378 ], [ -0.384533127290106, 51.421863826602916 ] ], [ [ -0.384500717078402, 51.421912667074125 ], [ -0.38437472436391, 51.422100061126741 ], [ -0.384467357600238, 51.42196293803957 ], [ -0.384500717078402, 51.421912667074125 ] ], [ [ -0.384184640177958, 51.422379571675272 ], [ -0.384223086481463, 51.422325546346116 ], [ -0.384336126141121, 51.422157463335282 ], [ -0.384184640177958, 51.422379571675272 ] ], [ [ -0.384148957110931, 51.422431890098828 ], [ -0.384143632220521, 51.42243969743982 ], [ -0.384148011568389, 51.422433377618795 ], [ -0.384148957110931, 51.422431890098828 ] ], [ [ -0.387273720413854, 51.426712837277663 ], [ -0.387298584236756, 51.426741675916603 ], [ -0.387288356625362, 51.426729070066912 ], [ -0.387273720413854, 51.426712837277663 ] ], [ [ -0.387367047623937, 51.426844385400607 ], [ -0.38736707974284, 51.426844412819591 ], [ -0.387366853884165, 51.42684410541009 ], [ -0.387367047623937, 51.426844385400607 ] ], [ [ -0.387547313095726, 51.427074273098732 ], [ -0.387575307242319, 51.427097597344918 ], [ -0.387560015711624, 51.427084397966752 ], [ -0.387547313095726, 51.427074273098732 ] ], [ [ -0.388304750963219, 51.427872076617632 ], [ -0.388223779863797, 51.427782186239526 ], [ -0.388387687815416, 51.42796828905432 ], [ -0.388304750963219, 51.427872076617632 ] ], [ [ -0.388343122029646, 51.428015539953542 ], [ -0.388077060489642, 51.4278500555465 ], [ -0.388076812680976, 51.427850140081674 ], [ -0.388254897698893, 51.428041747880393 ], [ -0.388343122029646, 51.428015539953542 ] ], [ [ -0.384403099968772, 51.445871348252922 ], [ -0.384916370886071, 51.446109120672084 ], [ -0.384698114794625, 51.446006691110625 ], [ -0.384403099968772, 51.445871348252922 ] ], [ [ -0.385107484901852, 51.44619760981837 ], [ -0.38510746637339, 51.446197645532507 ], [ -0.385288476875791, 51.446283155976822 ], [ -0.385107484901852, 51.44619760981837 ] ], [ [ -0.385315835019233, 51.446296080127468 ], [ -0.385852683250729, 51.446550516341297 ], [ -0.385855547537844, 51.446551633090344 ], [ -0.385448410071072, 51.446357917865264 ], [ -0.385315835019233, 51.446296080127468 ] ], [ [ -0.386255240162594, 51.446724661776692 ], [ -0.386255237190811, 51.446724664433489 ], [ -0.386255427812889, 51.446725094437191 ], [ -0.386255240162594, 51.446724661776692 ] ], [ [ -0.386286404746715, 51.446984984604697 ], [ -0.386286354847156, 51.44698497132859 ], [ -0.386286628278241, 51.446987929801423 ], [ -0.386286404746715, 51.446984984604697 ] ], [ [ -0.386427818724524, 51.447177424684689 ], [ -0.386428465162925, 51.447180478387246 ], [ -0.38643397917496, 51.447187462456682 ], [ -0.386427818724524, 51.447177424684689 ] ], [ [ -0.386435234813825, 51.447212765925968 ], [ -0.386434434414888, 51.447207915233903 ], [ -0.386434163854786, 51.447235991917566 ], [ -0.386435234813825, 51.447212765925968 ] ], [ [ -0.386407790003311, 51.447538708693521 ], [ -0.38639764072805, 51.447461556277062 ], [ -0.386398899347355, 51.447474624466778 ], [ -0.386407790003311, 51.447538708693521 ] ], [ [ -0.386408513251701, 51.447543311667083 ], [ -0.386408425589627, 51.44754331046056 ], [ -0.3864084704591, 51.447544147682827 ], [ -0.386408513251701, 51.447543311667083 ] ], [ [ -0.386374098763707, 51.447711884519087 ], [ -0.386400104278523, 51.447637138876097 ], [ -0.38640123595455, 51.447628915643236 ], [ -0.386374098763707, 51.447711884519087 ] ], [ [ -0.386363543180324, 51.447737208058818 ], [ -0.386370119011786, 51.447720041324686 ], [ -0.386364540028963, 51.447732870088679 ], [ -0.386363543180324, 51.447737208058818 ] ], [ [ -0.386360639898846, 51.447744049050684 ], [ -0.386352057233715, 51.447761203986552 ], [ -0.386350125583636, 51.447765901736823 ], [ -0.386360639898846, 51.447744049050684 ] ], [ [ -0.386306516959392, 51.447948804972839 ], [ -0.38630790159086, 51.447945367772903 ], [ -0.386307143054514, 51.447946538319975 ], [ -0.386306516959392, 51.447948804972839 ] ], [ [ -0.38626088642325, 51.448041414475654 ], [ -0.386276236178577, 51.448006811180981 ], [ -0.386266981203883, 51.448026448947097 ], [ -0.386261066272026, 51.448037068411409 ], [ -0.38626088642325, 51.448041414475654 ] ], [ [ -0.386259786489264, 51.448082478040796 ], [ -0.386259464145728, 51.448075341471487 ], [ -0.386259212677892, 51.448081483024467 ], [ -0.386259786489264, 51.448082478040796 ] ], [ [ -0.38680378622942, 51.448594760470208 ], [ -0.386840791818724, 51.44862012087264 ], [ -0.386790929805491, 51.448584467846366 ], [ -0.38680378622942, 51.448594760470208 ] ], [ [ -0.386992270637633, 51.448722440809028 ], [ -0.38697856244728, 51.448714164502057 ], [ -0.387116155063844, 51.448828510565853 ], [ -0.386992270637633, 51.448722440809028 ] ], [ [ -0.387169134660981, 51.448873871658911 ], [ -0.387228759522229, 51.448927244822485 ], [ -0.387280208857006, 51.448981209617379 ], [ -0.387169134660981, 51.448873871658911 ] ], [ [ -0.387362772275462, 51.449081229548412 ], [ -0.38740263247365, 51.449130284188904 ], [ -0.387296457459635, 51.44899977305657 ], [ -0.387362772275462, 51.449081229548412 ] ], [ [ -0.387493250564467, 51.449244265741839 ], [ -0.387476460605813, 51.449224112839694 ], [ -0.387513660952066, 51.44927425311802 ], [ -0.387493250564467, 51.449244265741839 ] ], [ [ -0.387749355931864, 51.449376791017777 ], [ -0.387742194655612, 51.449376692537477 ], [ -0.387746230583484, 51.449377054677718 ], [ -0.387749355931864, 51.449376791017777 ] ], [ [ -0.387808306261483, 51.449371758451193 ], [ -0.387794187733912, 51.44937301122426 ], [ -0.387808332240372, 51.449371818854225 ], [ -0.387808306261483, 51.449371758451193 ] ], [ [ -0.38727082374383, 51.449515009424381 ], [ -0.387283874855877, 51.449512067656855 ], [ -0.38732570952985, 51.44950679989379 ], [ -0.387660146702314, 51.449461416709724 ], [ -0.387836932496654, 51.449438316779251 ], [ -0.38727082374383, 51.449515009424381 ] ], [ [ -0.387270767896923, 51.44951502201247 ], [ -0.387211601323557, 51.449519603593522 ], [ -0.387201729958449, 51.449521045686254 ], [ -0.387270767896923, 51.44951502201247 ] ], [ [ -0.375619872031385, 51.455946384217619 ], [ -0.375841134113906, 51.455772716363988 ], [ -0.37558637699198, 51.455971866005363 ], [ -0.375619872031385, 51.455946384217619 ] ], [ [ -0.376338030388306, 51.455383146771055 ], [ -0.376029700055205, 51.455624538978739 ], [ -0.376342352292216, 51.455379783385439 ], [ -0.376338030388306, 51.455383146771055 ] ], [ [ -0.376746399547668, 51.45506822365514 ], [ -0.377117594229627, 51.454773125738498 ], [ -0.37664523861179, 51.455143415071866 ], [ -0.376746399547668, 51.45506822365514 ] ], [ [ -0.377254705139875, 51.454665710090246 ], [ -0.377314952223878, 51.454618559498414 ], [ -0.37730326772335, 51.454627665113556 ], [ -0.377254705139875, 51.454665710090246 ] ] ], [ [ [ -0.489014923211465, 51.479288967510705 ], [ -0.490110341658239, 51.479666387585461 ], [ -0.487432072614281, 51.481610040268876 ], [ -0.489014923211465, 51.479288967510705 ] ] ], [ [ [ -0.502996423822913, 51.481203219314182 ], [ -0.502127614359988, 51.481913362511555 ], [ -0.503010680681672, 51.480430474982739 ], [ -0.502996423822913, 51.481203219314182 ] ] ], [ [ [ -0.486009176704173, 51.483044154453253 ], [ -0.488771339836887, 51.483061779478504 ], [ -0.494510109733148, 51.47946422994734 ], [ -0.492042635548577, 51.483407556298509 ], [ -0.486009176704173, 51.483044154453253 ] ] ], [ [ [ -0.417459584239773, 51.483970519604981 ], [ -0.416568472779186, 51.483744986361067 ], [ -0.417981487235339, 51.484313505476976 ], [ -0.433692635064142, 51.487794472274814 ], [ -0.434329076682263, 51.49114667390382 ], [ -0.412013963816106, 51.491636134670401 ], [ -0.428539849006896, 51.493756615289762 ], [ -0.409241389251186, 51.500328871916423 ], [ -0.381431869323068, 51.490941711247267 ], [ -0.396567501884464, 51.475871260884119 ], [ -0.408591370230291, 51.484375961291654 ], [ -0.415139008894116, 51.480935548070413 ], [ -0.417789759091747, 51.481405813238965 ], [ -0.417459584239773, 51.483970519604981 ] ], [ [ -0.416941713248759, 51.482503066317491 ], [ -0.416922941833596, 51.482506768616972 ], [ -0.416897349110013, 51.482536400519464 ], [ -0.416941713248759, 51.482503066317491 ] ], [ [ -0.416878818753721, 51.48235101068498 ], [ -0.416882598944886, 51.482351601250826 ], [ -0.416874753424492, 51.4823477937991 ], [ -0.416878818753721, 51.48235101068498 ] ], [ [ -0.416423078484124, 51.482102368771812 ], [ -0.416437575879737, 51.482138200810319 ], [ -0.416469081113131, 51.482163041693795 ], [ -0.416423078484124, 51.482102368771812 ] ], [ [ -0.41653776189277, 51.481508297932045 ], [ -0.416532323147758, 51.481525690065709 ], [ -0.416623172217311, 51.481404819435852 ], [ -0.41653776189277, 51.481508297932045 ] ], [ [ -0.413032559699172, 51.48792343779467 ], [ -0.413013261192227, 51.487994358370493 ], [ -0.413008165480492, 51.488042497960755 ], [ -0.413032559699172, 51.48792343779467 ] ], [ [ -0.413088552189991, 51.487795986536383 ], [ -0.413076112020834, 51.487822065796792 ], [ -0.413094640824613, 51.487786137427562 ], [ -0.413088552189991, 51.487795986536383 ] ], [ [ -0.413308317952186, 51.487270037127708 ], [ -0.4133128932144, 51.4873236473234 ], [ -0.413330467082698, 51.487345511691366 ], [ -0.413308317952186, 51.487270037127708 ] ], [ [ -0.413351838880194, 51.48721018659942 ], [ -0.413320132749573, 51.48724508552592 ], [ -0.413315383964495, 51.487255437175783 ], [ -0.413351838880194, 51.48721018659942 ] ], [ [ -0.413460127347472, 51.487184051671328 ], [ -0.413475968137924, 51.487179321125041 ], [ -0.41338197189396, 51.487193790508222 ], [ -0.413460127347472, 51.487184051671328 ] ], [ [ -0.414190951469891, 51.48682699944645 ], [ -0.414148817550656, 51.486892481892923 ], [ -0.414105592621366, 51.486986774097886 ], [ -0.414190951469891, 51.48682699944645 ] ], [ [ -0.414614739695555, 51.486328346168897 ], [ -0.414589206617131, 51.486391327843549 ], [ -0.414572611891004, 51.486419489209723 ], [ -0.414598330899732, 51.486395316960127 ], [ -0.414614739695555, 51.486328346168897 ] ], [ [ -0.414634438443894, 51.486244508596307 ], [ -0.414631386624819, 51.486260403460818 ], [ -0.414635479679131, 51.486240874989434 ], [ -0.414634438443894, 51.486244508596307 ] ], [ [ -0.41398311716899, 51.486126843056226 ], [ -0.413989562307413, 51.486149847606441 ], [ -0.414008512936014, 51.486163267097787 ], [ -0.41398311716899, 51.486126843056226 ] ], [ [ -0.414026885916681, 51.486032652664584 ], [ -0.413992028226239, 51.486078772898509 ], [ -0.41398351082927, 51.486115496717382 ], [ -0.414026885916681, 51.486032652664584 ] ], [ [ -0.414412408148327, 51.485791393332377 ], [ -0.414319278156948, 51.48583485534882 ], [ -0.414482803376863, 51.485760506710967 ], [ -0.414412408148327, 51.485791393332377 ] ], [ [ -0.414730856385891, 51.485592443600119 ], [ -0.41467313405485, 51.485645779734021 ], [ -0.414643789309682, 51.485668092050609 ], [ -0.414730856385891, 51.485592443600119 ] ], [ [ -0.415578070436802, 51.484140370848067 ], [ -0.415528143564092, 51.484186442553778 ], [ -0.415197971080568, 51.484761576089738 ], [ -0.415578070436802, 51.484140370848067 ] ], [ [ -0.416328341349631, 51.482882920926066 ], [ -0.416327939681156, 51.48288313348624 ], [ -0.416327665440477, 51.482883319170895 ], [ -0.416328341349631, 51.482882920926066 ] ], [ [ -0.412880926034045, 51.488341530089698 ], [ -0.41278641580101, 51.488408755918854 ], [ -0.412844581716556, 51.488375215844336 ], [ -0.412880926034045, 51.488341530089698 ] ], [ [ -0.412994284747138, 51.48823646349171 ], [ -0.41296196792992, 51.488250589132257 ], [ -0.41293085997997, 51.488295248778989 ], [ -0.412994284747138, 51.48823646349171 ] ], [ [ -0.4105745066469, 51.496423473157492 ], [ -0.410565070620467, 51.496388435131088 ], [ -0.410566741782688, 51.49639821804314 ], [ -0.4105745066469, 51.496423473157492 ] ], [ [ -0.410561030713396, 51.496193625546866 ], [ -0.410554294773425, 51.496258357073543 ], [ -0.410575477261458, 51.496147339241304 ], [ -0.410561030713396, 51.496193625546866 ] ], [ [ -0.411069011481795, 51.495523414422287 ], [ -0.410883408849768, 51.495732239726671 ], [ -0.41074126850628, 51.495866933542736 ], [ -0.41092468747604, 51.495709965001815 ], [ -0.411069011481795, 51.495523414422287 ] ], [ [ -0.411256916570653, 51.495235863717184 ], [ -0.411169676965546, 51.495383453019613 ], [ -0.41114075461057, 51.495430680561554 ], [ -0.411188844629581, 51.49536852027942 ], [ -0.411256916570653, 51.495235863717184 ] ], [ [ -0.403191327671363, 51.491271365823152 ], [ -0.394799657896416, 51.491810361482941 ], [ -0.402859731986778, 51.492277291743861 ], [ -0.403191327671363, 51.491271365823152 ] ] ], [ [ [ -0.421123539471566, 51.484817985063344 ], [ -0.434076006373257, 51.482489666684415 ], [ -0.433716341737665, 51.487664079571751 ], [ -0.421123539471566, 51.484817985063344 ] ] ], [ [ [ -0.475759120673379, 51.489028440743986 ], [ -0.463271406637172, 51.481232919663114 ], [ -0.476073595115823, 51.484201594512825 ], [ -0.475759120673379, 51.489028440743986 ] ] ], [ [ [ -0.437538716010903, 51.488135242068815 ], [ -0.449039679275272, 51.482737150805704 ], [ -0.453440363866353, 51.489760533225073 ], [ -0.437538716010903, 51.488135242068815 ] ] ], [ [ [ -0.452881081749146, 51.485333219296074 ], [ -0.455035261410246, 51.48836460691976 ], [ -0.455929470327438, 51.489740649847072 ], [ -0.452881081749146, 51.485333219296074 ] ] ], [ [ [ -0.496785935424954, 51.488564566211821 ], [ -0.499056773899476, 51.48858124388493 ], [ -0.49604718862607, 51.490526514115608 ], [ -0.496785935424954, 51.488564566211821 ] ] ], [ [ [ -0.500205999230517, 51.483785340452897 ], [ -0.482728511086658, 51.487169951263731 ], [ -0.47874321698475, 51.487076433601388 ], [ -0.476390580262395, 51.483626511120725 ], [ -0.500205999230517, 51.483785340452897 ] ] ], [ [ [ -0.495698959823566, 51.490025282898188 ], [ -0.495689601171933, 51.490980847251542 ], [ -0.495184020209661, 51.49122966636493 ], [ -0.495698959823566, 51.490025282898188 ] ] ], [ [ [ -0.495012862693609, 51.490216590056804 ], [ -0.494227761894205, 51.492742388144592 ], [ -0.49367501555099, 51.492742122735073 ], [ -0.495012862693609, 51.490216590056804 ] ] ], [ [ [ -0.457572063837092, 51.492830965575564 ], [ -0.469826362918092, 51.489367675452264 ], [ -0.47375464479486, 51.489886681271315 ], [ -0.457572063837092, 51.492830965575564 ] ] ], [ [ [ -0.435346260756042, 51.491484684422801 ], [ -0.437816032875393, 51.488346777288719 ], [ -0.453542739040405, 51.490385314092158 ], [ -0.452403756167953, 51.495163473814316 ], [ -0.4288549891232, 51.493475775543288 ], [ -0.435346260756042, 51.491484684422801 ] ] ], [ [ [ -0.494982026114896, 51.491823983814953 ], [ -0.494990723723875, 51.49240023813018 ], [ -0.494807704161363, 51.492587660244752 ], [ -0.494982026114896, 51.491823983814953 ] ] ], [ [ [ -0.492899155895035, 51.492470019568515 ], [ -0.493475134923506, 51.492770659399476 ], [ -0.49189020476872, 51.493067713361135 ], [ -0.492899155895035, 51.492470019568515 ] ] ], [ [ [ -0.45406528104925, 51.490968798825634 ], [ -0.45655471777726, 51.490064058552825 ], [ -0.456889223656762, 51.492567936631119 ], [ -0.458612863416665, 51.4943202059521 ], [ -0.45406528104925, 51.490968798825634 ] ] ], [ [ [ -0.468945186552297, 51.494794716567959 ], [ -0.460406536588976, 51.493916487826091 ], [ -0.469210148463259, 51.492543848795115 ], [ -0.468945186552297, 51.494794716567959 ] ] ], [ [ [ -0.487642041083978, 51.49417222142111 ], [ -0.490681679854405, 51.493680090961576 ], [ -0.482733309725818, 51.494191618071802 ], [ -0.487642041083978, 51.49417222142111 ] ] ], [ [ [ -0.430018574016166, 51.493988395433433 ], [ -0.428759340487881, 51.493773939952611 ], [ -0.433136751020895, 51.494140666900705 ], [ -0.430018574016166, 51.493988395433433 ] ] ], [ [ [ -0.488148204608675, 51.494744642418233 ], [ -0.486435731307853, 51.494546539682013 ], [ -0.49000549395747, 51.494740970323498 ], [ -0.48952624128226, 51.495193628472272 ], [ -0.488148204608675, 51.494744642418233 ] ] ], [ [ [ -0.442892102254509, 51.495285696283005 ], [ -0.439965225181828, 51.494714166298991 ], [ -0.452826984295637, 51.49716592467022 ], [ -0.451407161400851, 51.497408425829917 ], [ -0.442892102254509, 51.495285696283005 ] ] ], [ [ [ -0.454287748625127, 51.496341147875654 ], [ -0.454744785780851, 51.497132325069295 ], [ -0.453309145726735, 51.497200241573466 ], [ -0.454287748625127, 51.496341147875654 ] ] ], [ [ [ -0.456703091165663, 51.49788294207606 ], [ -0.455868191803546, 51.496996184409042 ], [ -0.45706762304582, 51.496222949407787 ], [ -0.456703091165663, 51.49788294207606 ] ] ], [ [ [ -0.433847912225879, 51.494374636544102 ], [ -0.450626395837897, 51.50207478814233 ], [ -0.431406785095301, 51.495290062519942 ], [ -0.433847912225879, 51.494374636544102 ] ] ], [ [ [ -0.47129765306188, 51.504189516644317 ], [ -0.479404546508763, 51.494695167066034 ], [ -0.489702168262911, 51.495466211187306 ], [ -0.47129765306188, 51.504189516644317 ] ] ], [ [ [ -0.454532119846203, 51.50484936019707 ], [ -0.452970248639438, 51.498456657573378 ], [ -0.456668090481834, 51.49802595563785 ], [ -0.454532119846203, 51.50484936019707 ] ] ], [ [ [ -0.449214476947417, 51.503801464237704 ], [ -0.4509629858469, 51.504322863825493 ], [ -0.448806086573163, 51.504426506969835 ], [ -0.449214476947417, 51.503801464237704 ] ] ], [ [ [ -0.485642748415247, 51.502408043477338 ], [ -0.480170686879722, 51.503839969163636 ], [ -0.482352102101605, 51.500659827424556 ], [ -0.485642748415247, 51.502408043477338 ] ] ], [ [ [ -0.405198246247863, 51.505820950984877 ], [ -0.406654584733839, 51.504042180841267 ], [ -0.405191122133642, 51.506025009340881 ], [ -0.405198246247863, 51.505820950984877 ] ] ], [ [ [ -0.454467908611272, 51.508524097506921 ], [ -0.458721623798628, 51.510695770817968 ], [ -0.453901654782264, 51.509018974636902 ], [ -0.45299186373479, 51.511195140961917 ], [ -0.451288106041745, 51.511448010551362 ], [ -0.450524523512364, 51.511365470400271 ], [ -0.449821163527512, 51.509141046808296 ], [ -0.450495935705067, 51.508012326420982 ], [ -0.454467908611272, 51.508524097506921 ] ], [ [ -0.449920458584905, 51.509330684930632 ], [ -0.449937078474165, 51.509303492916509 ], [ -0.450261528719893, 51.508674012316803 ], [ -0.449920458584905, 51.509330684930632 ] ], [ [ -0.450216531589746, 51.508806103845451 ], [ -0.452239260565468, 51.511247960526163 ], [ -0.453142321982419, 51.508583934554402 ], [ -0.450216531589746, 51.508806103845451 ] ] ], [ [ [ -0.426455537942597, 51.512488669177671 ], [ -0.432510952308926, 51.5089490054539 ], [ -0.433357597277528, 51.512434178058179 ], [ -0.436691498001588, 51.514173380493368 ], [ -0.426455537942597, 51.512488669177671 ] ] ], [ [ [ -0.425686922312815, 51.510274758962957 ], [ -0.424549012579807, 51.512318994810961 ], [ -0.423719427843368, 51.510288247312893 ], [ -0.425686922312815, 51.510274758962957 ] ] ], [ [ [ -0.424089949668351, 51.51122942008918 ], [ -0.423078253985941, 51.512377464486711 ], [ -0.423589516582006, 51.510880820094229 ], [ -0.424089949668351, 51.51122942008918 ] ] ], [ [ [ -0.447529979599392, 51.518029697556031 ], [ -0.440376366876439, 51.517261395963011 ], [ -0.433246612977639, 51.510006512779348 ], [ -0.449761318738332, 51.507981224844706 ], [ -0.447529979599392, 51.518029697556031 ] ], [ [ -0.444285333921106, 51.508756357014803 ], [ -0.446659462555702, 51.511253672075227 ], [ -0.44635373798367, 51.509346611558364 ], [ -0.444285333921106, 51.508756357014803 ] ] ], [ [ [ -0.462342699843322, 51.512523683371498 ], [ -0.451998901630149, 51.516968650417411 ], [ -0.450669144373681, 51.51189381183017 ], [ -0.462342699843322, 51.512523683371498 ] ] ], [ [ [ -0.472598679256712, 51.513787896583594 ], [ -0.47348550610093, 51.51569905061492 ], [ -0.471173785394127, 51.517027467292067 ], [ -0.472598679256712, 51.513787896583594 ] ] ], [ [ [ -0.421256464165901, 51.522510253128949 ], [ -0.423612705462635, 51.515069672307916 ], [ -0.427097309834354, 51.517731080040825 ], [ -0.421256464165901, 51.522510253128949 ] ] ], [ [ [ -0.453333706467274, 51.520538136475373 ], [ -0.451723591491201, 51.520991188316934 ], [ -0.4527447600166, 51.517864684363481 ], [ -0.454622678306318, 51.52042917923599 ], [ -0.453333706467274, 51.520538136475373 ] ] ], [ [ [ -0.478887975343067, 51.511619023324052 ], [ -0.490840024943289, 51.526586308894331 ], [ -0.485977850220597, 51.529751990551667 ], [ -0.486049492485589, 51.524789512406109 ], [ -0.478887975343067, 51.511619023324052 ] ] ], [ [ [ -0.477195931711575, 51.517960255232367 ], [ -0.467209713962207, 51.526862208899267 ], [ -0.474886691396688, 51.515722955145009 ], [ -0.477195931711575, 51.517960255232367 ] ] ], [ [ [ -0.455214229800148, 51.520506925872006 ], [ -0.451285590126836, 51.526367275427575 ], [ -0.448111360130595, 51.522937691080216 ], [ -0.455214229800148, 51.520506925872006 ] ] ], [ [ [ -0.482783913408811, 51.526376144243656 ], [ -0.485401568501991, 51.528538154367368 ], [ -0.481385890076049, 51.528502514923396 ], [ -0.482783913408811, 51.526376144243656 ] ] ], [ [ [ -0.407498981666783, 51.524311101893169 ], [ -0.411470165247775, 51.534039574651892 ], [ -0.399232816940601, 51.525122374377673 ], [ -0.407498981666783, 51.524311101893169 ] ] ], [ [ [ -0.435970207781785, 51.535265902290398 ], [ -0.428825591370224, 51.524325652034733 ], [ -0.441399842794582, 51.53025454591485 ], [ -0.441548597485884, 51.534935152983493 ], [ -0.435970207781785, 51.535265902290398 ] ] ], [ [ [ -0.461388621408234, 51.532079970221154 ], [ -0.464627373622343, 51.52797200538609 ], [ -0.465695525218924, 51.531000721569157 ], [ -0.468580760052208, 51.534801089420512 ], [ -0.461388621408234, 51.532079970221154 ] ] ], [ [ [ -0.476209261487969, 51.537090538064788 ], [ -0.46482041844498, 51.527883287418334 ], [ -0.482374494165973, 51.532563033920745 ], [ -0.476209261487969, 51.537090538064788 ] ] ], [ [ [ -0.460311982439627, 51.530610884304878 ], [ -0.45799657592926, 51.534863196709132 ], [ -0.457220660078262, 51.529690014496865 ], [ -0.460311982439627, 51.530610884304878 ] ] ], [ [ [ -0.493559644234155, 51.540799741440601 ], [ -0.490370287448381, 51.534392450183994 ], [ -0.489219826344634, 51.529607879778737 ], [ -0.486046554068298, 51.529888169942595 ], [ -0.489061451700267, 51.529149620456025 ], [ -0.495451135187754, 51.538283390865367 ], [ -0.49549022081213, 51.538533081212186 ], [ -0.493559644234155, 51.540799741440601 ] ], [ [ -0.495327325255548, 51.538479447793407 ], [ -0.495333265552617, 51.538455417081224 ], [ -0.495322109151788, 51.538498793052703 ], [ -0.495327325255548, 51.538479447793407 ] ] ], [ [ [ -0.397146937790694, 51.538771710284102 ], [ -0.416675917456283, 51.532745950226911 ], [ -0.42223161458957, 51.538269215213276 ], [ -0.448367756268919, 51.536412267685307 ], [ -0.445978614213061, 51.551248134923462 ], [ -0.441021273168942, 51.550083762481705 ], [ -0.432368227825897, 51.549234658879072 ], [ -0.399447909972377, 51.547791028307607 ], [ -0.397146937790694, 51.538771710284102 ] ], [ [ -0.413374832122384, 51.534636899101827 ], [ -0.413313713622986, 51.534600841654026 ], [ -0.413306928907044, 51.534599657813139 ], [ -0.413374832122384, 51.534636899101827 ] ], [ [ -0.415933662730488, 51.536622679053835 ], [ -0.415969676617833, 51.536609231005826 ], [ -0.415714832087109, 51.536603945198017 ], [ -0.415933662730488, 51.536622679053835 ] ], [ [ -0.417302356322489, 51.536555029677004 ], [ -0.416880193799432, 51.536512260177538 ], [ -0.41732312482379, 51.536567174945425 ], [ -0.417302356322489, 51.536555029677004 ] ], [ [ -0.417478074677207, 51.537603790163089 ], [ -0.417519831844896, 51.537491443909651 ], [ -0.417451585943862, 51.537693458086068 ], [ -0.417478074677207, 51.537603790163089 ] ], [ [ -0.417491295399837, 51.537832753777735 ], [ -0.417500644692337, 51.537835168995343 ], [ -0.417487110237188, 51.537818072762555 ], [ -0.417491295399837, 51.537832753777735 ] ], [ [ -0.418632760363906, 51.538048343518348 ], [ -0.418395689095002, 51.538009590070544 ], [ -0.418855285646258, 51.538111101876936 ], [ -0.418632760363906, 51.538048343518348 ] ], [ [ -0.419587241829653, 51.538702701722279 ], [ -0.419625241058884, 51.538591480789009 ], [ -0.419582223679743, 51.538704847641583 ], [ -0.419587241829653, 51.538702701722279 ] ], [ [ -0.419498081183318, 51.538740829629113 ], [ -0.41876451618039, 51.538871764081726 ], [ -0.419378347749429, 51.538792031424975 ], [ -0.419498081183318, 51.538740829629113 ] ], [ [ -0.418619724397544, 51.538932814021564 ], [ -0.418190240823711, 51.539111870838013 ], [ -0.418197246174384, 51.539127900640253 ], [ -0.418619724397544, 51.538932814021564 ] ], [ [ -0.418935686344425, 51.539586071250405 ], [ -0.418864222420191, 51.539530881766566 ], [ -0.418798773066963, 51.539488264023426 ], [ -0.418935686344425, 51.539586071250405 ] ], [ [ -0.419385987764529, 51.539874750084266 ], [ -0.41938590274908, 51.539874660569055 ], [ -0.419385267975686, 51.539874374723851 ], [ -0.419385987764529, 51.539874750084266 ] ], [ [ -0.419526329741231, 51.540090472017916 ], [ -0.419528600807505, 51.540024911458303 ], [ -0.419446831802525, 51.539938814521548 ], [ -0.419526329741231, 51.540090472017916 ] ], [ [ -0.419492006479353, 51.540296438400674 ], [ -0.419523187983737, 51.540181167468674 ], [ -0.419526291082159, 51.540091588018107 ], [ -0.419492006479353, 51.540296438400674 ] ], [ [ -0.419356644962333, 51.540427486469703 ], [ -0.419204784665017, 51.540444280049137 ], [ -0.41948838582952, 51.540309823119884 ], [ -0.419356644962333, 51.540427486469703 ] ], [ [ -0.418955620042302, 51.54034144681053 ], [ -0.418664638720525, 51.540222578420369 ], [ -0.41899230061858, 51.540357426369113 ], [ -0.418955620042302, 51.54034144681053 ] ], [ [ -0.418246864369888, 51.540091781338553 ], [ -0.418425037974997, 51.540129166887965 ], [ -0.418163944020306, 51.540090663286719 ], [ -0.418246864369888, 51.540091781338553 ] ], [ [ -0.416607488778293, 51.540185994275859 ], [ -0.416649085713394, 51.540186555657456 ], [ -0.416667711407443, 51.540181051286666 ], [ -0.416607488778293, 51.540185994275859 ] ], [ [ -0.415324294477302, 51.540461865473425 ], [ -0.415684367113227, 51.540382002026064 ], [ -0.415851396340414, 51.540316604716025 ], [ -0.415324294477302, 51.540461865473425 ] ], [ [ -0.413199438653446, 51.540864694502488 ], [ -0.412472098677044, 51.541001471098333 ], [ -0.41348471320713, 51.540845084674118 ], [ -0.413199438653446, 51.540864694502488 ] ], [ [ -0.411156855910541, 51.541252282183358 ], [ -0.411476856492274, 51.541203126928785 ], [ -0.412274109694508, 51.541039226737674 ], [ -0.411156855910541, 51.541252282183358 ] ], [ [ -0.4095385197565, 51.541537772333704 ], [ -0.408623871844376, 51.541720538926455 ], [ -0.408693998926002, 51.541726637707306 ], [ -0.4095385197565, 51.541537772333704 ] ], [ [ -0.407882801886049, 51.541834295524048 ], [ -0.407885731912067, 51.541838493683265 ], [ -0.407953970068559, 51.54182337098149 ], [ -0.407882801886049, 51.541834295524048 ] ], [ [ -0.407945829059354, 51.541977096841805 ], [ -0.407941549108315, 51.541972521846027 ], [ -0.406645639620565, 51.542205604550098 ], [ -0.407945829059354, 51.541977096841805 ] ], [ [ -0.404989369661668, 51.54249825427577 ], [ -0.405716490776687, 51.542371300877882 ], [ -0.404882825413792, 51.542501227691474 ], [ -0.404989369661668, 51.54249825427577 ] ], [ [ -0.403287605817605, 51.542540752332748 ], [ -0.401346279309437, 51.542521308995838 ], [ -0.400974989992547, 51.542500875143105 ], [ -0.403287605817605, 51.542540752332748 ] ], [ [ -0.399011653002759, 51.542392823181764 ], [ -0.399077828730334, 51.542397696323967 ], [ -0.399157030011527, 51.542400823983982 ], [ -0.399011653002759, 51.542392823181764 ] ] ], [ [ [ -0.460286171955144, 51.537830786815761 ], [ -0.469526374677726, 51.544529156361435 ], [ -0.465260379793241, 51.545212376066956 ], [ -0.460286171955144, 51.537830786815761 ] ] ], [ [ [ -0.461440592863658, 51.544158848244933 ], [ -0.453844972070808, 51.540770262456533 ], [ -0.461613471870598, 51.541853046147921 ], [ -0.461440592863658, 51.544158848244933 ] ] ], [ [ [ -0.488423458738681, 51.547296040948019 ], [ -0.492051419554641, 51.542689563373557 ], [ -0.490809040126844, 51.544968076268525 ], [ -0.49143780984206, 51.545985775534461 ], [ -0.488423458738681, 51.547296040948019 ] ] ], [ [ [ -0.403076596136067, 51.549339487103751 ], [ -0.400506556336071, 51.549779708083577 ], [ -0.399795116074292, 51.548618762524441 ], [ -0.403076596136067, 51.549339487103751 ] ] ], [ [ [ -0.445998952018762, 51.551394663978456 ], [ -0.44434593004496, 51.553092193685465 ], [ -0.436364946386702, 51.549862241122725 ], [ -0.445998952018762, 51.551394663978456 ] ] ], [ [ [ -0.464601654430602, 51.547900173083079 ], [ -0.468557542123801, 51.558086221045329 ], [ -0.452151367876573, 51.553064885645391 ], [ -0.464601654430602, 51.547900173083079 ] ] ], [ [ [ -0.471033221813237, 51.552143163718803 ], [ -0.474165424854292, 51.55439796488983 ], [ -0.470276628130697, 51.554514899727536 ], [ -0.471033221813237, 51.552143163718803 ] ] ], [ [ [ -0.444250342777059, 51.553394593338801 ], [ -0.447636525241931, 51.55426306196717 ], [ -0.446024893933108, 51.55402921758013 ], [ -0.444250342777059, 51.553394593338801 ] ] ], [ [ [ -0.452136421146707, 51.553312530265202 ], [ -0.456863507221742, 51.554857524875267 ], [ -0.449809268210472, 51.554049696817899 ], [ -0.452136421146707, 51.553312530265202 ] ] ], [ [ [ -0.452291045581407, 51.565106329629494 ], [ -0.460030673263409, 51.55618517453636 ], [ -0.469168352358571, 51.559253749724029 ], [ -0.452291045581407, 51.565106329629494 ] ] ], [ [ [ -0.448116888902141, 51.554493615549788 ], [ -0.448691496525096, 51.554278901980531 ], [ -0.448607877631991, 51.554576339510675 ], [ -0.448116888902141, 51.554493615549788 ] ] ], [ [ [ -0.479015753033321, 51.55466967023321 ], [ -0.475972360489507, 51.555600153045056 ], [ -0.478253126937028, 51.554207520070157 ], [ -0.479015753033321, 51.55466967023321 ] ] ], [ [ [ -0.447681788741104, 51.554400752000454 ], [ -0.430701738254334, 51.56485089909615 ], [ -0.419659202124847, 51.557715660510844 ], [ -0.433473673548562, 51.549654043746543 ], [ -0.437470828401971, 51.550530693211563 ], [ -0.443717222717425, 51.553369095464248 ], [ -0.445815839800095, 51.554133154876986 ], [ -0.447681788741104, 51.554400752000454 ] ] ], [ [ [ -0.438814733080147, 51.562571665023839 ], [ -0.441775794092189, 51.562172150750861 ], [ -0.438303553372473, 51.562802008172213 ], [ -0.438814733080147, 51.562571665023839 ] ] ], [ [ [ -0.406983627236697, 51.559904574280822 ], [ -0.411678034051006, 51.565911035809989 ], [ -0.403947913815041, 51.563063616280054 ], [ -0.406983627236697, 51.559904574280822 ] ] ], [ [ [ -0.425052684219688, 51.569999951076483 ], [ -0.425713980671432, 51.566023754174637 ], [ -0.430631288976319, 51.56765038246472 ], [ -0.425052684219688, 51.569999951076483 ] ] ], [ [ [ -0.447827169198802, 51.579863461121327 ], [ -0.432717973950268, 51.572673128786732 ], [ -0.453675298810285, 51.566139495440702 ], [ -0.456190698524973, 51.571581428375175 ], [ -0.448321019600631, 51.577403357497943 ], [ -0.447827169198802, 51.579863461121327 ] ] ], [ [ [ -0.47071821150247, 51.559292026170887 ], [ -0.481193570957922, 51.560837986091272 ], [ -0.481460512822996, 51.571567984706817 ], [ -0.485841404141224, 51.587287676470233 ], [ -0.47071821150247, 51.559292026170887 ] ] ], [ [ [ -0.481970189621679, 51.562559547196678 ], [ -0.493298559189338, 51.583763399395643 ], [ -0.486041792156361, 51.587227874496143 ], [ -0.481970189621679, 51.562559547196678 ] ] ], [ [ [ -0.427212925393338, 51.57993323965497 ], [ -0.430757151146978, 51.578665602145882 ], [ -0.431500752583002, 51.579374118062063 ], [ -0.427212925393338, 51.57993323965497 ] ] ], [ [ [ -0.42912358463796, 51.580674484445744 ], [ -0.426352696839021, 51.58002598778846 ], [ -0.429265223893406, 51.580311225956734 ], [ -0.42912358463796, 51.580674484445744 ] ] ], [ [ [ -0.420907208149949, 51.579833917619311 ], [ -0.420574554218849, 51.583068912202165 ], [ -0.418445029104226, 51.580594721150121 ], [ -0.420907208149949, 51.579833917619311 ] ] ], [ [ [ -0.418233705422549, 51.580642124874473 ], [ -0.417657862674595, 51.583907274894599 ], [ -0.412558690288376, 51.583794910094738 ], [ -0.418233705422549, 51.580642124874473 ] ] ], [ [ [ -0.463438916498764, 51.564012537154873 ], [ -0.481052610738148, 51.600970949738219 ], [ -0.481225855374224, 51.602033185627569 ], [ -0.481286000080061, 51.602671498267142 ], [ -0.479673106455563, 51.60342294608887 ], [ -0.470348498882713, 51.596371308455979 ], [ -0.450675087508357, 51.589697312822487 ], [ -0.463438916498764, 51.564012537154873 ] ], [ [ -0.481031473646008, 51.600958644007811 ], [ -0.480856722780274, 51.600997374655648 ], [ -0.480873770199447, 51.600993596509142 ], [ -0.481031473646008, 51.600958644007811 ] ] ], [ [ [ -0.407172804697793, 51.590456459453549 ], [ -0.40490262987928, 51.586782618006609 ], [ -0.407634675735493, 51.589266937877206 ], [ -0.407172804697793, 51.590456459453549 ] ] ], [ [ [ -0.409874653305248, 51.599023709029254 ], [ -0.404330982876917, 51.593621373417051 ], [ -0.400984489269761, 51.590037279456141 ], [ -0.409874653305248, 51.599023709029254 ] ] ], [ [ [ -0.486075399119922, 51.58736620630993 ], [ -0.500642416738389, 51.598650297530725 ], [ -0.497293006142027, 51.604646302953768 ], [ -0.486075399119922, 51.58736620630993 ] ] ], [ [ [ -0.433285473264983, 51.611157975234228 ], [ -0.412132103551701, 51.601578614184625 ], [ -0.413028467501004, 51.585122275768313 ], [ -0.446550999027527, 51.602057565250441 ], [ -0.435703424051583, 51.611558697689212 ], [ -0.433285473264983, 51.611157975234228 ] ], [ [ -0.431295569870346, 51.609108318209152 ], [ -0.431281333467971, 51.609086339829567 ], [ -0.431295397373945, 51.60910881797674 ], [ -0.431295569870346, 51.609108318209152 ] ], [ [ -0.425755692495442, 51.604634708124145 ], [ -0.425829137232735, 51.604726684710123 ], [ -0.425842488687107, 51.604741139563771 ], [ -0.425755692495442, 51.604634708124145 ] ], [ [ -0.42570517094845, 51.604536632052771 ], [ -0.425684825965614, 51.604515500295861 ], [ -0.425706241643154, 51.604538742464101 ], [ -0.42570517094845, 51.604536632052771 ] ], [ [ -0.425746666016912, 51.604618457992679 ], [ -0.425748949148735, 51.604623549349689 ], [ -0.425750033470421, 51.604625098837857 ], [ -0.425746666016912, 51.604618457992679 ] ] ], [ [ [ -0.497407678225752, 51.608331998571302 ], [ -0.482846395780038, 51.596404503592069 ], [ -0.487837684169354, 51.595198786681614 ], [ -0.486318486712522, 51.593620883953996 ], [ -0.487541118835065, 51.593243264701734 ], [ -0.485936110669356, 51.591201923165812 ], [ -0.486942837285325, 51.590811456817868 ], [ -0.497407678225752, 51.608331998571302 ] ] ], [ [ [ -0.475298406075004, 51.601494884802079 ], [ -0.447754630117813, 51.604617510193457 ], [ -0.445145587503311, 51.598479930273591 ], [ -0.436852067894055, 51.589704350982664 ], [ -0.447883936574722, 51.579999504106802 ], [ -0.450534747596253, 51.589788592120939 ], [ -0.475298406075004, 51.601494884802079 ] ] ], [ [ [ -0.408689480196093, 51.609276465762214 ], [ -0.378995197769033, 51.617714371027354 ], [ -0.375445191495473, 51.610561409224609 ], [ -0.398264165480444, 51.605434327707385 ], [ -0.408689480196093, 51.609276465762214 ] ], [ [ -0.402662159749881, 51.608406357854989 ], [ -0.402733961692203, 51.608549779134961 ], [ -0.402779661186805, 51.608539551481378 ], [ -0.402662159749881, 51.608406357854989 ] ], [ [ -0.402488741261686, 51.607835641769817 ], [ -0.402477655534798, 51.607777918304485 ], [ -0.402483138518035, 51.607835565526827 ], [ -0.402488741261686, 51.607835641769817 ] ] ], [ [ [ -0.470316707579992, 51.606405831155364 ], [ -0.472569546173194, 51.619036837868933 ], [ -0.457761867128336, 51.61253994538076 ], [ -0.470316707579992, 51.606405831155364 ] ] ], [ [ [ -0.497257252787721, 51.614809919521399 ], [ -0.498629722160337, 51.610641734600051 ], [ -0.498787556405469, 51.610715848063499 ], [ -0.497772661802127, 51.614489030716378 ], [ -0.497257252787721, 51.614809919521399 ] ] ], [ [ [ -0.473498934278686, 51.619549995768239 ], [ -0.49139695406076, 51.605666316240004 ], [ -0.500301961280494, 51.628933990348898 ], [ -0.49152631399767, 51.630756007235647 ], [ -0.473498934278686, 51.619549995768239 ] ], [ [ -0.486191500960865, 51.614951107007833 ], [ -0.483251835175646, 51.613710020728092 ], [ -0.485451550004899, 51.616026047738714 ], [ -0.486191500960865, 51.614951107007833 ] ] ], [ [ [ -0.435319255261676, 51.619011967534739 ], [ -0.437724123684751, 51.618880204496179 ], [ -0.443677071165838, 51.619033879233342 ], [ -0.435319255261676, 51.619011967534739 ] ] ], [ [ [ -0.341582796631214, 51.405067962661256 ], [ -0.341638366059736, 51.405161371150449 ], [ -0.34154010184523, 51.405115468052173 ], [ -0.341582796631214, 51.405067962661256 ] ] ], [ [ [ -0.346139512764761, 51.40737516755928 ], [ -0.345094469338073, 51.406941718841161 ], [ -0.344565784778317, 51.406650990553103 ], [ -0.346139512764761, 51.40737516755928 ] ] ], [ [ [ -0.352591982628618, 51.410502687775896 ], [ -0.355544475447148, 51.410811675827496 ], [ -0.365298087821212, 51.411898619607094 ], [ -0.352591982628618, 51.410502687775896 ] ] ], [ [ [ -0.34761178605664, 51.407947521279723 ], [ -0.347812436955731, 51.40814503622466 ], [ -0.347419228793409, 51.408004156308039 ], [ -0.34761178605664, 51.407947521279723 ] ] ], [ [ [ -0.366474535142469, 51.411126837684847 ], [ -0.373027702817881, 51.408643464427108 ], [ -0.378542226047066, 51.4078629108838 ], [ -0.383820779927664, 51.410018009149425 ], [ -0.379077094912708, 51.409888203916928 ], [ -0.375501436315765, 51.410107570355031 ], [ -0.364724581481767, 51.412395542954897 ], [ -0.366474535142469, 51.411126837684847 ] ], [ [ -0.373249102076593, 51.410346102039114 ], [ -0.373283867584764, 51.408961304758783 ], [ -0.367920839113097, 51.410750871186863 ], [ -0.373249102076593, 51.410346102039114 ] ] ], [ [ [ -0.374945489832975, 51.410275215101201 ], [ -0.39034062931802, 51.414348092168403 ], [ -0.368842040525038, 51.412523059663641 ], [ -0.374945489832975, 51.410275215101201 ] ] ], [ [ [ -0.346324256113786, 51.425460984670124 ], [ -0.341343497134433, 51.420522565375506 ], [ -0.312258478106414, 51.411052864134149 ], [ -0.342632660266757, 51.408519724322773 ], [ -0.341968926643663, 51.405323865565563 ], [ -0.346324256113786, 51.425460984670124 ] ] ], [ [ [ -0.386292538531075, 51.414401226804912 ], [ -0.386879656555176, 51.419851955689943 ], [ -0.378041728163385, 51.413616515398822 ], [ -0.386292538531075, 51.414401226804912 ] ] ], [ [ [ -0.359009312938438, 51.422053539766893 ], [ -0.362714331370159, 51.425495484358542 ], [ -0.362127510609592, 51.427143684605163 ], [ -0.364226860014115, 51.428172953226564 ], [ -0.361581913058981, 51.42739683908276 ], [ -0.359009312938438, 51.422053539766893 ] ] ], [ [ [ -0.385438051601466, 51.428376208542332 ], [ -0.382666651449481, 51.43248922962092 ], [ -0.377592618179066, 51.428312846605181 ], [ -0.385438051601466, 51.428376208542332 ] ] ], [ [ [ -0.369312661597629, 51.432232833524409 ], [ -0.36919784027886, 51.432467735671281 ], [ -0.36507992021287, 51.426841841507169 ], [ -0.366678211237149, 51.425969380649043 ], [ -0.373758077539863, 51.42939364961579 ], [ -0.369312661597629, 51.432232833524409 ] ], [ [ -0.367376548341356, 51.42700059937939 ], [ -0.368818593546545, 51.428730747808601 ], [ -0.369655690584419, 51.427777205291143 ], [ -0.367376548341356, 51.42700059937939 ] ] ], [ [ [ -0.361589010427578, 51.439202586828841 ], [ -0.35221860915676, 51.432964969449863 ], [ -0.356328603464482, 51.430798448314711 ], [ -0.370254096587582, 51.433934693775655 ], [ -0.376113467687319, 51.435505593899585 ], [ -0.361589010427578, 51.439202586828841 ] ], [ [ -0.36167901575827, 51.437209785603244 ], [ -0.36184895132587, 51.437185183300024 ], [ -0.361698149857324, 51.437207013588647 ], [ -0.36167901575827, 51.437209785603244 ] ], [ [ -0.369317678681214, 51.433785328883715 ], [ -0.369317788044998, 51.433785174587271 ], [ -0.369279200388206, 51.433839305383302 ], [ -0.369317678681214, 51.433785328883715 ] ], [ [ -0.364310539184694, 51.436923014477848 ], [ -0.364389367062391, 51.436915814387334 ], [ -0.364124490754992, 51.436939994767116 ], [ -0.364310539184694, 51.436923014477848 ] ], [ [ -0.3629386397075, 51.437049333779854 ], [ -0.36307292424474, 51.437035921928178 ], [ -0.36305000927464, 51.437038209736905 ], [ -0.3629386397075, 51.437049333779854 ] ] ], [ [ [ -0.346071403404405, 51.438838106922972 ], [ -0.339626638551823, 51.438171039800409 ], [ -0.346608727640823, 51.434656131176418 ], [ -0.346071403404405, 51.438838106922972 ] ] ], [ [ [ -0.33215891542441, 51.435226424910589 ], [ -0.337523614489641, 51.434491218395742 ], [ -0.333662446423629, 51.439129531459429 ], [ -0.33215891542441, 51.435226424910589 ] ] ], [ [ [ -0.328966593481496, 51.432964934187645 ], [ -0.332364149796051, 51.441374457032474 ], [ -0.325358387092805, 51.44722845802827 ], [ -0.323285540368955, 51.448107961813172 ], [ -0.32132794938128, 51.446862826176599 ], [ -0.318900049585127, 51.446671568233874 ], [ -0.315753508588278, 51.447473490508614 ], [ -0.315387662507906, 51.447091002481955 ], [ -0.315323497789806, 51.447109656917384 ], [ -0.317676732452549, 51.451490584340469 ], [ -0.308613848095286, 51.45020735829965 ], [ -0.308123304440707, 51.456703139719842 ], [ -0.305861306030399, 51.458005398571672 ], [ -0.304387638296013, 51.457142406154922 ], [ -0.302800409183854, 51.453327340826199 ], [ -0.299266153253233, 51.449166138961765 ], [ -0.298835469964195, 51.446852883653499 ], [ -0.304338888120419, 51.447348063880426 ], [ -0.302786493019082, 51.444426442489636 ], [ -0.310306112148107, 51.441109853362207 ], [ -0.306890354939249, 51.432563170983606 ], [ -0.31367357457138, 51.441937985179429 ], [ -0.322800805735958, 51.438360003273026 ], [ -0.307002656004026, 51.427560040547434 ], [ -0.314452012834292, 51.428249667422868 ], [ -0.309177379107842, 51.425637381721813 ], [ -0.306126761785567, 51.421817855656634 ], [ -0.308783167576878, 51.411272261548618 ], [ -0.307789156908944, 51.423480292785356 ], [ -0.309704617620698, 51.423783999210599 ], [ -0.314490212333887, 51.427786206971476 ], [ -0.316939680360805, 51.426090359594077 ], [ -0.319939106943098, 51.42936910907283 ], [ -0.322519811186181, 51.429307161675766 ], [ -0.322226081722721, 51.429863563681174 ], [ -0.328966593481496, 51.432964934187645 ] ], [ [ -0.31527367873575, 51.447120154533678 ], [ -0.31526346160753, 51.447122489612156 ], [ -0.315323497789806, 51.447109656917384 ], [ -0.31527367873575, 51.447120154533678 ] ], [ [ -0.311536394616816, 51.426105272418887 ], [ -0.311747427396499, 51.425962005100168 ], [ -0.311751056786375, 51.425959539490776 ], [ -0.311536394616816, 51.426105272418887 ] ], [ [ -0.323662406536657, 51.446089161798 ], [ -0.325338504743266, 51.444296938843095 ], [ -0.322870005538838, 51.445505462038973 ], [ -0.323662406536657, 51.446089161798 ] ], [ [ -0.310218066293615, 51.446924744904955 ], [ -0.310342266776292, 51.446894747765299 ], [ -0.310296687697616, 51.446905754000703 ], [ -0.310218066293615, 51.446924744904955 ] ], [ [ -0.305696950514143, 51.448584822624994 ], [ -0.305733338236847, 51.448554324661814 ], [ -0.305706454469202, 51.44852246267908 ], [ -0.305696950514143, 51.448584822624994 ] ], [ [ -0.303618180249295, 51.450393818832694 ], [ -0.303591006363254, 51.450422992697654 ], [ -0.303659202729611, 51.450349792036988 ], [ -0.303618180249295, 51.450393818832694 ] ], [ [ -0.322084743584606, 51.429885190672856 ], [ -0.322099983127543, 51.429901145563655 ], [ -0.322106129385438, 51.429890442631063 ], [ -0.322084743584606, 51.429885190672856 ] ], [ [ -0.313805708607968, 51.429109041309886 ], [ -0.314002678444593, 51.428846850193786 ], [ -0.313695163348775, 51.42925493639207 ], [ -0.313805708607968, 51.429109041309886 ] ], [ [ -0.307200669714849, 51.422804555298306 ], [ -0.307180197405886, 51.422755250766272 ], [ -0.307194236992916, 51.422789076309634 ], [ -0.307200669714849, 51.422804555298306 ] ], [ [ -0.307205994086385, 51.422816942860962 ], [ -0.307238419044219, 51.4228923272616 ], [ -0.307200669714849, 51.422804555298306 ], [ -0.307205994086385, 51.422816942860962 ] ], [ [ -0.307381569469476, 51.423083920563435 ], [ -0.307342510315929, 51.423033663120272 ], [ -0.307342894571489, 51.423034163254179 ], [ -0.307381569469476, 51.423083920563435 ] ], [ [ -0.307602761198135, 51.423366994459236 ], [ -0.307445563094184, 51.423164192942743 ], [ -0.307589869265043, 51.423350370114441 ], [ -0.307602761198135, 51.423366994459236 ] ], [ [ -0.307680298463128, 51.423463995032833 ], [ -0.30765638652087, 51.423433863244739 ], [ -0.307673469797944, 51.423455395028128 ], [ -0.307680298463128, 51.423463995032833 ] ], [ [ -0.307738823476947, 51.423538466648424 ], [ -0.307734007727966, 51.423532552027616 ], [ -0.307738341901991, 51.423537875186362 ], [ -0.307738823476947, 51.423538466648424 ] ], [ [ -0.307985043599304, 51.423765033983209 ], [ -0.307903185288799, 51.42370315325163 ], [ -0.307969623257009, 51.423753381978045 ], [ -0.307985043599304, 51.423765033983209 ] ], [ [ -0.30810459483324, 51.423818915913117 ], [ -0.308102388658848, 51.423820232935462 ], [ -0.308102535737141, 51.42382014513398 ], [ -0.30810459483324, 51.423818915913117 ] ], [ [ -0.309404074949636, 51.424561558065463 ], [ -0.309328216743757, 51.424337001599866 ], [ -0.309399186140613, 51.424547090644829 ], [ -0.309404074949636, 51.424561558065463 ] ], [ [ -0.309517224107176, 51.424828017552251 ], [ -0.309552898306296, 51.42486226271803 ], [ -0.309570013230717, 51.424878686959438 ], [ -0.309517224107176, 51.424828017552251 ] ], [ [ -0.311518980357704, 51.426070400662063 ], [ -0.311509281105713, 51.426060369256149 ], [ -0.311516209047778, 51.426067537114072 ], [ -0.311518980357704, 51.426070400662063 ] ], [ [ -0.306665496417931, 51.421387257868396 ], [ -0.307019015612475, 51.422446280164337 ], [ -0.307113568933097, 51.42255375678382 ], [ -0.306665496417931, 51.421387257868396 ] ], [ [ -0.309275254662245, 51.424719765536999 ], [ -0.309069445882177, 51.423865661509794 ], [ -0.308304526487603, 51.423721535844983 ], [ -0.308577567231831, 51.424624271487914 ], [ -0.310128643715673, 51.425624572253334 ], [ -0.309275254662245, 51.424719765536999 ] ], [ [ -0.306777770018429, 51.421307048504559 ], [ -0.306930841227468, 51.421348826486728 ], [ -0.306918226319601, 51.421300984259226 ], [ -0.306777770018429, 51.421307048504559 ] ], [ [ -0.307388631519031, 51.421259668650066 ], [ -0.307484064920324, 51.421284876757831 ], [ -0.307529529131649, 51.421280587406635 ], [ -0.307388631519031, 51.421259668650066 ] ], [ [ -0.321090421153384, 51.429677166474683 ], [ -0.321101111572056, 51.429660233979561 ], [ -0.321062598485375, 51.429670922890743 ], [ -0.321090421153384, 51.429677166474683 ] ], [ [ -0.318242400615299, 51.445085317195094 ], [ -0.318218539270503, 51.445088122233585 ], [ -0.318415051446107, 51.445066212044011 ], [ -0.318242400615299, 51.445085317195094 ] ], [ [ -0.319690424970798, 51.444918139515195 ], [ -0.319662949532073, 51.444921792286472 ], [ -0.319674980865246, 51.444920193230985 ], [ -0.319690424970798, 51.444918139515195 ] ], [ [ -0.319785092983275, 51.444906906995023 ], [ -0.319766313106843, 51.444908885936201 ], [ -0.319778664347734, 51.44490758820465 ], [ -0.319785092983275, 51.444906906995023 ] ], [ [ -0.321756057514963, 51.444478693377128 ], [ -0.321500365773309, 51.444554696459761 ], [ -0.321768787503163, 51.444474909962018 ], [ -0.321756057514963, 51.444478693377128 ] ], [ [ -0.322528763974141, 51.441210302363579 ], [ -0.322600024678871, 51.441554108040648 ], [ -0.322551386018419, 51.44131941624363 ], [ -0.322528763974141, 51.441210302363579 ] ], [ [ -0.322417662177381, 51.440688501567486 ], [ -0.322455202664026, 51.440861693065322 ], [ -0.322433663207381, 51.440762315444644 ], [ -0.322417662177381, 51.440688501567486 ] ], [ [ -0.312786510469122, 51.442121750862157 ], [ -0.312758428171862, 51.442093874847949 ], [ -0.312799065612505, 51.442143018781969 ], [ -0.312786510469122, 51.442121750862157 ] ], [ [ -0.311832345809703, 51.443024977171021 ], [ -0.311866649244395, 51.443020744204539 ], [ -0.311936395192669, 51.443002414835412 ], [ -0.311832345809703, 51.443024977171021 ] ], [ [ -0.30441138533413, 51.444255233617241 ], [ -0.30381005798638, 51.444706083566913 ], [ -0.304582240572147, 51.444505005333802 ], [ -0.30441138533413, 51.444255233617241 ] ], [ [ -0.308999923030163, 51.445337584821921 ], [ -0.308997333933592, 51.445338291079182 ], [ -0.309008309208546, 51.44535399728089 ], [ -0.308999923030163, 51.445337584821921 ] ], [ [ -0.307918795200912, 51.445630980015181 ], [ -0.308043659134543, 51.44560066125657 ], [ -0.308116277531918, 51.445583023050887 ], [ -0.307918795200912, 51.445630980015181 ] ], [ [ -0.307651004032688, 51.445652009301519 ], [ -0.307636490868118, 51.44562375610289 ], [ -0.307643109519092, 51.445636649438242 ], [ -0.307651004032688, 51.445652009301519 ] ], [ [ -0.307605145408013, 51.445562750223097 ], [ -0.307631256125598, 51.445613565477721 ], [ -0.30759670207236, 51.445546298099543 ], [ -0.307605145408013, 51.445562750223097 ] ], [ [ -0.316320339547966, 51.44657834507337 ], [ -0.317717316669294, 51.446470707527794 ], [ -0.318445165500488, 51.44644023429408 ], [ -0.317853103200958, 51.446437135948024 ], [ -0.316320339547966, 51.44657834507337 ] ], [ [ -0.307253278169561, 51.456934275724059 ], [ -0.307243407239882, 51.456928737766113 ], [ -0.307248201501159, 51.456931432767277 ], [ -0.307253278169561, 51.456934275724059 ] ], [ [ -0.307264577121019, 51.456941677741419 ], [ -0.307343958758548, 51.456992686687236 ], [ -0.307253278169561, 51.456934275724059 ], [ -0.307264577121019, 51.456941677741419 ] ], [ [ -0.30488492184069, 51.456432182806637 ], [ -0.304921498907344, 51.456466702935408 ], [ -0.304908717841122, 51.456454639178773 ], [ -0.30488492184069, 51.456432182806637 ] ], [ [ -0.30488492184069, 51.456432182806637 ], [ -0.304791909719998, 51.456344349015637 ], [ -0.304749269942267, 51.456304084958063 ], [ -0.30488492184069, 51.456432182806637 ] ], [ [ -0.304149072085746, 51.455574816310644 ], [ -0.304146928168936, 51.455578292339233 ], [ -0.304153818139384, 51.45556715148858 ], [ -0.304149072085746, 51.455574816310644 ] ], [ [ -0.30400471278219, 51.455395946361648 ], [ -0.304027463924273, 51.455403460407737 ], [ -0.30400481304357, 51.45539324109685 ], [ -0.30400471278219, 51.455395946361648 ] ], [ [ -0.302857363640285, 51.451405428440317 ], [ -0.302855093946269, 51.451404421168142 ], [ -0.302851889462189, 51.451403013137501 ], [ -0.302857363640285, 51.451405428440317 ] ], [ [ -0.308517348810171, 51.450111995354895 ], [ -0.308408058721463, 51.450031734871935 ], [ -0.308465365627285, 51.450073827908973 ], [ -0.308517348810171, 51.450111995354895 ] ], [ [ -0.304433565187662, 51.451649157419553 ], [ -0.304474051817917, 51.451605230504619 ], [ -0.30445635406878, 51.451597331002326 ], [ -0.304433565187662, 51.451649157419553 ] ], [ [ -0.306063091870758, 51.450293241086271 ], [ -0.306013601649354, 51.450314143763933 ], [ -0.306086703561436, 51.450283276938507 ], [ -0.306063091870758, 51.450293241086271 ] ], [ [ -0.306967131418847, 51.449845474684089 ], [ -0.30698398879356, 51.449833677280807 ], [ -0.307052083771678, 51.449786002670727 ], [ -0.306967131418847, 51.449845474684089 ] ], [ [ -0.307221937954636, 51.449668406593595 ], [ -0.307291773235708, 51.449620747981406 ], [ -0.307293545185299, 51.449619532612424 ], [ -0.307221937954636, 51.449668406593595 ] ] ], [ [ [ -0.365395389029222, 51.442247034449586 ], [ -0.364702689906223, 51.440873231815281 ], [ -0.367589108391379, 51.441296534670343 ], [ -0.365395389029222, 51.442247034449586 ] ] ], [ [ [ -0.370561432852297, 51.440409728136181 ], [ -0.379630109379269, 51.442365924741004 ], [ -0.385055886614588, 51.44474424206949 ], [ -0.382614936507684, 51.446302217143362 ], [ -0.366234361356986, 51.442265024132844 ], [ -0.370561432852297, 51.440409728136181 ] ], [ [ -0.367469927827233, 51.441806612527948 ], [ -0.367522006051151, 51.441826599381848 ], [ -0.367539178445413, 51.441832145531798 ], [ -0.367469927827233, 51.441806612527948 ] ], [ [ -0.367714048250144, 51.441888623047035 ], [ -0.367689735602869, 51.441880692273884 ], [ -0.367622062401564, 51.441858914475148 ], [ -0.367714048250144, 51.441888623047035 ] ], [ [ -0.367870600447216, 51.441937113374088 ], [ -0.367913302557658, 51.441949160547274 ], [ -0.367762170884442, 51.441903528505527 ], [ -0.367870600447216, 51.441937113374088 ] ], [ [ -0.36823595349704, 51.442043730291694 ], [ -0.368312007377806, 51.442067802120569 ], [ -0.368331620560317, 51.442073805795815 ], [ -0.36823595349704, 51.442043730291694 ] ], [ [ -0.368605773574648, 51.442156394438065 ], [ -0.368565327670477, 51.442144977261584 ], [ -0.368692832391623, 51.442183439499914 ], [ -0.368605773574648, 51.442156394438065 ] ], [ [ -0.368810925511451, 51.442219031253309 ], [ -0.368810959993778, 51.442219073098002 ], [ -0.368839806438834, 51.442228680231274 ], [ -0.368810925511451, 51.442219031253309 ] ], [ [ -0.36907504319438, 51.44229873274616 ], [ -0.369052719377063, 51.442292156300319 ], [ -0.369018259230564, 51.442283984388531 ], [ -0.36907504319438, 51.44229873274616 ] ], [ [ -0.369229104433508, 51.442333086563949 ], [ -0.369220636760619, 51.442331781781895 ], [ -0.369278960741811, 51.442341760778596 ], [ -0.369229104433508, 51.442333086563949 ] ], [ [ -0.36943540222088, 51.44236355455449 ], [ -0.369435380680828, 51.44236355162429 ], [ -0.369449442833494, 51.44236661239546 ], [ -0.36943540222088, 51.44236355455449 ] ], [ [ -0.369526262919744, 51.442384056538884 ], [ -0.369528061049935, 51.442386415064988 ], [ -0.369553480878708, 51.442395708894999 ], [ -0.369526262919744, 51.442384056538884 ] ], [ [ -0.369594462336885, 51.442411255537493 ], [ -0.369593604731925, 51.442410930329096 ], [ -0.369596056007059, 51.44241197061821 ], [ -0.369594462336885, 51.442411255537493 ] ], [ [ -0.369652148340214, 51.442437139280131 ], [ -0.369652160932132, 51.442437149346851 ], [ -0.369669546413851, 51.442445640150531 ], [ -0.369652148340214, 51.442437139280131 ] ], [ [ -0.369745517055258, 51.442483835648453 ], [ -0.369731023912409, 51.442476415479973 ], [ -0.369758461242832, 51.442490554243705 ], [ -0.369745517055258, 51.442483835648453 ] ], [ [ -0.369815451617473, 51.442518969225361 ], [ -0.369815443242269, 51.442519002380635 ], [ -0.369824520717966, 51.442523198848235 ], [ -0.369815451617473, 51.442518969225361 ] ], [ [ -0.369907656935501, 51.442561694444407 ], [ -0.369899007357537, 51.442557714825895 ], [ -0.369912303302637, 51.442563879616657 ], [ -0.369907656935501, 51.442561694444407 ] ], [ [ -0.370013054454047, 51.442610446248324 ], [ -0.370016455149758, 51.442612170606147 ], [ -0.3700218539556, 51.442614517309174 ], [ -0.370013054454047, 51.442610446248324 ] ], [ [ -0.370146820244414, 51.442668836500573 ], [ -0.370207234412814, 51.442702322837945 ], [ -0.370143491411741, 51.442667389554352 ], [ -0.370146820244414, 51.442668836500573 ] ], [ [ -0.370419662383558, 51.442846181961833 ], [ -0.370408879480318, 51.442836019083011 ], [ -0.370325380242444, 51.442780656783761 ], [ -0.370419662383558, 51.442846181961833 ] ], [ [ -0.370583007240875, 51.442969477865716 ], [ -0.370602537870001, 51.442984058856091 ], [ -0.370659151377207, 51.443024843021973 ], [ -0.370583007240875, 51.442969477865716 ] ], [ [ -0.370781106869714, 51.443081400102002 ], [ -0.370781100764919, 51.443081409908757 ], [ -0.370782086873903, 51.443081743236 ], [ -0.370781106869714, 51.443081400102002 ] ], [ [ -0.37088270462426, 51.443116973055943 ], [ -0.370882719741327, 51.443116993049209 ], [ -0.370885248487634, 51.443117868732685 ], [ -0.37088270462426, 51.443116973055943 ] ], [ [ -0.371051898462504, 51.443174775579607 ], [ -0.371115937482555, 51.443194870267149 ], [ -0.371138183126364, 51.443199606290641 ], [ -0.371051898462504, 51.443174775579607 ] ], [ [ -0.371146010391848, 51.443201659480124 ], [ -0.371168065718065, 51.443205935755564 ], [ -0.371201452050173, 51.443210593096467 ], [ -0.371146010391848, 51.443201659480124 ] ], [ [ -0.371504598938708, 51.443251526260923 ], [ -0.371523164243733, 51.443252986428867 ], [ -0.371416769836261, 51.443241403593923 ], [ -0.371504598938708, 51.443251526260923 ] ], [ [ -0.372344856916078, 51.443436298163427 ], [ -0.37232782074301, 51.443429303878673 ], [ -0.37232772654899, 51.443429278018705 ], [ -0.372344856916078, 51.443436298163427 ] ], [ [ -0.372416509436061, 51.443464246643146 ], [ -0.372416530179129, 51.443464270311232 ], [ -0.372416846590179, 51.443464433672688 ], [ -0.372416509436061, 51.443464246643146 ] ], [ [ -0.372463097954805, 51.443490095411114 ], [ -0.372463050140459, 51.443490064173311 ], [ -0.372447857557373, 51.44348163638999 ], [ -0.372450393290071, 51.443483174766413 ], [ -0.372463097954805, 51.443490095411114 ] ], [ [ -0.372537247260719, 51.443528851321403 ], [ -0.372537264488354, 51.443528892925393 ], [ -0.372538707561236, 51.443529550459623 ], [ -0.372537247260719, 51.443528851321403 ] ], [ [ -0.372682941522161, 51.4435955998661 ], [ -0.372692309705251, 51.443599836713886 ], [ -0.372708945186346, 51.443604701670139 ], [ -0.372682941522161, 51.4435955998661 ] ], [ [ -0.372990190508986, 51.443660173397788 ], [ -0.37296896153631, 51.443656565090699 ], [ -0.372838073023424, 51.443636740723491 ], [ -0.372990190508986, 51.443660173397788 ] ], [ [ -0.373092995814526, 51.443669240193834 ], [ -0.373156134071137, 51.443667422090321 ], [ -0.373168195053439, 51.443666263921152 ], [ -0.373092995814526, 51.443669240193834 ] ], [ [ -0.373168788235268, 51.443666201401314 ], [ -0.373211043520675, 51.443660990164915 ], [ -0.373225306095933, 51.443658091090704 ], [ -0.373168788235268, 51.443666201401314 ] ], [ [ -0.37329265818695, 51.44364393443314 ], [ -0.373225716732949, 51.443658019971984 ], [ -0.373240719505127, 51.443656006544053 ], [ -0.37329265818695, 51.44364393443314 ] ], [ [ -0.373293828624641, 51.443643670408278 ], [ -0.373324201951582, 51.443635133659178 ], [ -0.373341567518653, 51.443628241944758 ], [ -0.373293828624641, 51.443643670408278 ] ], [ [ -0.373356386573751, 51.443620293226523 ], [ -0.373368871948044, 51.443610872518541 ], [ -0.373341714150504, 51.44362818375231 ], [ -0.373356386573751, 51.443620293226523 ] ], [ [ -0.37355962483126, 51.443509359721347 ], [ -0.373559581362829, 51.44350932764506 ], [ -0.373494395265329, 51.443560228192823 ], [ -0.373549892997499, 51.443520015533373 ], [ -0.37355962483126, 51.443509359721347 ] ], [ [ -0.373577168267196, 51.443485882770993 ], [ -0.373583179033228, 51.443474166692965 ], [ -0.373589208756656, 51.44346160216967 ], [ -0.373577168267196, 51.443485882770993 ] ], [ [ -0.373594727742089, 51.44342270615153 ], [ -0.373589417012615, 51.443461145871467 ], [ -0.373593437681713, 51.443448680800188 ], [ -0.373594727742089, 51.44342270615153 ] ], [ [ -0.373594610652424, 51.443420509765183 ], [ -0.373594075545116, 51.443410472138204 ], [ -0.373590412681403, 51.443395074919415 ], [ -0.373594610652424, 51.443420509765183 ] ], [ [ -0.373580495574246, 51.443302022015459 ], [ -0.373576939215461, 51.443265007856922 ], [ -0.373573870238936, 51.443251169812015 ], [ -0.373580495574246, 51.443302022015459 ] ], [ [ -0.373592244764606, 51.443158211159989 ], [ -0.373594662981281, 51.443149683086318 ], [ -0.373590214210279, 51.443163896603991 ], [ -0.373592244764606, 51.443158211159989 ] ], [ [ -0.373618609325493, 51.443123495939268 ], [ -0.373618659280941, 51.443123507423124 ], [ -0.373619445565297, 51.44312285082367 ], [ -0.373618609325493, 51.443123495939268 ] ], [ [ -0.373624867775278, 51.443118667870145 ], [ -0.373626793126674, 51.443117325614452 ], [ -0.373632666807188, 51.443112651321883 ], [ -0.373624867775278, 51.443118667870145 ] ], [ [ -0.373634042120967, 51.443111716649597 ], [ -0.373645186250603, 51.443105890716708 ], [ -0.37364694120482, 51.443104725241149 ], [ -0.373634042120967, 51.443111716649597 ] ], [ [ -0.373663951383603, 51.443095505585781 ], [ -0.373680405576489, 51.443091158264693 ], [ -0.373664217755528, 51.443095361210027 ], [ -0.373663951383603, 51.443095505585781 ] ], [ [ -0.373887067194772, 51.443037501414487 ], [ -0.373778886612336, 51.443065589016605 ], [ -0.37390046685213, 51.443034689892748 ], [ -0.373887067194772, 51.443037501414487 ] ], [ [ -0.374062716223704, 51.443001032744988 ], [ -0.374132793373361, 51.442989908510093 ], [ -0.374168531771383, 51.44298389712835 ], [ -0.374062716223704, 51.443001032744988 ] ], [ [ -0.374339012994039, 51.442967110772585 ], [ -0.374418618300211, 51.442964197386303 ], [ -0.374462767839155, 51.442961368638215 ], [ -0.374339012994039, 51.442967110772585 ] ], [ [ -0.374848030526986, 51.44297278253346 ], [ -0.37484855663704, 51.442972855908138 ], [ -0.374855103995991, 51.442973661361606 ], [ -0.374848030526986, 51.44297278253346 ] ], [ [ -0.375276041125853, 51.443048500386283 ], [ -0.375361919228144, 51.443063600174987 ], [ -0.375386406575796, 51.443067584769267 ], [ -0.375276041125853, 51.443048500386283 ] ], [ [ -0.375596427554449, 51.443104614474237 ], [ -0.375499422980628, 51.443087182636724 ], [ -0.375562093540751, 51.443099645754103 ], [ -0.375596427554449, 51.443104614474237 ] ], [ [ -0.375596490211411, 51.443104620135813 ], [ -0.375643163098906, 51.443106164471402 ], [ -0.375668328852551, 51.443105167053659 ], [ -0.375596490211411, 51.443104620135813 ] ], [ [ -0.37578952771033, 51.443097401541806 ], [ -0.375875513300241, 51.443091046411539 ], [ -0.375668350479948, 51.443105166196474 ], [ -0.37578952771033, 51.443097401541806 ] ], [ [ -0.376033001035503, 51.443072862721948 ], [ -0.376159583598796, 51.44304992261646 ], [ -0.376276891693752, 51.443025089868719 ], [ -0.376033001035503, 51.443072862721948 ] ], [ [ -0.376284335224034, 51.443023546872276 ], [ -0.376400228716899, 51.442999751117917 ], [ -0.376410329819699, 51.442996767845493 ], [ -0.376284335224034, 51.443023546872276 ] ], [ [ -0.376551654520352, 51.442949692507163 ], [ -0.376655360261423, 51.442886370018577 ], [ -0.37649500394959, 51.442971760081342 ], [ -0.376551654520352, 51.442949692507163 ] ], [ [ -0.376655400977365, 51.442886334009998 ], [ -0.376678370787544, 51.442866019846896 ], [ -0.376698732910355, 51.442845275742201 ], [ -0.376655400977365, 51.442886334009998 ] ], [ [ -0.376701848307259, 51.442841848064432 ], [ -0.376738226636111, 51.442801204470868 ], [ -0.376769084878518, 51.442765486740846 ], [ -0.376701848307259, 51.442841848064432 ] ], [ [ -0.376825547864058, 51.442692257194828 ], [ -0.376825502036072, 51.442692291630486 ], [ -0.37677377182771, 51.442759742342368 ], [ -0.376801388967703, 51.442724295168546 ], [ -0.376825547864058, 51.442692257194828 ] ], [ [ -0.376895443983, 51.442606868665067 ], [ -0.37684789698697, 51.442658588619537 ], [ -0.37692461665844, 51.442582416178162 ], [ -0.376895443983, 51.442606868665067 ] ], [ [ -0.377067126948764, 51.442492827799562 ], [ -0.37706716447013, 51.442492824722059 ], [ -0.377075611958031, 51.442488975462261 ], [ -0.377067126948764, 51.442492827799562 ] ], [ [ -0.377120543642632, 51.442468575719701 ], [ -0.377107958869479, 51.442474289418946 ], [ -0.377136327848976, 51.442464003652766 ], [ -0.377120543642632, 51.442468575719701 ] ], [ [ -0.377235648405502, 51.442440720663697 ], [ -0.377263395883665, 51.442437090816227 ], [ -0.37730024071892, 51.442431873320814 ], [ -0.377235648405502, 51.442440720663697 ] ], [ [ -0.377723439484268, 51.442416059018235 ], [ -0.377708497649226, 51.442416488354731 ], [ -0.377902980892375, 51.442422467905224 ], [ -0.377723439484268, 51.442416059018235 ] ], [ [ -0.378154988678685, 51.442464821025062 ], [ -0.378144474479432, 51.442462841297441 ], [ -0.378167342787208, 51.442468189566831 ], [ -0.378154988678685, 51.442464821025062 ] ], [ [ -0.378280570262271, 51.442503327126168 ], [ -0.37828053305933, 51.442503321216144 ], [ -0.378280823468885, 51.442503443393377 ], [ -0.378280570262271, 51.442503327126168 ] ], [ [ -0.378596901957431, 51.442649740395105 ], [ -0.378469677327125, 51.44259120180439 ], [ -0.378764890105346, 51.442712606932794 ], [ -0.378596901957431, 51.442649740395105 ] ], [ [ -0.37908394469522, 51.442813786053854 ], [ -0.379124455426597, 51.442828825438824 ], [ -0.379157078708506, 51.442840654437312 ], [ -0.37908394469522, 51.442813786053854 ] ], [ [ -0.379330443880067, 51.442938477207782 ], [ -0.379437636449304, 51.443005808200553 ], [ -0.379438795255495, 51.443006460947686 ], [ -0.379330443880067, 51.442938477207782 ] ], [ [ -0.379547007424685, 51.443085503832719 ], [ -0.379570722816391, 51.443107912527331 ], [ -0.379570842799734, 51.443108057061302 ], [ -0.379570748100449, 51.443107929962274 ], [ -0.379547007424685, 51.443085503832719 ] ], [ [ -0.379612314097289, 51.443193907533782 ], [ -0.379612286516015, 51.443193914346445 ], [ -0.379619138513394, 51.443258251737355 ], [ -0.379612314097289, 51.443193907533782 ] ], [ [ -0.379609010799476, 51.443327449527942 ], [ -0.379609000852174, 51.443327405327921 ], [ -0.379577561981118, 51.443357684472033 ], [ -0.379609010799476, 51.443327449527942 ] ], [ [ -0.379525915395283, 51.443399118318062 ], [ -0.379525881704211, 51.443399094472291 ], [ -0.379525172429491, 51.443399540843174 ], [ -0.379525915395283, 51.443399118318062 ] ], [ [ -0.37942022735457, 51.44345698352182 ], [ -0.379434864009587, 51.443450899298064 ], [ -0.379434956808807, 51.443450846523092 ], [ -0.37942022735457, 51.44345698352182 ] ], [ [ -0.379405471441338, 51.443464059365198 ], [ -0.379381973579919, 51.443480734061396 ], [ -0.37937312796919, 51.443490355837376 ], [ -0.379405471441338, 51.443464059365198 ] ], [ [ -0.379360740279491, 51.443511464142134 ], [ -0.379366199443843, 51.443500292877303 ], [ -0.379368580606704, 51.443496839643252 ], [ -0.379366171894177, 51.443500298791115 ], [ -0.379360740279491, 51.443511464142134 ] ], [ [ -0.379353766377918, 51.44356664550731 ], [ -0.379357469411023, 51.443522266817126 ], [ -0.379368591470823, 51.443612584718835 ], [ -0.379353766377918, 51.44356664550731 ] ], [ [ -0.37938311663192, 51.443631371719519 ], [ -0.379410661003525, 51.443658052947391 ], [ -0.379368674829452, 51.443612748793534 ], [ -0.37938311663192, 51.443631371719519 ] ], [ [ -0.379412440674109, 51.443659571705126 ], [ -0.379435381303263, 51.443679304035442 ], [ -0.379460846779358, 51.443699101294186 ], [ -0.379412440674109, 51.443659571705126 ] ], [ [ -0.379779087103562, 51.443919556494208 ], [ -0.379534787279591, 51.44374987580396 ], [ -0.379753387461788, 51.443903112807085 ], [ -0.379779087103562, 51.443919556494208 ] ], [ [ -0.37982544227395, 51.443981442820132 ], [ -0.379830268056059, 51.443988289742791 ], [ -0.379818211787047, 51.443970616101538 ], [ -0.37982544227395, 51.443981442820132 ] ], [ [ -0.37984078421798, 51.444016303261861 ], [ -0.379840757876736, 51.444016275021539 ], [ -0.379840773184208, 51.4440164594251 ], [ -0.37984078421798, 51.444016303261861 ] ], [ [ -0.37982694561055, 51.444081278664989 ], [ -0.37978255227241, 51.444133202990265 ], [ -0.379837877576279, 51.444057441559522 ], [ -0.37982694561055, 51.444081278664989 ] ], [ [ -0.379732444367739, 51.444165432379016 ], [ -0.379705443965667, 51.444180313765578 ], [ -0.379618708734108, 51.4442385871033 ], [ -0.379732444367739, 51.444165432379016 ] ], [ [ -0.379616273687362, 51.444240223097104 ], [ -0.37961626466117, 51.44424022916138 ], [ -0.379681871971777, 51.444274953730286 ], [ -0.379616273687362, 51.444240223097104 ] ], [ [ -0.379961346421233, 51.444414778287239 ], [ -0.379822308629359, 51.444349195404342 ], [ -0.379983688187863, 51.444427223586267 ], [ -0.379961346421233, 51.444414778287239 ] ], [ [ -0.380178573427092, 51.444534406134586 ], [ -0.380378143865512, 51.44462170689004 ], [ -0.380109274929646, 51.444498800392942 ], [ -0.380178573427092, 51.444534406134586 ] ], [ [ -0.380383004430569, 51.444623507842621 ], [ -0.380408222547034, 51.444632448198 ], [ -0.38043427145216, 51.444641042059978 ], [ -0.380383004430569, 51.444623507842621 ] ], [ [ -0.38043856787459, 51.444642429694014 ], [ -0.380480077580032, 51.44465547209419 ], [ -0.380507483117396, 51.444663020799894 ], [ -0.38043856787459, 51.444642429694014 ] ], [ [ -0.380556015206583, 51.444674153869272 ], [ -0.380569239963918, 51.444677386170092 ], [ -0.380598513721981, 51.444683792578026 ], [ -0.380556015206583, 51.444674153869272 ] ], [ [ -0.381067903895275, 51.444758460256018 ], [ -0.381067865061126, 51.444758459719743 ], [ -0.381085509024088, 51.444760955345522 ], [ -0.381067903895275, 51.444758460256018 ] ], [ [ -0.381380255412049, 51.444802728321292 ], [ -0.382334749014859, 51.444966585267437 ], [ -0.382681283214577, 51.445030464609133 ], [ -0.382432458069916, 51.444983520784454 ], [ -0.381927948270726, 51.444893493706793 ], [ -0.381380255412049, 51.444802728321292 ] ], [ [ -0.383053525049686, 51.445149589245979 ], [ -0.383053365467116, 51.445149517944841 ], [ -0.383053636881013, 51.445149647110838 ], [ -0.383053525049686, 51.445149589245979 ] ], [ [ -0.383179365490761, 51.445214702836864 ], [ -0.383179318321844, 51.445214734558803 ], [ -0.383184388884659, 51.445217960699793 ], [ -0.383179365490761, 51.445214702836864 ] ] ], [ [ [ -0.357681234839989, 51.442068179995573 ], [ -0.344417401602865, 51.452293809189861 ], [ -0.331662125131134, 51.450511082032726 ], [ -0.357681234839989, 51.442068179995573 ] ] ], [ [ [ -0.371340940850385, 51.446605730453562 ], [ -0.368471439372938, 51.450918499648594 ], [ -0.366907771770373, 51.44984732161182 ], [ -0.371340940850385, 51.446605730453562 ] ] ], [ [ [ -0.344343163645405, 51.452571155682968 ], [ -0.344840333448193, 51.45368405729829 ], [ -0.344629259068176, 51.453733862489628 ], [ -0.344343163645405, 51.452571155682968 ] ] ], [ [ [ -0.351049460917484, 51.456763038550832 ], [ -0.344103622375025, 51.453940907753086 ], [ -0.351000161037972, 51.455506831865335 ], [ -0.351049460917484, 51.456763038550832 ] ] ], [ [ [ -0.350355409785915, 51.505406214157951 ], [ -0.315606970824162, 51.489888021334124 ], [ -0.371872304029537, 51.490475782667566 ], [ -0.350355409785915, 51.505406214157951 ] ], [ [ -0.331491037770858, 51.495577887456086 ], [ -0.331581816883133, 51.495600433450164 ], [ -0.331422534981826, 51.49556073119151 ], [ -0.331491037770858, 51.495577887456086 ] ], [ [ -0.365631915300121, 51.493508275276866 ], [ -0.364618433278759, 51.494090937148236 ], [ -0.364287434685337, 51.494305041464187 ], [ -0.365631915300121, 51.493508275276866 ] ], [ [ -0.363560784399553, 51.495490430477133 ], [ -0.363340598232193, 51.495601363850867 ], [ -0.363318250439884, 51.495632772800519 ], [ -0.363560784399553, 51.495490430477133 ] ], [ [ -0.363074312683958, 51.495899342580728 ], [ -0.363103069289687, 51.495892372952063 ], [ -0.363107294276273, 51.495887234873919 ], [ -0.363074312683958, 51.495899342580728 ] ], [ [ -0.362830989767059, 51.495935679693858 ], [ -0.362810113049179, 51.495933411680618 ], [ -0.362798911577806, 51.495933839368547 ], [ -0.362830989767059, 51.495935679693858 ] ], [ [ -0.362496343961779, 51.49600499456232 ], [ -0.362494013650061, 51.496005473005212 ], [ -0.362510789185621, 51.496000750946514 ], [ -0.362496343961779, 51.49600499456232 ] ], [ [ -0.361943542085293, 51.496074586312091 ], [ -0.361769070913515, 51.496160424111338 ], [ -0.362085467749471, 51.496052841768524 ], [ -0.361943542085293, 51.496074586312091 ] ], [ [ -0.361752138015293, 51.49616853777237 ], [ -0.36174330268112, 51.4961766099267 ], [ -0.361743385191969, 51.496189089703712 ], [ -0.361752138015293, 51.49616853777237 ] ], [ [ -0.36115387290416, 51.496466559326826 ], [ -0.361125407762803, 51.49647461632167 ], [ -0.361092709598895, 51.496489158208249 ], [ -0.36115387290416, 51.496466559326826 ] ], [ [ -0.360998424525855, 51.496531043229915 ], [ -0.360982769225362, 51.496537718675626 ], [ -0.360992860753528, 51.496533894597071 ], [ -0.360998424525855, 51.496531043229915 ] ], [ [ -0.360968005357015, 51.496544014013217 ], [ -0.360957720453116, 51.496548399513046 ], [ -0.360960661429706, 51.496547379073753 ], [ -0.360968005357015, 51.496544014013217 ] ], [ [ -0.360922796606124, 51.496559884236248 ], [ -0.360932272910931, 51.496557319881383 ], [ -0.360941908858673, 51.49655388570843 ], [ -0.360922796606124, 51.496559884236248 ] ], [ [ -0.360900866878754, 51.496568568254176 ], [ -0.360872177102995, 51.496582576721771 ], [ -0.360875960090231, 51.496580805780283 ], [ -0.360900866878754, 51.496568568254176 ] ], [ [ -0.360793855147121, 51.49661795375598 ], [ -0.36079238505013, 51.496618468990853 ], [ -0.360806323267539, 51.496613405080915 ], [ -0.360793855147121, 51.49661795375598 ] ], [ [ -0.360558709537621, 51.496687360744147 ], [ -0.359886110390419, 51.496863268337975 ], [ -0.359826239115544, 51.496896245847992 ], [ -0.360558709537621, 51.496687360744147 ] ], [ [ -0.359814211907778, 51.496901512212645 ], [ -0.359638119288821, 51.496971722724531 ], [ -0.359530591753397, 51.497025701233476 ], [ -0.359814211907778, 51.496901512212645 ] ], [ [ -0.35937092103362, 51.497104345483883 ], [ -0.359275485439922, 51.497160018777649 ], [ -0.359270861360426, 51.497163362824026 ], [ -0.35937092103362, 51.497104345483883 ] ], [ [ -0.359139469964052, 51.497236326414608 ], [ -0.359071154937565, 51.497281153953168 ], [ -0.359198456249337, 51.497206068910636 ], [ -0.359139469964052, 51.497236326414608 ] ], [ [ -0.35896079950091, 51.497346243955306 ], [ -0.358680710949347, 51.497511286048159 ], [ -0.358665465734325, 51.497520876815706 ], [ -0.35896079950091, 51.497346243955306 ] ], [ [ -0.35847686738888, 51.497633929672766 ], [ -0.358143272709406, 51.497748268300086 ], [ -0.358603548765628, 51.497559164916389 ], [ -0.35847686738888, 51.497633929672766 ] ], [ [ -0.358121594459236, 51.497754661752474 ], [ -0.358042472876551, 51.497772762581704 ], [ -0.357856612322596, 51.497787371714296 ], [ -0.358121594459236, 51.497754661752474 ] ], [ [ -0.357663361457583, 51.497781299047148 ], [ -0.357590841469562, 51.49778917325488 ], [ -0.357735880785261, 51.497788190098859 ], [ -0.357663361457583, 51.497781299047148 ] ], [ [ -0.357491525960145, 51.497792282698477 ], [ -0.357374019459295, 51.497790731889346 ], [ -0.357220542035835, 51.497811374437283 ], [ -0.357491525960145, 51.497792282698477 ] ], [ [ -0.356977000853466, 51.497841356457414 ], [ -0.356773640196356, 51.49789461304772 ], [ -0.357135238203372, 51.497821926417032 ], [ -0.356977000853466, 51.497841356457414 ] ], [ [ -0.356695299834476, 51.497911107384375 ], [ -0.355945729557182, 51.49813236888621 ], [ -0.356016539707321, 51.498121052736202 ], [ -0.356695299834476, 51.497911107384375 ] ], [ [ -0.355799500803052, 51.498155737661925 ], [ -0.35551634323272, 51.498157100935138 ], [ -0.355296852260552, 51.498181531472014 ], [ -0.355610571347507, 51.498185930424626 ], [ -0.355799500803052, 51.498155737661925 ] ], [ [ -0.355092214809267, 51.498226426126955 ], [ -0.355130341284051, 51.498215813551937 ], [ -0.35512723165899, 51.498212325377267 ], [ -0.355092214809267, 51.498226426126955 ] ], [ [ -0.354601924560284, 51.498285338919011 ], [ -0.354672305991141, 51.498263578785483 ], [ -0.35461429113631, 51.498259158010264 ], [ -0.354601924560284, 51.498285338919011 ] ], [ [ -0.353222160466673, 51.498571071250765 ], [ -0.351873725469689, 51.498867781281554 ], [ -0.354160212252139, 51.498400822444871 ], [ -0.353222160466673, 51.498571071250765 ] ], [ [ -0.350244751158568, 51.499104481056072 ], [ -0.350192973160312, 51.499097420683555 ], [ -0.35029521630556, 51.499108557671185 ], [ -0.350244751158568, 51.499104481056072 ] ], [ [ -0.347259616786773, 51.497911832959524 ], [ -0.347076678804168, 51.497836642752205 ], [ -0.346965079356271, 51.497795237493229 ], [ -0.347259616786773, 51.497911832959524 ] ], [ [ -0.344756588459091, 51.49698351875692 ], [ -0.344571860603592, 51.496915757684668 ], [ -0.344764615093073, 51.496986504309042 ], [ -0.344756588459091, 51.49698351875692 ] ], [ [ -0.340763778623304, 51.496088356743435 ], [ -0.340737710037106, 51.496089876324952 ], [ -0.340676458300377, 51.496098049650413 ], [ -0.340763778623304, 51.496088356743435 ] ], [ [ -0.340634529550446, 51.496104449475617 ], [ -0.340619625135049, 51.496106724421885 ], [ -0.340597828876255, 51.496110345833159 ], [ -0.340634529550446, 51.496104449475617 ] ], [ [ -0.340257796185073, 51.496143316246282 ], [ -0.34041913904028, 51.496135711456482 ], [ -0.339825950742347, 51.496165073100599 ], [ -0.340257796185073, 51.496143316246282 ] ], [ [ -0.339746688735961, 51.49616885186807 ], [ -0.339697539026816, 51.496171885242475 ], [ -0.339658451731634, 51.496175377541405 ], [ -0.339746688735961, 51.49616885186807 ] ], [ [ -0.339584820989901, 51.49618152629872 ], [ -0.33952562329842, 51.496186098696562 ], [ -0.339658451731634, 51.496175377541405 ], [ -0.339584820989901, 51.49618152629872 ] ], [ [ -0.339451988139223, 51.496189084888499 ], [ -0.339428242915163, 51.496188748688517 ], [ -0.339466016173851, 51.496188728273786 ], [ -0.339451988139223, 51.496189084888499 ] ], [ [ -0.339428242915163, 51.496188748688517 ], [ -0.339230092343625, 51.496192685397077 ], [ -0.338823321662062, 51.496200759962832 ], [ -0.338851021340403, 51.496200352237231 ], [ -0.339428242915163, 51.496188748688517 ] ], [ [ -0.337569946603115, 51.496214225798155 ], [ -0.337566738309951, 51.496214068782301 ], [ -0.337554382093364, 51.49621393901338 ], [ -0.337569946603115, 51.496214225798155 ] ], [ [ -0.337444321295383, 51.49621278311983 ], [ -0.337308217134256, 51.496215527880601 ], [ -0.337294079010181, 51.496216100912662 ], [ -0.337444321295383, 51.49621278311983 ] ], [ [ -0.336998059715266, 51.496222637891861 ], [ -0.33643211969035, 51.496214700819898 ], [ -0.335976459727299, 51.496208596409502 ], [ -0.336998059715266, 51.496222637891861 ] ], [ [ -0.335454988502754, 51.496169991601768 ], [ -0.335413443349095, 51.496166086260516 ], [ -0.335399733240573, 51.496165074064479 ], [ -0.335454988502754, 51.496169991601768 ] ], [ [ -0.335388844352635, 51.496164270154779 ], [ -0.335290708283464, 51.496157242983237 ], [ -0.335138810673472, 51.496146815707739 ], [ -0.335388844352635, 51.496164270154779 ] ], [ [ -0.333016667321365, 51.495912514759077 ], [ -0.333013929056473, 51.495919218281863 ], [ -0.33308185626779, 51.495922880542892 ], [ -0.333016667321365, 51.495912514759077 ] ], [ [ -0.332456927284408, 51.495757575357132 ], [ -0.332365916291225, 51.495722480060039 ], [ -0.332398804464088, 51.495735893042166 ], [ -0.332456927284408, 51.495757575357132 ] ], [ [ -0.332162580736248, 51.495682999780897 ], [ -0.332160684425951, 51.495682647669668 ], [ -0.332365916291225, 51.495722480060039 ], [ -0.332162580736248, 51.495682999780897 ] ], [ [ -0.332073589064322, 51.495666475603826 ], [ -0.331914587076673, 51.495636951751294 ], [ -0.332037639170693, 51.495659827511297 ], [ -0.332073589064322, 51.495666475603826 ] ], [ [ -0.331750742100824, 51.49561547302978 ], [ -0.331619092145947, 51.495600385206409 ], [ -0.331773812216054, 51.495618497331122 ], [ -0.331750742100824, 51.49561547302978 ] ], [ [ -0.330613164633459, 51.495299077839086 ], [ -0.330390069869377, 51.495202694342318 ], [ -0.330399917108192, 51.495207623961093 ], [ -0.330613164633459, 51.495299077839086 ] ], [ [ -0.330141747023413, 51.495095621441287 ], [ -0.330385366317345, 51.495200662131168 ], [ -0.330019329240833, 51.495042500129379 ], [ -0.330141747023413, 51.495095621441287 ] ] ], [ [ [ -0.360865650917476, 51.501586674545678 ], [ -0.360556933926404, 51.501215040145958 ], [ -0.36077691497872, 51.501209125220278 ], [ -0.360865650917476, 51.501586674545678 ] ] ], [ [ [ -0.361957004112758, 51.502190028427265 ], [ -0.358291997635342, 51.503562666285895 ], [ -0.357239296390985, 51.503784446576589 ], [ -0.361957004112758, 51.502190028427265 ] ] ], [ [ [ -0.362997825840651, 51.50193342982174 ], [ -0.356424039059474, 51.505700958808909 ], [ -0.355512151520088, 51.504412178194833 ], [ -0.358881951526461, 51.50352642402752 ], [ -0.362997825840651, 51.50193342982174 ] ] ], [ [ [ -0.355483607540208, 51.504366829141979 ], [ -0.35586669950201, 51.503770607663661 ], [ -0.356509553575939, 51.504044004797443 ], [ -0.355483607540208, 51.504366829141979 ] ] ], [ [ [ -0.345439620875307, 51.505071776921596 ], [ -0.345194775766396, 51.505048545120289 ], [ -0.343610828796474, 51.505813417090103 ], [ -0.343580894165469, 51.506937070076539 ], [ -0.342779066941496, 51.50820399240289 ], [ -0.342243773894044, 51.508165952366092 ], [ -0.338174391640911, 51.500757914024398 ], [ -0.340130339646907, 51.502777916196656 ], [ -0.343836815270438, 51.503496180645485 ], [ -0.347725046827736, 51.505505474554631 ], [ -0.35170320275392, 51.50539100155391 ], [ -0.355316152600232, 51.504464266782882 ], [ -0.355365065937961, 51.504517991853973 ], [ -0.343018907352749, 51.508228056787345 ], [ -0.343621498315881, 51.507684869036076 ], [ -0.343729154544293, 51.505967554213377 ], [ -0.345439620875307, 51.505071776921596 ] ] ], [ [ [ -0.393311122714968, 51.506995129182719 ], [ -0.395785226706829, 51.505840379098252 ], [ -0.403718697775547, 51.503062212473978 ], [ -0.40267412594061, 51.503663065618852 ], [ -0.400507508251746, 51.504207979768573 ], [ -0.396497359827987, 51.505755365360713 ], [ -0.393794299511976, 51.506857102773637 ], [ -0.393400900964549, 51.507117899899903 ], [ -0.393095562906698, 51.507442109596177 ], [ -0.391473421060734, 51.510476184143066 ], [ -0.390555242421618, 51.510343487296765 ], [ -0.393311122714968, 51.506995129182719 ] ] ], [ [ [ -0.332011358494816, 51.509147481288409 ], [ -0.331571347492935, 51.50550883106029 ], [ -0.334046337033262, 51.508172428525349 ], [ -0.332011358494816, 51.509147481288409 ] ] ], [ [ [ -0.343461346957089, 51.50731124173079 ], [ -0.343453878489687, 51.507775994738608 ], [ -0.343065853678559, 51.508024563416583 ], [ -0.343461346957089, 51.50731124173079 ] ] ], [ [ [ -0.342739255001777, 51.50874784678291 ], [ -0.342138589406929, 51.508343720823575 ], [ -0.342756424792099, 51.508333573384959 ], [ -0.342739255001777, 51.50874784678291 ] ] ], [ [ [ -0.404946228722018, 51.505900138526556 ], [ -0.401018796775775, 51.515510549289623 ], [ -0.392357032218161, 51.509029005213137 ], [ -0.407136112011746, 51.502964657414083 ], [ -0.404946228722018, 51.505900138526556 ] ] ], [ [ [ -0.341212285230309, 51.511269544574425 ], [ -0.343823230955322, 51.510883112468569 ], [ -0.342992633399522, 51.508356238560737 ], [ -0.34604756128304, 51.510465371770451 ], [ -0.346034577563727, 51.510604079976154 ], [ -0.341212285230309, 51.511269544574425 ] ] ], [ [ [ -0.331263571640515, 51.509458766806127 ], [ -0.335020127947958, 51.511917172457487 ], [ -0.329352884833716, 51.510755216681147 ], [ -0.331263571640515, 51.509458766806127 ] ] ], [ [ [ -0.355604144464202, 51.515007746367964 ], [ -0.363535835090448, 51.510874544578584 ], [ -0.363778827804906, 51.515285221369474 ], [ -0.355604144464202, 51.515007746367964 ] ] ], [ [ [ -0.353578028598842, 51.521235255748429 ], [ -0.349520767694498, 51.524035525334178 ], [ -0.35191506735964, 51.525717717045133 ], [ -0.349124915288082, 51.527130049832003 ], [ -0.349655535687556, 51.526570536592537 ], [ -0.349007334859293, 51.524222477698984 ], [ -0.351015803786559, 51.522334934172733 ], [ -0.351264002067078, 51.521659162271142 ], [ -0.350876710788575, 51.520401453240389 ], [ -0.348549872242412, 51.518876878308248 ], [ -0.349370648105187, 51.516682357672202 ], [ -0.349205618129634, 51.516188478828859 ], [ -0.348338544740187, 51.515714022536983 ], [ -0.350830113100413, 51.514209591683922 ], [ -0.35093877036223, 51.513573119836437 ], [ -0.349854829960236, 51.513139315251046 ], [ -0.350055574690692, 51.512628197908064 ], [ -0.350943205902437, 51.512644096284042 ], [ -0.351714885156883, 51.512504724642767 ], [ -0.351814966385708, 51.512316178030893 ], [ -0.351183275528067, 51.511530409512204 ], [ -0.350588475117106, 51.51128651673514 ], [ -0.343911433457521, 51.51105570229614 ], [ -0.355376329134347, 51.509636621396922 ], [ -0.353578028598842, 51.521235255748429 ] ] ], [ [ [ -0.381741125443291, 51.518693817171687 ], [ -0.377812236571005, 51.516662182834139 ], [ -0.385342836199112, 51.516218699877413 ], [ -0.38264831915628, 51.517919462573055 ], [ -0.381741125443291, 51.518693817171687 ] ] ], [ [ [ -0.348930845893068, 51.527096304331785 ], [ -0.34126384734005, 51.511420222006819 ], [ -0.35169458051956, 51.512277179233266 ], [ -0.34993874138893, 51.512592843290022 ], [ -0.348150567457322, 51.515713622749772 ], [ -0.348930845893068, 51.527096304331785 ] ] ], [ [ [ -0.350498579085338, 51.52073289094578 ], [ -0.350435305019097, 51.520171763026397 ], [ -0.350786823432992, 51.520534226511408 ], [ -0.350498579085338, 51.52073289094578 ] ] ], [ [ [ -0.383917797412905, 51.517259587603284 ], [ -0.381592284045746, 51.521320521611862 ], [ -0.382729033653742, 51.528161236505582 ], [ -0.373437210074446, 51.529465906185571 ], [ -0.375411928856948, 51.521781935286064 ], [ -0.377390084698959, 51.523749195941356 ], [ -0.383917797412905, 51.517259587603284 ] ], [ [ -0.376240034578714, 51.528248068858275 ], [ -0.376242331512373, 51.528236953878739 ], [ -0.376243609081429, 51.528169923138528 ], [ -0.376240034578714, 51.528248068858275 ] ], [ [ -0.376112888534928, 51.526315226698273 ], [ -0.376212727853053, 51.526798804603594 ], [ -0.376192039540997, 51.526583418679536 ], [ -0.376112888534928, 51.526315226698273 ] ], [ [ -0.375952090696219, 51.525520839829944 ], [ -0.375940980093573, 51.525575347840096 ], [ -0.375950194544925, 51.525650139112301 ], [ -0.375952090696219, 51.525520839829944 ] ], [ [ -0.376121460444108, 51.525042462365576 ], [ -0.37636987760113, 51.524711444912576 ], [ -0.376230864432979, 51.524850479562097 ], [ -0.376121460444108, 51.525042462365576 ] ], [ [ -0.377138240366347, 51.524026996626525 ], [ -0.377084964245822, 51.524099231718502 ], [ -0.377332088814668, 51.52381572912266 ], [ -0.377138240366347, 51.524026996626525 ] ] ], [ [ [ -0.355956062906518, 51.526708895527854 ], [ -0.354831397732928, 51.519714254699046 ], [ -0.361705675836223, 51.521671865815669 ], [ -0.355956062906518, 51.526708895527854 ] ] ], [ [ [ -0.396217401223004, 51.521341586118986 ], [ -0.39871013374646, 51.525138074108902 ], [ -0.394287298649671, 51.522603399999255 ], [ -0.396217401223004, 51.521341586118986 ] ] ], [ [ [ -0.327116385950867, 51.529261403839108 ], [ -0.335327879889606, 51.527885111942403 ], [ -0.344632917051789, 51.527149455864503 ], [ -0.348774785935727, 51.527184903591689 ], [ -0.347495760112086, 51.527590847508108 ], [ -0.344380804288547, 51.527303667402272 ], [ -0.341703313401846, 51.527532933566896 ], [ -0.340283349014397, 51.528105902843436 ], [ -0.339907243838011, 51.527825406957326 ], [ -0.336922348007376, 51.527864576345543 ], [ -0.333257475751396, 51.528403727230099 ], [ -0.332550463256837, 51.528973245806945 ], [ -0.332299158731843, 51.529855428910551 ], [ -0.332349739206611, 51.53089472860713 ], [ -0.331428885227933, 51.531378046249891 ], [ -0.327116385950867, 51.529261403839108 ] ] ], [ [ [ -0.338269874321863, 51.534349059471914 ], [ -0.340316590727666, 51.528214879246832 ], [ -0.342238116128163, 51.527535098594214 ], [ -0.347549151981901, 51.527711702042609 ], [ -0.348968260470675, 51.527218641875706 ], [ -0.349700927746521, 51.527346715414069 ], [ -0.338269874321863, 51.534349059471914 ] ] ], [ [ [ -0.380871034740248, 51.529395508060098 ], [ -0.388526340144599, 51.534669416569443 ], [ -0.377066978625582, 51.541982570267947 ], [ -0.396896104663018, 51.539894322928177 ], [ -0.398331505086093, 51.552532824381814 ], [ -0.379363320836324, 51.550743602131938 ], [ -0.387515451788492, 51.548614442736621 ], [ -0.36893590427523, 51.545431153372519 ], [ -0.365885173684963, 51.53997765434849 ], [ -0.348965716451415, 51.536341425038266 ], [ -0.380871034740248, 51.529395508060098 ] ], [ [ -0.371240966612867, 51.534653482686295 ], [ -0.371241526510008, 51.53466445738102 ], [ -0.371241538263586, 51.534664451249647 ], [ -0.371240966612867, 51.534653482686295 ] ], [ [ -0.395493093747367, 51.543283312009457 ], [ -0.397492755666337, 51.545732060555181 ], [ -0.39693264660628, 51.543171988273535 ], [ -0.395493093747367, 51.543283312009457 ] ], [ [ -0.392000335097987, 51.547600923210481 ], [ -0.393371477606928, 51.547970480319535 ], [ -0.393124393842735, 51.547902371957605 ], [ -0.392000335097987, 51.547600923210481 ] ], [ [ -0.385390690734656, 51.545670428571583 ], [ -0.385717482321116, 51.545767069044224 ], [ -0.385308001371925, 51.545644928990669 ], [ -0.385390690734656, 51.545670428571583 ] ], [ [ -0.370270453230449, 51.538996480670363 ], [ -0.370250653264972, 51.53936109565371 ], [ -0.370205657788908, 51.539692098391683 ], [ -0.370270453230449, 51.538996480670363 ] ], [ [ -0.365173145912305, 51.5371464223266 ], [ -0.365171996141783, 51.537175172452081 ], [ -0.365199769245975, 51.537106788666435 ], [ -0.365173145912305, 51.5371464223266 ] ], [ [ -0.365145882767885, 51.53735981563122 ], [ -0.365151700832924, 51.53741644164829 ], [ -0.3651457535168, 51.53730667961517 ], [ -0.365145882767885, 51.53735981563122 ] ], [ [ -0.388892188520962, 51.550013021370233 ], [ -0.388636585490656, 51.55011268191037 ], [ -0.388330402601237, 51.550235524122947 ], [ -0.388892188520962, 51.550013021370233 ] ], [ [ -0.388958708158008, 51.550015972664717 ], [ -0.38893699652475, 51.550015009378889 ], [ -0.388982416050295, 51.550044577440111 ], [ -0.388958708158008, 51.550015972664717 ] ], [ [ -0.389133555356302, 51.550142968962227 ], [ -0.389156191121654, 51.55012161483679 ], [ -0.38911436538574, 51.550130476312482 ], [ -0.389133555356302, 51.550142968962227 ] ], [ [ -0.390578954496519, 51.549633044764626 ], [ -0.38969959790824, 51.549916452979808 ], [ -0.390731966596699, 51.549601701434888 ], [ -0.390578954496519, 51.549633044764626 ] ], [ [ -0.391448000138232, 51.549414378569317 ], [ -0.391532478754816, 51.549382724157063 ], [ -0.391245079784476, 51.549453454509418 ], [ -0.391448000138232, 51.549414378569317 ] ], [ [ -0.392465839835312, 51.549088086583367 ], [ -0.39316553385138, 51.548898720222951 ], [ -0.392817050773948, 51.548967296754867 ], [ -0.392465839835312, 51.549088086583367 ] ], [ [ -0.394135580247001, 51.548633765944956 ], [ -0.393493827379296, 51.548809305504527 ], [ -0.394265973804491, 51.548619585037045 ], [ -0.394135580247001, 51.548633765944956 ] ] ], [ [ [ -0.359636157985487, 51.538956786126469 ], [ -0.348488502611025, 51.541012304650579 ], [ -0.348569902181383, 51.536871548509296 ], [ -0.359636157985487, 51.538956786126469 ] ] ], [ [ [ -0.341203813230892, 51.541874398280207 ], [ -0.339395033868593, 51.546201072544442 ], [ -0.336319601239762, 51.543176438364235 ], [ -0.341203813230892, 51.541874398280207 ] ] ], [ [ [ -0.336718160487558, 51.556823012435565 ], [ -0.343922654469113, 51.553282664820095 ], [ -0.346057603187766, 51.555478385245834 ], [ -0.344869800126316, 51.558129045978312 ], [ -0.336718160487558, 51.556823012435565 ] ] ], [ [ [ -0.348645519834955, 51.560680103633239 ], [ -0.352996741914608, 51.55809659443225 ], [ -0.354492245621278, 51.560349523111633 ], [ -0.350509139044967, 51.56296028716104 ], [ -0.348645519834955, 51.560680103633239 ] ] ], [ [ [ -0.335591909129175, 51.559664723383172 ], [ -0.335590308005849, 51.559666179894407 ], [ -0.335592321385271, 51.559663151993618 ], [ -0.335591909129175, 51.559664723383172 ] ] ], [ [ [ -0.345392275963077, 51.558513530175624 ], [ -0.341082494470849, 51.560991177814778 ], [ -0.33966845224518, 51.559870036036067 ], [ -0.345392275963077, 51.558513530175624 ] ] ], [ [ [ -0.332701122533655, 51.562335815922459 ], [ -0.338041983590516, 51.56109333654441 ], [ -0.337599776886831, 51.563587364053731 ], [ -0.332701122533655, 51.562335815922459 ] ] ], [ [ [ -0.339980702784814, 51.566033709983692 ], [ -0.340902511253523, 51.562331596263618 ], [ -0.346834139793886, 51.56360679752828 ], [ -0.339980702784814, 51.566033709983692 ] ] ], [ [ [ -0.395167411696964, 51.567155667476442 ], [ -0.40389265054967, 51.563232048449436 ], [ -0.404456141898064, 51.563605857403495 ], [ -0.399462098154122, 51.566703711646888 ], [ -0.395167411696964, 51.567155667476442 ] ] ], [ [ [ -0.348081254226094, 51.565741149389694 ], [ -0.343194669123377, 51.566349358972616 ], [ -0.343803039771525, 51.56483375315505 ], [ -0.348081254226094, 51.565741149389694 ] ] ], [ [ [ -0.395081568077497, 51.566549494780354 ], [ -0.389074691414096, 51.56863107516353 ], [ -0.393398737124748, 51.566545346481988 ], [ -0.395081568077497, 51.566549494780354 ] ] ], [ [ [ -0.386235298727216, 51.566314820780711 ], [ -0.388391905320737, 51.577103102999921 ], [ -0.37950290526683, 51.576357006713735 ], [ -0.386235298727216, 51.566314820780711 ] ], [ [ -0.383594317099468, 51.57426159139478 ], [ -0.386674608008704, 51.575860161986697 ], [ -0.387151546420325, 51.574299384686313 ], [ -0.383594317099468, 51.57426159139478 ] ] ], [ [ [ -0.344990424798452, 51.570605220860358 ], [ -0.344326570571468, 51.572824835226172 ], [ -0.342872448215767, 51.572610585136857 ], [ -0.344990424798452, 51.570605220860358 ] ] ], [ [ [ -0.33625832529385, 51.571801879519214 ], [ -0.336258951955769, 51.571802066449159 ], [ -0.336257768641289, 51.571801869829095 ], [ -0.33625832529385, 51.571801879519214 ] ] ], [ [ [ -0.348994513031805, 51.574874608023343 ], [ -0.347268754997109, 51.571255815534506 ], [ -0.351221130797843, 51.573670107658536 ], [ -0.348994513031805, 51.574874608023343 ] ] ], [ [ [ -0.334720716737464, 51.57527515062332 ], [ -0.337466771275262, 51.575540622929083 ], [ -0.338204236438238, 51.578010899968099 ], [ -0.335915093649047, 51.57863129086266 ], [ -0.334720716737464, 51.57527515062332 ] ] ], [ [ [ -0.404924088835093, 51.585758640465542 ], [ -0.40354146045706, 51.588333866415844 ], [ -0.395793522848183, 51.590603177694319 ], [ -0.404924088835093, 51.585758640465542 ] ] ], [ [ [ -0.394461695002612, 51.59041866111798 ], [ -0.391980712591341, 51.588126522064343 ], [ -0.395447930977866, 51.590128480502855 ], [ -0.394461695002612, 51.59041866111798 ] ] ], [ [ [ -0.3549176150803, 51.590455501143872 ], [ -0.357773286753027, 51.595931583460768 ], [ -0.351814446721779, 51.594129793520523 ], [ -0.3549176150803, 51.590455501143872 ] ] ], [ [ [ -0.358708176909057, 51.602253633606431 ], [ -0.371126407208244, 51.594431738588881 ], [ -0.376996153358592, 51.601309783323615 ], [ -0.365535608940764, 51.607128556572853 ], [ -0.357540804734385, 51.602758880629139 ], [ -0.358220315450842, 51.60271470410553 ], [ -0.358708176909057, 51.602253633606431 ] ], [ [ -0.358218590696044, 51.602716402877924 ], [ -0.358235799643658, 51.602717901564418 ], [ -0.358220315450842, 51.60271470410553 ], [ -0.358218590696044, 51.602716402877924 ] ] ], [ [ [ -0.35870555711055, 51.602253164454147 ], [ -0.358705455255076, 51.602253145944914 ], [ -0.358705575045316, 51.602253147619827 ], [ -0.35870555711055, 51.602253164454147 ] ] ], [ [ [ -0.359850047453757, 51.608340248411999 ], [ -0.361536856615371, 51.605273640870244 ], [ -0.365003715746487, 51.60745358339954 ], [ -0.359850047453757, 51.608340248411999 ] ] ], [ [ [ -0.375676928175653, 51.61110497727271 ], [ -0.375677195840876, 51.611105530394475 ], [ -0.375674869064065, 51.611105937015594 ], [ -0.375676928175653, 51.61110497727271 ] ] ], [ [ [ -0.333506910758158, 51.611375478867949 ], [ -0.333471040011247, 51.612078584426285 ], [ -0.333266641920215, 51.612099505535106 ], [ -0.333506910758158, 51.611375478867949 ] ] ], [ [ [ -0.372538048524149, 51.615018521219497 ], [ -0.37253864010181, 51.61501861934147 ], [ -0.372538402597509, 51.615018677195401 ], [ -0.372538048524149, 51.615018521219497 ] ] ], [ [ [ -0.354151167378842, 51.607886791305802 ], [ -0.316743187608953, 51.640517228997972 ], [ -0.29266815334251, 51.621737540199717 ], [ -0.354151167378842, 51.607886791305802 ] ] ], [ [ [ -0.328389090911375, 51.326525811956515 ], [ -0.313069026675218, 51.351365607608635 ], [ -0.289511995986622, 51.358103806613428 ], [ -0.328389090911375, 51.326525811956515 ] ] ], [ [ [ -0.28550708993901, 51.387801115558602 ], [ -0.287002380517494, 51.383571318842804 ], [ -0.291334411965366, 51.386853892905791 ], [ -0.28550708993901, 51.387801115558602 ] ] ], [ [ [ -0.313258721593033, 51.394890244612576 ], [ -0.317493494031111, 51.393467390176255 ], [ -0.311647585994271, 51.396425890465061 ], [ -0.313258721593033, 51.394890244612576 ] ] ], [ [ [ -0.324628458083936, 51.39151886313892 ], [ -0.339852734693273, 51.406906252547493 ], [ -0.308812682619985, 51.411120444993976 ], [ -0.324628458083936, 51.39151886313892 ] ] ], [ [ [ -0.307208788066472, 51.416784672872332 ], [ -0.30451937507818, 51.416418014622728 ], [ -0.30794664813475, 51.413763510004188 ], [ -0.307208788066472, 51.416784672872332 ] ] ], [ [ [ -0.311569969222725, 51.421115847687247 ], [ -0.317165332453929, 51.419614545377776 ], [ -0.317956512129327, 51.420393856939455 ], [ -0.312052435951252, 51.421918178811381 ], [ -0.311569969222725, 51.421115847687247 ] ] ], [ [ [ -0.322758321690641, 51.428933090607643 ], [ -0.322099973648237, 51.424855043299573 ], [ -0.323547890783033, 51.428505555302728 ], [ -0.322758321690641, 51.428933090607643 ] ] ], [ [ [ -0.32422736896073, 51.42695823249398 ], [ -0.324490410732451, 51.427887763186355 ], [ -0.323453993770615, 51.428044699299825 ], [ -0.32422736896073, 51.42695823249398 ] ] ], [ [ [ -0.324744102778047, 51.430843152577467 ], [ -0.324052283661395, 51.430572096368394 ], [ -0.325480770201247, 51.430230053953203 ], [ -0.324744102778047, 51.430843152577467 ] ] ], [ [ [ -0.286583089660003, 51.420185815052569 ], [ -0.302147948706372, 51.431475282878452 ], [ -0.305991094245268, 51.434044272363998 ], [ -0.288826711795808, 51.461189523202052 ], [ -0.244044152875525, 51.465124762071703 ], [ -0.24273795901995, 51.441915404629313 ], [ -0.266267027652235, 51.432102906674295 ], [ -0.286583089660003, 51.420185815052569 ] ], [ [ -0.291911628261256, 51.431783987215674 ], [ -0.291916872882937, 51.431796500204335 ], [ -0.291893755518703, 51.43174130936606 ], [ -0.291911628261256, 51.431783987215674 ] ], [ [ -0.291842697218571, 51.431619859609867 ], [ -0.291866693442966, 51.431676169338793 ], [ -0.291828331739922, 51.4315861353885 ], [ -0.291842697218571, 51.431619859609867 ] ], [ [ -0.291738757228567, 51.431371484018456 ], [ -0.291761204200874, 51.431418796724145 ], [ -0.291703853253148, 51.431297911642908 ], [ -0.291738757228567, 51.431371484018456 ] ], [ [ -0.29105641603817, 51.42989093853371 ], [ -0.291058475280083, 51.429895123071866 ], [ -0.291048446507947, 51.429874743827227 ], [ -0.29105641603817, 51.42989093853371 ] ], [ [ -0.295504085948328, 51.439574172305079 ], [ -0.295549375629976, 51.439623794654878 ], [ -0.295498224379166, 51.439567747406045 ], [ -0.295504085948328, 51.439574172305079 ] ], [ [ -0.284278307113771, 51.456403719929824 ], [ -0.28419076965233, 51.456406275293581 ], [ -0.284522261878803, 51.456396606720084 ], [ -0.284278307113771, 51.456403719929824 ] ], [ [ -0.257297659104934, 51.458894074695856 ], [ -0.257284262091201, 51.458917368624718 ], [ -0.257288265152535, 51.458911206538239 ], [ -0.257297659104934, 51.458894074695856 ] ], [ [ -0.25726684093589, 51.458944177246174 ], [ -0.25726674147256, 51.458944389569041 ], [ -0.25726693963854, 51.458944033829773 ], [ -0.25726684093589, 51.458944177246174 ] ], [ [ -0.257207654700112, 51.459056079999229 ], [ -0.257187146409315, 51.45908278569393 ], [ -0.25718550934642, 51.459086580149346 ], [ -0.257207654700112, 51.459056079999229 ] ], [ [ -0.25718268810555, 51.459093119343869 ], [ -0.257172253657201, 51.459121670692291 ], [ -0.257171547078115, 51.459126139555806 ], [ -0.25718268810555, 51.459093119343869 ] ], [ [ -0.257171021476559, 51.459129463800274 ], [ -0.257160094620942, 51.459215044729333 ], [ -0.257163142700416, 51.459191709661994 ], [ -0.257171021476559, 51.459129463800274 ] ], [ [ -0.257144374479615, 51.459325418215343 ], [ -0.257157201670463, 51.459234012197683 ], [ -0.257116253337658, 51.459380509534007 ], [ -0.257144374479615, 51.459325418215343 ] ], [ [ -0.257083476957659, 51.459437277749892 ], [ -0.257042725833657, 51.459506640402964 ], [ -0.257057766376233, 51.459482847517179 ], [ -0.257083476957659, 51.459437277749892 ] ], [ [ -0.257010139599858, 51.459558106449869 ], [ -0.256996964617608, 51.459566940282407 ], [ -0.256995896203154, 51.459567844619706 ], [ -0.257010139599858, 51.459558106449869 ] ], [ [ -0.256917107969793, 51.4596598770638 ], [ -0.256911158232775, 51.459667881679302 ], [ -0.256972175889437, 51.459588041563144 ], [ -0.256917107969793, 51.4596598770638 ] ], [ [ -0.256843549493163, 51.459758840651688 ], [ -0.256841929833981, 51.459764212001083 ], [ -0.256844429107287, 51.459757657242598 ], [ -0.256843549493163, 51.459758840651688 ] ], [ [ -0.256865153612721, 51.459889605471133 ], [ -0.256865213180921, 51.459889591069583 ], [ -0.256830643472045, 51.459862085179587 ], [ -0.256865153612721, 51.459889605471133 ] ], [ [ -0.257064541185543, 51.459927180772105 ], [ -0.257082508280286, 51.459934074647435 ], [ -0.25705815444981, 51.459926048546841 ], [ -0.257064541185543, 51.459927180772105 ] ], [ [ -0.257202118510906, 51.459979968434382 ], [ -0.257202502735851, 51.459980115859381 ], [ -0.257167352727267, 51.459966628994614 ], [ -0.257202118510906, 51.459979968434382 ] ], [ [ -0.257328997950187, 51.46002906374116 ], [ -0.257213037111316, 51.459984349272624 ], [ -0.257280069469016, 51.460011563061016 ], [ -0.257328997950187, 51.46002906374116 ] ], [ [ -0.257375594889913, 51.460047583591752 ], [ -0.257541684684775, 51.460110564596086 ], [ -0.257636971452504, 51.460142011537663 ], [ -0.257375594889913, 51.460047583591752 ] ], [ [ -0.257829228897586, 51.46020789545544 ], [ -0.25784064345923, 51.460211811243468 ], [ -0.257770557457319, 51.46018776810142 ], [ -0.257829228897586, 51.46020789545544 ] ], [ [ -0.257881935082746, 51.460227023568343 ], [ -0.257886874175479, 51.460228907579832 ], [ -0.257868139095666, 51.460221761104236 ], [ -0.257881935082746, 51.460227023568343 ] ], [ [ -0.257958877873301, 51.460257005874574 ], [ -0.25798491676547, 51.460280751127961 ], [ -0.257957467455276, 51.460256435667105 ], [ -0.257958877873301, 51.460257005874574 ] ], [ [ -0.257999516935949, 51.460343013693297 ], [ -0.257978488302332, 51.46038274466283 ], [ -0.257998294821701, 51.460300297327308 ], [ -0.257999516935949, 51.460343013693297 ] ], [ [ -0.257911632068692, 51.460478791905039 ], [ -0.257812648082123, 51.460620371680342 ], [ -0.257852946986244, 51.460563868434342 ], [ -0.257911632068692, 51.460478791905039 ] ], [ [ -0.257719131864262, 51.460749324911191 ], [ -0.257698906741362, 51.460777146711251 ], [ -0.257736788103595, 51.460724910260922 ], [ -0.257719131864262, 51.460749324911191 ] ], [ [ -0.257627080114244, 51.460875951849232 ], [ -0.257613734897519, 51.460894309609195 ], [ -0.257660296712039, 51.460830258898582 ], [ -0.257627080114244, 51.460875951849232 ] ], [ [ -0.25753399514724, 51.461001107588501 ], [ -0.257612837669362, 51.460895489602628 ], [ -0.257448304461145, 51.461139868749825 ], [ -0.25753399514724, 51.461001107588501 ] ], [ [ -0.257397293528958, 51.461217662339116 ], [ -0.257240247542634, 51.461454626475081 ], [ -0.257426503471535, 51.461173587931576 ], [ -0.257397293528958, 51.461217662339116 ] ], [ [ -0.257084373394487, 51.461685724104441 ], [ -0.257080683763827, 51.461691149590905 ], [ -0.257090102130212, 51.461677300177769 ], [ -0.257084373394487, 51.461685724104441 ] ], [ [ -0.257009010661879, 51.461795787877918 ], [ -0.257006392913574, 51.461799356597666 ], [ -0.256990946572328, 51.46182216032917 ], [ -0.257009010661879, 51.461795787877918 ] ], [ [ -0.256928462483384, 51.461913383226673 ], [ -0.256958146100943, 51.461870046984636 ], [ -0.256921286776531, 51.461922507903189 ], [ -0.256928462483384, 51.461913383226673 ] ], [ [ -0.256893662196454, 51.461957635502785 ], [ -0.256870712046674, 51.4619866664912 ], [ -0.256854057207462, 51.462007997469968 ], [ -0.256893662196454, 51.461957635502785 ] ], [ [ -0.256567989189049, 51.462377016273166 ], [ -0.256506623488622, 51.462461581884995 ], [ -0.256470708082841, 51.462511710721095 ], [ -0.256567989189049, 51.462377016273166 ] ], [ [ -0.256404846262921, 51.462602062741873 ], [ -0.256443273879928, 51.462549695844409 ], [ -0.256396454800392, 51.46261272575439 ], [ -0.256404846262921, 51.462602062741873 ] ], [ [ -0.256355121281877, 51.46266545104686 ], [ -0.256331712653537, 51.462695143902373 ], [ -0.256335237376968, 51.462690952040681 ], [ -0.256355121281877, 51.46266545104686 ] ] ], [ [ [ -0.312492516237035, 51.438371680981518 ], [ -0.313465933585615, 51.438844303179991 ], [ -0.312854556136902, 51.438977586002039 ], [ -0.312492516237035, 51.438371680981518 ] ] ], [ [ [ -0.319363400547687, 51.451140691331815 ], [ -0.318852962681853, 51.446758568972825 ], [ -0.321933870932612, 51.449844388390503 ], [ -0.319363400547687, 51.451140691331815 ] ] ], [ [ [ -0.29751477323217, 51.451214821042903 ], [ -0.298593641337715, 51.447009439440478 ], [ -0.299318859732794, 51.449509964480157 ], [ -0.302354029093695, 51.453274567102845 ], [ -0.301410417903145, 51.455489219681418 ], [ -0.29751477323217, 51.451214821042903 ] ] ], [ [ [ -0.331362985543128, 51.450603942596459 ], [ -0.324545453211579, 51.452630265089084 ], [ -0.328101958611847, 51.451091181943816 ], [ -0.329941756324458, 51.450663738119808 ], [ -0.331362985543128, 51.450603942596459 ] ] ], [ [ [ -0.31305375665966, 51.460461345604955 ], [ -0.306300922982878, 51.457907797875926 ], [ -0.315525788224916, 51.459331194413195 ], [ -0.309907870380582, 51.463043339235718 ], [ -0.303424719554058, 51.464724403012795 ], [ -0.309945311771381, 51.462458474171157 ], [ -0.311182306452134, 51.461804116694054 ], [ -0.31305375665966, 51.460461345604955 ] ] ], [ [ [ -0.323234974543562, 51.465497922210957 ], [ -0.320800135598647, 51.465387685438067 ], [ -0.320519326712547, 51.465762242661924 ], [ -0.318776917647167, 51.470845840704122 ], [ -0.311196088089531, 51.47359737762401 ], [ -0.307009083972758, 51.475534207750648 ], [ -0.297645736805954, 51.485275452992084 ], [ -0.299420374622442, 51.484981972864766 ], [ -0.293915890347706, 51.487058584932889 ], [ -0.291786334664456, 51.487576321764514 ], [ -0.287257577024263, 51.487931169871096 ], [ -0.280856892952553, 51.485928886418243 ], [ -0.276924993367926, 51.483365445869843 ], [ -0.27338774986854, 51.4773402136763 ], [ -0.271810319304017, 51.475563867435412 ], [ -0.271303710605287, 51.47520255909636 ], [ -0.24387188063303, 51.488240709784179 ], [ -0.250071358266156, 51.484238867329637 ], [ -0.253584464166753, 51.473598794485696 ], [ -0.259917092541493, 51.471220011031981 ], [ -0.270109114706934, 51.473924206451187 ], [ -0.273504815722808, 51.477079343687187 ], [ -0.276737062398697, 51.482639632527473 ], [ -0.282833808790914, 51.486387204068933 ], [ -0.287605301394181, 51.487547708642317 ], [ -0.289289810134082, 51.487569147231483 ], [ -0.291838249471051, 51.487381999139281 ], [ -0.293091962786855, 51.487175868894518 ], [ -0.287575636540179, 51.48697713421533 ], [ -0.291998459535715, 51.485524233187434 ], [ -0.289982778414777, 51.483425261133455 ], [ -0.28825767381739, 51.483436511838775 ], [ -0.287871445436399, 51.481731761826268 ], [ -0.294389666452215, 51.468954141389155 ], [ -0.30769075385605, 51.465440654518474 ], [ -0.315468775755121, 51.459902291389625 ], [ -0.323308486494209, 51.465335905714518 ], [ -0.326182219293934, 51.457042522729552 ], [ -0.32694535425282, 51.456968275110114 ], [ -0.327319358228632, 51.457005337502771 ], [ -0.328503531433109, 51.458006250208697 ], [ -0.330570368010512, 51.457801513581224 ], [ -0.324050544989561, 51.465161676448915 ], [ -0.323234974543562, 51.465497922210957 ] ], [ [ -0.298134654173765, 51.484072611961317 ], [ -0.298159746250546, 51.484040763302168 ], [ -0.298133722228993, 51.484073731646767 ], [ -0.298134654173765, 51.484072611961317 ] ], [ [ -0.298048999635212, 51.48417477038641 ], [ -0.298049033445948, 51.484174751993137 ], [ -0.298052686073145, 51.484170446321528 ], [ -0.298048999635212, 51.48417477038641 ] ], [ [ -0.297802935952347, 51.484497622151665 ], [ -0.297802955502388, 51.484497599954501 ], [ -0.297805491271792, 51.484493962855332 ], [ -0.297802935952347, 51.484497622151665 ] ], [ [ -0.29768155172554, 51.48468245193218 ], [ -0.297669333251702, 51.484702425576174 ], [ -0.297711850789879, 51.48463702143318 ], [ -0.29768155172554, 51.48468245193218 ] ], [ [ -0.29752718779307, 51.484958222110087 ], [ -0.297542226517419, 51.484931750027201 ], [ -0.297527259305075, 51.484958076441877 ], [ -0.29752718779307, 51.484958222110087 ] ], [ [ -0.29750231928948, 51.485008970902925 ], [ -0.29747310797678, 51.485064332741928 ], [ -0.297509304343727, 51.484994683468223 ], [ -0.29750231928948, 51.485008970902925 ] ], [ [ -0.29742907224915, 51.485138746537388 ], [ -0.297429117911689, 51.485138719323984 ], [ -0.297437893132945, 51.485125962842829 ], [ -0.29742907224915, 51.485138746537388 ] ], [ [ -0.297388381072511, 51.485187164197498 ], [ -0.297364886953256, 51.485215995263729 ], [ -0.297397258267467, 51.485177033196621 ], [ -0.297388381072511, 51.485187164197498 ] ], [ [ -0.297117232604186, 51.485525836596885 ], [ -0.297117219614858, 51.485525875974695 ], [ -0.297120294250492, 51.485522019543502 ], [ -0.297117232604186, 51.485525836596885 ] ], [ [ -0.297064190921107, 51.485593207752657 ], [ -0.29704617659681, 51.485616077363289 ], [ -0.297044653365553, 51.485618303336935 ], [ -0.297044359780851, 51.485618593325732 ], [ -0.297044661500471, 51.485618316943608 ], [ -0.297046168896948, 51.485616090740024 ], [ -0.297064190921107, 51.485593207752657 ] ], [ [ -0.297037974684108, 51.485624442221507 ], [ -0.297040600669988, 51.485622036757917 ], [ -0.297038711109871, 51.485623162851056 ], [ -0.297037974684108, 51.485624442221507 ] ], [ [ -0.296696006419679, 51.485813218653739 ], [ -0.296671646788187, 51.485823746614024 ], [ -0.2966879906096, 51.48581729531805 ], [ -0.296696006419679, 51.485813218653739 ] ], [ [ -0.296645560424752, 51.485834614597977 ], [ -0.296561537847651, 51.485866670136261 ], [ -0.296373432179257, 51.485940921625613 ], [ -0.296561577049338, 51.485866700380512 ], [ -0.29660311049833, 51.485851571518801 ], [ -0.296645560424752, 51.485834614597977 ] ], [ [ -0.326954985763374, 51.457052053890848 ], [ -0.3269558406302, 51.457012063812385 ], [ -0.326955786941287, 51.45701205502565 ], [ -0.326954985763374, 51.457052053890848 ] ], [ [ -0.319187173039513, 51.467283098503373 ], [ -0.319185007516363, 51.467302850689642 ], [ -0.319186478090813, 51.467289473128851 ], [ -0.319187173039513, 51.467283098503373 ] ], [ [ -0.319119497714907, 51.468223630146568 ], [ -0.319133934902415, 51.468183371417489 ], [ -0.319126971128704, 51.46817697692758 ], [ -0.319119497714907, 51.468223630146568 ] ], [ [ -0.319117409847506, 51.46830003540704 ], [ -0.319106372465191, 51.468328444661573 ], [ -0.319106405327369, 51.468328374490795 ], [ -0.319117409847506, 51.46830003540704 ] ], [ [ -0.317623375572927, 51.470891343018586 ], [ -0.317580360750382, 51.47090601287929 ], [ -0.317586100531235, 51.470906544852838 ], [ -0.317623375572927, 51.470891343018586 ] ], [ [ -0.315417215985026, 51.471467103758485 ], [ -0.315412849046716, 51.471468389876932 ], [ -0.315414304692842, 51.471467961170809 ], [ -0.315417215985026, 51.471467103758485 ] ], [ [ -0.314107322389534, 51.471847539319015 ], [ -0.31408105406021, 51.471857053252414 ], [ -0.314102594091054, 51.471849251827486 ], [ -0.314107322389534, 51.471847539319015 ] ], [ [ -0.310895871011627, 51.473090379570856 ], [ -0.310849890729232, 51.473107252355398 ], [ -0.310880879904537, 51.473095882776171 ], [ -0.310895871011627, 51.473090379570856 ] ], [ [ -0.310608110445906, 51.473201336481992 ], [ -0.310486082468216, 51.473249935631316 ], [ -0.310583704870982, 51.473211056322249 ], [ -0.310608110445906, 51.473201336481992 ] ], [ [ -0.30999309714809, 51.473381314087106 ], [ -0.310024470639155, 51.473370076164997 ], [ -0.309946690315897, 51.473312303165656 ], [ -0.30999309714809, 51.473381314087106 ] ], [ [ -0.308653060745767, 51.473016685682076 ], [ -0.308627355706097, 51.4730109194806 ], [ -0.308650904267492, 51.473016204957936 ], [ -0.308653060745767, 51.473016685682076 ] ], [ [ -0.299274535166882, 51.471149998694749 ], [ -0.299259625440359, 51.471144387003271 ], [ -0.299270005354085, 51.4711482963775 ], [ -0.299274535166882, 51.471149998694749 ] ], [ [ -0.296465374525502, 51.470647910182294 ], [ -0.296210511634751, 51.470628920094242 ], [ -0.296465202173789, 51.470647898685911 ], [ -0.296465374525502, 51.470647910182294 ] ], [ [ -0.296103553294084, 51.470620621587088 ], [ -0.296188402110798, 51.470627205007709 ], [ -0.296210511634751, 51.470628920094242 ], [ -0.296103553294084, 51.470620621587088 ] ], [ [ -0.295128998905316, 51.470556997667309 ], [ -0.294222366418686, 51.470506043860155 ], [ -0.294228788906916, 51.470506407063148 ], [ -0.295128998905316, 51.470556997667309 ] ], [ [ -0.309474398639778, 51.473580249556946 ], [ -0.309463930145268, 51.473583802134847 ], [ -0.309462733909037, 51.47358420860261 ], [ -0.309474398639778, 51.473580249556946 ] ], [ [ -0.307648894971434, 51.474261553023695 ], [ -0.307649724081886, 51.474261220185021 ], [ -0.307574190156094, 51.474291525508022 ], [ -0.307648894971434, 51.474261553023695 ] ], [ [ -0.305476182379778, 51.476030287809209 ], [ -0.305476211830475, 51.476030270250035 ], [ -0.305486304240112, 51.47601983206367 ], [ -0.305476182379778, 51.476030287809209 ] ], [ [ -0.304997726321998, 51.476536127174519 ], [ -0.304991240055096, 51.476536294195377 ], [ -0.304971540054233, 51.476562725788156 ], [ -0.304997726321998, 51.476536127174519 ] ], [ [ -0.301790111590297, 51.479676167358988 ], [ -0.301731288016545, 51.479728757168203 ], [ -0.30171637709805, 51.479742092734668 ], [ -0.301790111590297, 51.479676167358988 ] ], [ [ -0.301334665526825, 51.480093111749305 ], [ -0.301327630948742, 51.480098720007874 ], [ -0.301190706864903, 51.480207927224441 ], [ -0.301334665526825, 51.480093111749305 ] ], [ [ -0.300865667595598, 51.480467593853689 ], [ -0.300837684771803, 51.480489705301466 ], [ -0.300643851375694, 51.480642878292976 ], [ -0.300865667595598, 51.480467593853689 ] ], [ [ -0.300536222977624, 51.480729443840616 ], [ -0.300526250712497, 51.480737365480131 ], [ -0.300396728773124, 51.480840276481295 ], [ -0.300536222977624, 51.480729443840616 ] ], [ [ -0.298891704849459, 51.482041866594265 ], [ -0.298893278030508, 51.482038292464551 ], [ -0.298848707736922, 51.482074964270751 ], [ -0.298891704849459, 51.482041866594265 ] ], [ [ -0.298792679843101, 51.482118043271278 ], [ -0.298795333653944, 51.482116004531363 ], [ -0.298784956742361, 51.482123947131079 ], [ -0.298792679843101, 51.482118043271278 ] ], [ [ -0.298779065298704, 51.482127458613313 ], [ -0.298784676898815, 51.48212411392651 ], [ -0.298784956742361, 51.482123947131079 ], [ -0.298779065298704, 51.482127458613313 ] ], [ [ -0.298631697092274, 51.48227549330776 ], [ -0.298636307226407, 51.482268052807797 ], [ -0.298617068745042, 51.482281575735399 ], [ -0.298631697092274, 51.48227549330776 ] ], [ [ -0.296550235392288, 51.483679704122309 ], [ -0.296561806404472, 51.483675681755592 ], [ -0.296567011975549, 51.483671261183041 ], [ -0.296550235392288, 51.483679704122309 ] ], [ [ -0.292919429412312, 51.485508103266831 ], [ -0.292922843828906, 51.485507307687065 ], [ -0.29277558181213, 51.485541394218693 ], [ -0.292919429412312, 51.485508103266831 ] ], [ [ -0.292569219008816, 51.485589493478109 ], [ -0.292572169100446, 51.485588790063503 ], [ -0.292505092710886, 51.485604718191574 ], [ -0.292569219008816, 51.485589493478109 ] ], [ [ -0.292021069057222, 51.48571860004084 ], [ -0.2920170303507, 51.485721454749786 ], [ -0.292161632814348, 51.485686494142378 ], [ -0.292021069057222, 51.48571860004084 ] ] ], [ [ [ -0.308929916977196, 51.461692968650055 ], [ -0.306980149774467, 51.462701654200202 ], [ -0.30471733523037, 51.46180254071335 ], [ -0.308929916977196, 51.461692968650055 ] ] ], [ [ [ -0.304691421948931, 51.462773794709129 ], [ -0.304538946072555, 51.461915963207893 ], [ -0.305333060564332, 51.462221495213015 ], [ -0.304691421948931, 51.462773794709129 ] ] ], [ [ [ -0.308627531049863, 51.474914585982994 ], [ -0.318822062771958, 51.479919810973648 ], [ -0.303440729216298, 51.479862350510629 ], [ -0.308627531049863, 51.474914585982994 ] ] ], [ [ [ -0.288599189256137, 51.485220639659168 ], [ -0.287170157403797, 51.483247978603771 ], [ -0.290921529308169, 51.484569288864428 ], [ -0.288599189256137, 51.485220639659168 ] ] ], [ [ [ -0.286691496090812, 51.483442056000627 ], [ -0.287268584972392, 51.485118483648272 ], [ -0.285702795397573, 51.484950827210724 ], [ -0.286691496090812, 51.483442056000627 ] ] ], [ [ [ -0.284968599555031, 51.484826338362062 ], [ -0.285397004451418, 51.484425247761735 ], [ -0.285806093176743, 51.484596688329447 ], [ -0.284968599555031, 51.484826338362062 ] ] ], [ [ [ -0.280674591959719, 51.483366042831825 ], [ -0.287324800834458, 51.486974415372956 ], [ -0.279469675585485, 51.483984070002947 ], [ -0.280674591959719, 51.483366042831825 ] ] ], [ [ [ -0.296207993791608, 51.490341180020273 ], [ -0.298551935677328, 51.491133139449012 ], [ -0.294427711690363, 51.491018394846911 ], [ -0.296207993791608, 51.490341180020273 ] ] ], [ [ [ -0.295027876559421, 51.493233396179335 ], [ -0.293761010425393, 51.491573435664542 ], [ -0.299385014001324, 51.491914119384916 ], [ -0.295027876559421, 51.493233396179335 ] ] ], [ [ [ -0.298789043523771, 51.49938893211295 ], [ -0.282557405867572, 51.494068903466044 ], [ -0.29342867435158, 51.491853846087899 ], [ -0.298789043523771, 51.49938893211295 ] ] ], [ [ [ -0.290066573480523, 51.502358978302794 ], [ -0.287556199489018, 51.500931272570476 ], [ -0.290927324398861, 51.502192177936955 ], [ -0.290066573480523, 51.502358978302794 ] ] ], [ [ [ -0.30588452909551, 51.51155392238509 ], [ -0.308022073435054, 51.510330166336594 ], [ -0.307897442281417, 51.505243401187279 ], [ -0.315216622012533, 51.501336816550072 ], [ -0.312065795429627, 51.510571638846805 ], [ -0.30588452909551, 51.51155392238509 ] ] ], [ [ [ -0.291546863184759, 51.507776216148073 ], [ -0.296732882512444, 51.512921328944486 ], [ -0.292173614782161, 51.511324976236942 ], [ -0.291546863184759, 51.507776216148073 ] ] ], [ [ [ -0.289051191247021, 51.510536467361099 ], [ -0.291739853405813, 51.510208512681658 ], [ -0.291814351687095, 51.511202877572728 ], [ -0.289051191247021, 51.510536467361099 ] ] ], [ [ [ -0.291861816381783, 51.512284678565479 ], [ -0.291844511893968, 51.511530634486064 ], [ -0.291905495781446, 51.512266885742171 ], [ -0.291861816381783, 51.512284678565479 ] ] ], [ [ [ -0.295177996180003, 51.512569624973224 ], [ -0.297500434583903, 51.513420076941834 ], [ -0.292202187462781, 51.511647585187404 ], [ -0.295177996180003, 51.512569624973224 ] ] ], [ [ [ -0.294561584537213, 51.519536178278948 ], [ -0.293334232755354, 51.518800406048676 ], [ -0.294525031383544, 51.518707690708752 ], [ -0.294561584537213, 51.519536178278948 ] ] ], [ [ [ -0.294373565196891, 51.524018612468915 ], [ -0.291634369086822, 51.5197461061844 ], [ -0.295494324628392, 51.519668131168132 ], [ -0.294373565196891, 51.524018612468915 ] ] ], [ [ [ -0.289889139241325, 51.525149769838841 ], [ -0.291539172240721, 51.522985526400646 ], [ -0.292129160240861, 51.526559092900747 ], [ -0.289889139241325, 51.525149769838841 ] ] ], [ [ [ -0.299118515961354, 51.527299092045581 ], [ -0.297092578855989, 51.522483110952095 ], [ -0.299432401719253, 51.524214857175487 ], [ -0.299118515961354, 51.527299092045581 ] ] ], [ [ [ -0.328963377654713, 51.527286528509194 ], [ -0.330311724238976, 51.523686829605076 ], [ -0.3317664065894, 51.526863002656938 ], [ -0.328963377654713, 51.527286528509194 ] ] ], [ [ [ -0.302012993754975, 51.530201827139663 ], [ -0.323006538502501, 51.521384008793568 ], [ -0.32372821523359, 51.524674671723979 ], [ -0.326927132696712, 51.52931048520108 ], [ -0.329178856391331, 51.530930158731657 ], [ -0.32778070711312, 51.530939454565591 ], [ -0.328014587788851, 51.530272605280835 ], [ -0.326783581101075, 51.529273737532492 ], [ -0.326010620749544, 51.52890662863787 ], [ -0.324796196400725, 51.529132464371898 ], [ -0.323369026525263, 51.530214664114709 ], [ -0.323576693577076, 51.530881252444871 ], [ -0.322171206244202, 51.5315427594902 ], [ -0.318728087718916, 51.52878594367364 ], [ -0.315931693601863, 51.529148663228881 ], [ -0.313877864132756, 51.531160817061846 ], [ -0.313216989205066, 51.530007914188253 ], [ -0.310476498938337, 51.529573290164429 ], [ -0.309100048901359, 51.52979672014667 ], [ -0.308105906252727, 51.531519741190287 ], [ -0.302012993754975, 51.530201827139663 ] ] ], [ [ [ -0.287516423135424, 51.529717459778915 ], [ -0.2806146909675, 51.527564594999383 ], [ -0.290141417000838, 51.529444254377061 ], [ -0.287516423135424, 51.529717459778915 ] ] ], [ [ [ -0.325923201126765, 51.528972893439409 ], [ -0.327771515964572, 51.531939697311927 ], [ -0.308305376829642, 51.531554981029139 ], [ -0.322353467819035, 51.531584022049955 ], [ -0.323677288582222, 51.530928986662659 ], [ -0.323591041591188, 51.53011526461696 ], [ -0.325923201126765, 51.528972893439409 ] ] ], [ [ [ -0.30360934119842, 51.531425499429687 ], [ -0.302729776266515, 51.531291866035637 ], [ -0.307513669754875, 51.531677058800632 ], [ -0.30360934119842, 51.531425499429687 ] ] ], [ [ [ -0.306273401667721, 51.532152695093046 ], [ -0.303567842933679, 51.531515336732589 ], [ -0.306530397954491, 51.531749350785745 ], [ -0.306273401667721, 51.532152695093046 ] ] ], [ [ [ -0.285682965666064, 51.533123056536617 ], [ -0.284304261380485, 51.536381820829547 ], [ -0.282798019079711, 51.533944958193281 ], [ -0.285682965666064, 51.533123056536617 ] ] ], [ [ [ -0.325021685480098, 51.542223160296565 ], [ -0.330497692395998, 51.534151514353233 ], [ -0.331641330473394, 51.542078081771635 ], [ -0.32959674757421, 51.541567413390595 ], [ -0.325021685480098, 51.542223160296565 ] ] ], [ [ [ -0.306695316245197, 51.544891108169693 ], [ -0.306416093034233, 51.541282970976084 ], [ -0.311436508694748, 51.544774152648408 ], [ -0.329691181679734, 51.541729043992348 ], [ -0.338698982154482, 51.546304039410458 ], [ -0.341197414731537, 51.546072305353775 ], [ -0.325200183722579, 51.550814184071868 ], [ -0.306695316245197, 51.544891108169693 ] ], [ [ -0.307999235836109, 51.545226486997464 ], [ -0.308862884793723, 51.545222709551972 ], [ -0.308901682845681, 51.545205738326054 ], [ -0.308904293451946, 51.544981393449639 ], [ -0.308890146787008, 51.544952422351074 ], [ -0.307999235836109, 51.545226486997464 ] ], [ [ -0.308043484744028, 51.544495531112005 ], [ -0.308534438747798, 51.544881667351646 ], [ -0.308812919760561, 51.544936885629667 ], [ -0.308043484744028, 51.544495531112005 ] ] ], [ [ [ -0.33656076005449, 51.567565661563762 ], [ -0.333070109382397, 51.577119763314037 ], [ -0.32671072339044, 51.578121280336845 ], [ -0.324922875854628, 51.573244650981039 ], [ -0.322287804887297, 51.569640634297038 ], [ -0.33656076005449, 51.567565661563762 ] ], [ [ -0.335379519288993, 51.568719273941909 ], [ -0.335380584542079, 51.568716142675704 ], [ -0.335380118718976, 51.568716136068083 ], [ -0.335379519288993, 51.568719273941909 ] ], [ [ -0.336035901262529, 51.568167898295918 ], [ -0.336038889960447, 51.568167491062674 ], [ -0.336036151390773, 51.568167607797065 ], [ -0.336035901262529, 51.568167898295918 ] ] ], [ [ [ -0.313996377358951, 51.571358392623068 ], [ -0.318589421793458, 51.578215668656235 ], [ -0.309148085626337, 51.57092445187368 ], [ -0.313996377358951, 51.571358392623068 ] ] ], [ [ [ -0.326710452381357, 51.57812123241105 ], [ -0.32671072339044, 51.578121280336845 ], [ -0.326710803511818, 51.578121417261599 ], [ -0.326710452381357, 51.57812123241105 ] ] ], [ [ [ -0.316667749326989, 51.609703181146159 ], [ -0.315651821837792, 51.604940297483637 ], [ -0.325777695644363, 51.609358629088916 ], [ -0.316667749326989, 51.609703181146159 ] ] ], [ [ [ -0.304061021217289, 51.611971669252384 ], [ -0.304062710457223, 51.611971065102367 ], [ -0.304061954247141, 51.611971397679213 ], [ -0.304061021217289, 51.611971669252384 ] ] ], [ [ [ -0.304190321409, 51.61193398320664 ], [ -0.300444256646289, 51.613331992282731 ], [ -0.3001237946173, 51.613115196931872 ], [ -0.300613779267828, 51.612989155284453 ], [ -0.304190321409, 51.61193398320664 ] ] ], [ [ [ -0.288398106246006, 51.608215824682361 ], [ -0.293626103124241, 51.608001480622526 ], [ -0.29885440085286, 51.614537348219493 ], [ -0.292414121999289, 51.618766823337587 ], [ -0.288982123445727, 51.615672068200297 ], [ -0.293156130043498, 51.613674654993488 ], [ -0.288398106246006, 51.608215824682361 ] ], [ [ -0.288629217539705, 51.608349093888911 ], [ -0.288616804848215, 51.608340373025243 ], [ -0.288623287720797, 51.608345598492804 ], [ -0.288629217539705, 51.608349093888911 ] ] ], [ [ [ -0.299709704828253, 51.613549331907414 ], [ -0.298685501441033, 51.613553821069154 ], [ -0.300134631973327, 51.6134052692843 ], [ -0.299709704828253, 51.613549331907414 ] ] ], [ [ [ -0.298854515033034, 51.614537307610775 ], [ -0.298854621411411, 51.614537668839887 ], [ -0.29885440085286, 51.614537348219493 ], [ -0.298854515033034, 51.614537307610775 ] ] ], [ [ [ -0.304489756702204, 51.636316928976576 ], [ -0.304482225641017, 51.636314392345206 ], [ -0.304490432918136, 51.636315884860814 ], [ -0.304489756702204, 51.636316928976576 ] ] ], [ [ [ -0.219125109649513, 51.342660063822997 ], [ -0.214172655171415, 51.330337709650301 ], [ -0.229803681408068, 51.336502297377741 ], [ -0.219125109649513, 51.342660063822997 ] ] ], [ [ [ -0.22703849969359, 51.362615539550511 ], [ -0.221690696524382, 51.362640560233757 ], [ -0.21826384867553, 51.357674727700612 ], [ -0.22703849969359, 51.362615539550511 ] ] ], [ [ [ -0.288896589367001, 51.371988285362235 ], [ -0.2793767897884, 51.374845048444413 ], [ -0.281028689694072, 51.373800216893997 ], [ -0.283491981225557, 51.371871019252836 ], [ -0.284993121197984, 51.370023442794846 ], [ -0.288896589367001, 51.371988285362235 ] ] ], [ [ [ -0.214348600549745, 51.379155264319792 ], [ -0.20647941546332, 51.380957944050742 ], [ -0.202533052942188, 51.377780541802537 ], [ -0.214348600549745, 51.379155264319792 ] ] ], [ [ [ -0.196674809042688, 51.380803061193305 ], [ -0.193081395794689, 51.376062536162465 ], [ -0.195696730504219, 51.376152152227462 ], [ -0.196674809042688, 51.380803061193305 ] ] ], [ [ [ -0.186836365804995, 51.382394369899927 ], [ -0.185560971292635, 51.377906188361457 ], [ -0.19159916250395, 51.380125844773964 ], [ -0.186836365804995, 51.382394369899927 ] ] ], [ [ [ -0.201612853156548, 51.384112285834213 ], [ -0.197423601516708, 51.380692757833835 ], [ -0.199433874814619, 51.379663258857711 ], [ -0.201612853156548, 51.384112285834213 ] ] ], [ [ [ -0.229107732288111, 51.383640104776852 ], [ -0.234184256054227, 51.381132608712015 ], [ -0.23493917734429, 51.381811235195372 ], [ -0.229107732288111, 51.383640104776852 ] ] ], [ [ [ -0.265625588560136, 51.382733035109482 ], [ -0.275662735001264, 51.403272277246174 ], [ -0.259151874260651, 51.379120922491886 ], [ -0.292618018286211, 51.359079369308283 ], [ -0.265625588560136, 51.382733035109482 ] ] ], [ [ [ -0.193235643118142, 51.383316026462978 ], [ -0.194072610727129, 51.3872100906311 ], [ -0.191235656948307, 51.384886418958686 ], [ -0.193235643118142, 51.383316026462978 ] ] ], [ [ [ -0.233770589461479, 51.387549369948829 ], [ -0.233931353019237, 51.38369494178766 ], [ -0.23611555918496, 51.38513476024459 ], [ -0.233770589461479, 51.387549369948829 ] ] ], [ [ [ -0.203401572573925, 51.387236097459464 ], [ -0.20583207715724, 51.384118970464655 ], [ -0.208405206078723, 51.385187540487671 ], [ -0.203401572573925, 51.387236097459464 ] ] ], [ [ [ -0.239023547781182, 51.387214282683274 ], [ -0.245823370006795, 51.39036294593874 ], [ -0.230046918334977, 51.397915548225093 ], [ -0.223192235075977, 51.392008398628235 ], [ -0.239023547781182, 51.387214282683274 ] ], [ [ -0.240460119637166, 51.391786633025632 ], [ -0.240108228004684, 51.39119539917462 ], [ -0.240402467177382, 51.391730406335419 ], [ -0.240460119637166, 51.391786633025632 ] ], [ [ -0.239889735290341, 51.389668752878222 ], [ -0.24006355013374, 51.390636271765928 ], [ -0.240135573651855, 51.39091462924938 ], [ -0.239889735290341, 51.389668752878222 ] ] ], [ [ [ -0.216984828060243, 51.391501645638165 ], [ -0.209257225633921, 51.38806163108849 ], [ -0.214845559830809, 51.39019591155121 ], [ -0.216984828060243, 51.391501645638165 ] ], [ [ -0.214672801388507, 51.390277333253145 ], [ -0.214498316696685, 51.390181178600869 ], [ -0.21458056114122, 51.390226936154072 ], [ -0.214672801388507, 51.390277333253145 ] ] ], [ [ [ -0.247846445214146, 51.393879179133947 ], [ -0.241366170746728, 51.393401267900991 ], [ -0.248641540075407, 51.392801617208974 ], [ -0.247846445214146, 51.393879179133947 ] ] ], [ [ [ -0.214955010236028, 51.403725115971717 ], [ -0.228538650165047, 51.402947020068879 ], [ -0.228817599618563, 51.406944409324872 ], [ -0.214955010236028, 51.403725115971717 ] ] ], [ [ [ -0.257769449312631, 51.414600241629699 ], [ -0.237434030715136, 51.407736069343628 ], [ -0.24206811647074, 51.401674151486986 ], [ -0.24772711489888, 51.402156384747379 ], [ -0.257769449312631, 51.414600241629699 ] ], [ [ -0.245070748026031, 51.402220076237029 ], [ -0.245030428271072, 51.402339457726264 ], [ -0.245119557425696, 51.40206569954988 ], [ -0.245070748026031, 51.402220076237029 ] ], [ [ -0.244899605771285, 51.402692107910951 ], [ -0.244727330149253, 51.403847502494429 ], [ -0.244699551910575, 51.403371380845478 ], [ -0.244823758137009, 51.402981166237481 ], [ -0.244899605771285, 51.402692107910951 ] ], [ [ -0.244718245049435, 51.404364923258619 ], [ -0.244811341632598, 51.404482038499935 ], [ -0.244704773529457, 51.404309749177408 ], [ -0.244718245049435, 51.404364923258619 ] ], [ [ -0.245181478926594, 51.405704290375425 ], [ -0.245013628407659, 51.405326117651633 ], [ -0.244874442210466, 51.404642848144249 ], [ -0.244811607246515, 51.40448249723115 ], [ -0.245013131318825, 51.405338726743025 ], [ -0.245181478926594, 51.405704290375425 ] ], [ [ -0.245194952968908, 51.405847702523566 ], [ -0.245184729683616, 51.405718011810073 ], [ -0.245193403770299, 51.405951445962117 ], [ -0.245194952968908, 51.405847702523566 ] ], [ [ -0.245532859652411, 51.406636029957532 ], [ -0.24555027255065, 51.406650660718697 ], [ -0.245194681670886, 51.405981213597791 ], [ -0.245532859652411, 51.406636029957532 ] ], [ [ -0.245386441796275, 51.406969945209319 ], [ -0.24581077111533, 51.407564632088778 ], [ -0.245993201486045, 51.407589307360475 ], [ -0.245386441796275, 51.406969945209319 ] ], [ [ -0.246717645788496, 51.407758579895805 ], [ -0.246051646652421, 51.407597803575811 ], [ -0.246598632421478, 51.407754420669164 ], [ -0.246717645788496, 51.407758579895805 ] ], [ [ -0.246944460531571, 51.407797222044955 ], [ -0.24682379721027, 51.407769956174107 ], [ -0.246746869831982, 51.407762529294487 ], [ -0.246944460531571, 51.407797222044955 ] ], [ [ -0.246993898272359, 51.407820340030199 ], [ -0.247103942926766, 51.407889727781672 ], [ -0.247248587283608, 51.408002136806381 ], [ -0.246993898272359, 51.407820340030199 ] ], [ [ -0.247262603131401, 51.40802540015261 ], [ -0.247556799548524, 51.409006542310074 ], [ -0.247528527659761, 51.408536319117914 ], [ -0.247262603131401, 51.40802540015261 ] ] ], [ [ [ -0.244077496080947, 51.413136096631469 ], [ -0.235581682416239, 51.417426884649387 ], [ -0.240756308069941, 51.412799868733039 ], [ -0.244077496080947, 51.413136096631469 ] ], [ [ -0.238628160854147, 51.415397735230648 ], [ -0.238633967444029, 51.415397822496089 ], [ -0.238665378250319, 51.415397755002324 ], [ -0.238628160854147, 51.415397735230648 ] ] ], [ [ [ -0.276750054144143, 51.414748667111226 ], [ -0.273150773865238, 51.423672445938443 ], [ -0.267101643813751, 51.419054997042764 ], [ -0.276750054144143, 51.414748667111226 ] ] ], [ [ [ -0.266026390031696, 51.425064516043605 ], [ -0.254647110802681, 51.436674442677145 ], [ -0.252641993776641, 51.437386334007066 ], [ -0.252016766176748, 51.43666357260588 ], [ -0.248143710208096, 51.438089540762981 ], [ -0.242963263649331, 51.436288546653337 ], [ -0.236644619423296, 51.451147323564513 ], [ -0.221434112748806, 51.452994043549239 ], [ -0.232197960469357, 51.437860316908044 ], [ -0.224677838777875, 51.436553060815463 ], [ -0.221261964433358, 51.424962213440239 ], [ -0.226870600133169, 51.421222957117337 ], [ -0.24942516292768, 51.414971832121552 ], [ -0.266026390031696, 51.425064516043605 ] ], [ [ -0.246004508034464, 51.434736583713139 ], [ -0.246099791024298, 51.434711039128018 ], [ -0.246183335324914, 51.434688466208343 ], [ -0.246004508034464, 51.434736583713139 ] ], [ [ -0.247140437998347, 51.434454570511299 ], [ -0.247157055097557, 51.434451222897636 ], [ -0.247159098300727, 51.43445054712879 ], [ -0.247140437998347, 51.434454570511299 ] ], [ [ -0.248776169850302, 51.434053560080194 ], [ -0.248789540418876, 51.434050759028494 ], [ -0.248785119116694, 51.434051592225181 ], [ -0.248776169850302, 51.434053560080194 ] ], [ [ -0.251078324751526, 51.43375266311633 ], [ -0.251078325403647, 51.433752646040332 ], [ -0.251066788368564, 51.433707522141205 ], [ -0.251078324751526, 51.43375266311633 ] ], [ [ -0.251053034788594, 51.433661444495563 ], [ -0.251046987582958, 51.433559044012362 ], [ -0.251057921673659, 51.433677816680756 ], [ -0.251053034788594, 51.433661444495563 ] ], [ [ -0.251028145229683, 51.433106707355634 ], [ -0.251041570346848, 51.433416082161216 ], [ -0.251027648404227, 51.433023937110775 ], [ -0.251028145229683, 51.433106707355634 ] ], [ [ -0.251027078536933, 51.432853081464586 ], [ -0.251027562426409, 51.432845745270413 ], [ -0.251022593960532, 51.432876382640117 ], [ -0.251027078536933, 51.432853081464586 ] ], [ [ -0.251066685027787, 51.432672476950877 ], [ -0.251070841812049, 51.432660072514402 ], [ -0.251069235042677, 51.432664386938541 ], [ -0.251066685027787, 51.432672476950877 ] ], [ [ -0.25116378476105, 51.432430203716592 ], [ -0.246407277565683, 51.433725583317965 ], [ -0.244496769712754, 51.434235974475484 ], [ -0.25116378476105, 51.432430203716592 ] ], [ [ -0.24269348189448, 51.434692261731328 ], [ -0.244222793336346, 51.434305561198563 ], [ -0.243230927529718, 51.434552650624539 ], [ -0.24269348189448, 51.434692261731328 ] ], [ [ -0.241376995645064, 51.435044014357779 ], [ -0.23681789752729, 51.4364078001758 ], [ -0.239050496378352, 51.435766761324665 ], [ -0.241376995645064, 51.435044014357779 ] ], [ [ -0.235639091653535, 51.43677924017468 ], [ -0.235412120874512, 51.436853857954958 ], [ -0.235762712842987, 51.436738759590732 ], [ -0.236174146741887, 51.436596258290237 ], [ -0.236383874896855, 51.436531608264026 ], [ -0.236240901116073, 51.436572359781032 ], [ -0.235639091653535, 51.43677924017468 ] ], [ [ -0.253706215964262, 51.436918064347026 ], [ -0.253704543658854, 51.436916981917491 ], [ -0.253775620162775, 51.436978616313723 ], [ -0.253706215964262, 51.436918064347026 ] ], [ [ -0.253655684069819, 51.436866054362355 ], [ -0.253636333504034, 51.436843473374928 ], [ -0.253674786208215, 51.436887072258351 ], [ -0.253655684069819, 51.436866054362355 ] ], [ [ -0.253605660601703, 51.436801665094663 ], [ -0.253570304651721, 51.43673841992117 ], [ -0.253600883095812, 51.436795153180562 ], [ -0.253605660601703, 51.436801665094663 ] ], [ [ -0.253504238243888, 51.436585776391993 ], [ -0.253520369801364, 51.436628420117074 ], [ -0.253497764123504, 51.436564933493294 ], [ -0.253504238243888, 51.436585776391993 ] ], [ [ -0.253496516104405, 51.436560915598342 ], [ -0.253489361297156, 51.436532486451789 ], [ -0.253491136984081, 51.436543597962377 ], [ -0.253496516104405, 51.436560915598342 ] ], [ [ -0.253467577433552, 51.436396172089346 ], [ -0.253473017374591, 51.436430212978877 ], [ -0.253462829493522, 51.436314541995777 ], [ -0.253467577433552, 51.436396172089346 ] ], [ [ -0.25345625957256, 51.435983617798733 ], [ -0.253455304647732, 51.435946652107368 ], [ -0.253456909392135, 51.43609875563692 ], [ -0.25345625957256, 51.435983617798733 ] ], [ [ -0.253454165662207, 51.435904942783523 ], [ -0.253454348078298, 51.435909622752362 ], [ -0.25344607913268, 51.435846550319873 ], [ -0.253454165662207, 51.435904942783523 ] ], [ [ -0.253363376063343, 51.435627480111357 ], [ -0.253374325506048, 51.435650057943093 ], [ -0.253406373645056, 51.435720118362987 ], [ -0.253385404935234, 51.435672321174856 ], [ -0.253363376063343, 51.435627480111357 ] ], [ [ -0.253301165447688, 51.435509999583047 ], [ -0.253294259603928, 51.435496958365484 ], [ -0.253271758082428, 51.435466347212575 ], [ -0.253301165447688, 51.435509999583047 ] ], [ [ -0.253251223535655, 51.435440442492521 ], [ -0.253232535893271, 51.435417803933881 ], [ -0.253200745810305, 51.435383310975908 ], [ -0.253251223535655, 51.435440442492521 ] ], [ [ -0.253146111768959, 51.435326141513691 ], [ -0.253138008311962, 51.435316173095408 ], [ -0.25314722466903, 51.435327297623616 ], [ -0.253146111768959, 51.435326141513691 ] ], [ [ -0.253048767408564, 51.435221207462419 ], [ -0.252990055485727, 51.435174090830373 ], [ -0.252989241136381, 51.435173536781349 ], [ -0.253048767408564, 51.435221207462419 ] ], [ [ -0.252924916510882, 51.435132769366298 ], [ -0.252958877800549, 51.43515287884545 ], [ -0.252888899147085, 51.435111442425146 ], [ -0.252924916510882, 51.435132769366298 ] ], [ [ -0.252812052256742, 51.435069373012148 ], [ -0.252772669720322, 51.435050638057945 ], [ -0.252838360038497, 51.43508377506447 ], [ -0.252812052256742, 51.435069373012148 ] ], [ [ -0.252545670656672, 51.434932921543435 ], [ -0.252438809354377, 51.434878114187391 ], [ -0.252282920427638, 51.434800114404453 ], [ -0.252545670656672, 51.434932921543435 ] ], [ [ -0.252053713092449, 51.434679472886963 ], [ -0.252035289573388, 51.434669766557199 ], [ -0.25193646987822, 51.434622975278224 ], [ -0.252053713092449, 51.434679472886963 ] ], [ [ -0.251901648125335, 51.434606195238693 ], [ -0.251790788965867, 51.434549185928077 ], [ -0.25187840974546, 51.43459499703927 ], [ -0.251901648125335, 51.434606195238693 ] ], [ [ -0.251659540537031, 51.43448959127597 ], [ -0.251525663822933, 51.434427353390326 ], [ -0.251525854681131, 51.434427470116702 ], [ -0.251658725871183, 51.434489234982308 ], [ -0.251659540537031, 51.43448959127597 ] ], [ [ -0.251466986616616, 51.434391467179672 ], [ -0.25142922961939, 51.434362502145376 ], [ -0.251449466672636, 51.43438075221146 ], [ -0.251466986616616, 51.434391467179672 ] ], [ [ -0.251363040477586, 51.43430273810695 ], [ -0.251362145404308, 51.434301702441843 ], [ -0.251363575125725, 51.434303293977393 ], [ -0.251363040477586, 51.43430273810695 ] ], [ [ -0.251316738861129, 51.434244753946054 ], [ -0.251312903211685, 51.434239437686308 ], [ -0.251314327975791, 51.434241730234405 ], [ -0.251316738861129, 51.434244753946054 ] ], [ [ -0.251259991164847, 51.432291827678846 ], [ -0.251322571636208, 51.432217706144613 ], [ -0.251185768132317, 51.432392723524487 ], [ -0.251259991164847, 51.432291827678846 ] ], [ [ -0.251434958044743, 51.432117735283605 ], [ -0.25146902211665, 51.432088755660338 ], [ -0.25134830464775, 51.432193482231007 ], [ -0.251434958044743, 51.432117735283605 ] ], [ [ -0.252235666818583, 51.431405669911662 ], [ -0.251841242629331, 51.431761901224505 ], [ -0.251564209823172, 51.432008008430707 ], [ -0.251808762804159, 51.431803627599749 ], [ -0.252235666818583, 51.431405669911662 ] ], [ [ -0.252394395066119, 51.431253944300998 ], [ -0.252236213707227, 51.431405186610455 ], [ -0.252465455506522, 51.43120731908521 ], [ -0.252394395066119, 51.431253944300998 ] ], [ [ -0.252913910282593, 51.431032037795468 ], [ -0.252541821481486, 51.431160848734862 ], [ -0.252483680713571, 51.431197562179854 ], [ -0.252913910282593, 51.431032037795468 ] ], [ [ -0.253297336652315, 51.427658063861315 ], [ -0.254181912834708, 51.429705077874445 ], [ -0.254228334409324, 51.429581672811246 ], [ -0.25426252174162, 51.429307461179867 ], [ -0.254244347100165, 51.429218164763419 ], [ -0.253722799243975, 51.428295409019732 ], [ -0.253297336652315, 51.427658063861315 ] ], [ [ -0.253026831770966, 51.427006304516723 ], [ -0.252401334534983, 51.426208400915556 ], [ -0.252528059711566, 51.426507006616283 ], [ -0.253078469024764, 51.427110883572944 ], [ -0.253245905211628, 51.427486215093481 ], [ -0.253219903794297, 51.42739406105904 ], [ -0.253026831770966, 51.427006304516723 ] ], [ [ -0.252261032085699, 51.425737718183562 ], [ -0.252369576413844, 51.426098155566102 ], [ -0.252265511294963, 51.425710589875777 ], [ -0.252261032085699, 51.425737718183562 ] ], [ [ -0.252452754983857, 51.424973543086608 ], [ -0.252776407744243, 51.424347764266535 ], [ -0.252266547496078, 51.425686455581726 ], [ -0.252452754983857, 51.424973543086608 ] ], [ [ -0.2519591741133, 51.42292535474386 ], [ -0.25295979004326, 51.423408303260942 ], [ -0.252959623457901, 51.423318375701541 ], [ -0.252951362905018, 51.423214389109617 ], [ -0.252926566948315, 51.423185693111733 ], [ -0.252891109512083, 51.423153690811056 ], [ -0.252848943328554, 51.423127883252093 ], [ -0.252783143681937, 51.423099475250829 ], [ -0.252666654716452, 51.423061319042425 ], [ -0.252549138663206, 51.423031240661828 ], [ -0.2519591741133, 51.42292535474386 ] ], [ [ -0.251780640488233, 51.422853868857587 ], [ -0.251766481422243, 51.422845559844149 ], [ -0.251802394980469, 51.422864906637287 ], [ -0.251780640488233, 51.422853868857587 ] ], [ [ -0.251405696071351, 51.422574828236449 ], [ -0.251708151617605, 51.422812321333069 ], [ -0.251738749814264, 51.422828249274275 ], [ -0.251517864434167, 51.422653912405572 ], [ -0.251470994057672, 51.422619491280969 ], [ -0.251410724671289, 51.422578125859239 ], [ -0.251405696071351, 51.422574828236449 ] ], [ [ -0.251197645242814, 51.42241398085514 ], [ -0.251197421657689, 51.422413676410876 ], [ -0.251198350610254, 51.422414695211074 ], [ -0.251197645242814, 51.42241398085514 ] ], [ [ -0.251122987236828, 51.422316251355539 ], [ -0.2510677793677, 51.422161152052908 ], [ -0.250996902651479, 51.422039584203546 ], [ -0.251122987236828, 51.422316251355539 ] ], [ [ -0.250931122024996, 51.421897880352311 ], [ -0.2509309032319, 51.42189723818133 ], [ -0.250931302658081, 51.421898327238424 ], [ -0.250931122024996, 51.421897880352311 ] ], [ [ -0.25092770657502, 51.421887855799874 ], [ -0.250921186234318, 51.421868718205189 ], [ -0.250925250984494, 51.421882505469171 ], [ -0.25092770657502, 51.421887855799874 ] ], [ [ -0.250782416074455, 51.421309798953125 ], [ -0.250665871717642, 51.421088798820762 ], [ -0.250908840917977, 51.421826844011704 ], [ -0.250782416074455, 51.421309798953125 ] ], [ [ -0.250583757542752, 51.420937691290248 ], [ -0.250560430513369, 51.42062575250629 ], [ -0.250634258545383, 51.421041916907264 ], [ -0.250583757542752, 51.420937691290248 ] ], [ [ -0.2505623428479, 51.420613204341876 ], [ -0.250283350745697, 51.419614454748285 ], [ -0.249943627528745, 51.419132779263862 ], [ -0.249810157553198, 51.41891577811716 ], [ -0.2505623428479, 51.420613204341876 ] ], [ [ -0.249737654296672, 51.418753004722433 ], [ -0.249744756518708, 51.417505311224978 ], [ -0.249778152705928, 51.417402845597451 ], [ -0.2498176092405, 51.41727349290003 ], [ -0.249843679495414, 51.417156090589188 ], [ -0.249737654296672, 51.418753004722433 ] ], [ [ -0.222144149187762, 51.424673628562985 ], [ -0.222128773635394, 51.424681758401498 ], [ -0.222124402953528, 51.424684299941084 ], [ -0.222144149187762, 51.424673628562985 ] ], [ [ -0.221668053217772, 51.424934491586463 ], [ -0.221671080880397, 51.424932828940861 ], [ -0.221524861928805, 51.424990752466144 ], [ -0.221668053217772, 51.424934491586463 ] ], [ [ -0.221891477892237, 51.424812651160551 ], [ -0.221864040421014, 51.42482580465893 ], [ -0.22179199697904, 51.424867147477656 ], [ -0.221891477892237, 51.424812651160551 ] ], [ [ -0.222647851213309, 51.424410313627391 ], [ -0.223012365353158, 51.424127081176962 ], [ -0.222613832187063, 51.424434068617323 ], [ -0.222647851213309, 51.424410313627391 ] ], [ [ -0.229105799073545, 51.424697752773532 ], [ -0.230301079614286, 51.427621714458681 ], [ -0.23287343678431, 51.42705441942946 ], [ -0.229105799073545, 51.424697752773532 ] ], [ [ -0.228588034243798, 51.446901917053708 ], [ -0.23104681650812, 51.450195644002612 ], [ -0.233493601457772, 51.447263707421037 ], [ -0.228588034243798, 51.446901917053708 ] ], [ [ -0.227436732047246, 51.448963974536333 ], [ -0.226080501579617, 51.44726953570202 ], [ -0.225341980717204, 51.447594221816431 ], [ -0.227436732047246, 51.448963974536333 ] ] ], [ [ [ -0.201000402149775, 51.4356812537347 ], [ -0.217781443248935, 51.436728985930237 ], [ -0.210482127137396, 51.440587117531408 ], [ -0.206006448894005, 51.441339219448452 ], [ -0.201000402149775, 51.4356812537347 ] ], [ [ -0.212297031631852, 51.437855985149156 ], [ -0.212289421751971, 51.437856667881398 ], [ -0.212187222069025, 51.437870945109388 ], [ -0.212297031631852, 51.437855985149156 ] ], [ [ -0.212073830445556, 51.437886785844057 ], [ -0.211996463545937, 51.437897593948676 ], [ -0.211976295947056, 51.437900954650459 ], [ -0.212073830445556, 51.437886785844057 ] ], [ [ -0.211645267660623, 51.437955451506909 ], [ -0.211551260086375, 51.437969918549953 ], [ -0.211476989336035, 51.437983098232905 ], [ -0.211645267660623, 51.437955451506909 ] ], [ [ -0.210665746518009, 51.438116188075114 ], [ -0.210637759156213, 51.438120176282943 ], [ -0.210653599169294, 51.438118125416835 ], [ -0.210665746518009, 51.438116188075114 ] ], [ [ -0.210030907791553, 51.438194568206995 ], [ -0.210395217016502, 51.438151579126618 ], [ -0.210622433925485, 51.438122160498246 ], [ -0.210030907791553, 51.438194568206995 ] ], [ [ -0.208970571359819, 51.438324362187551 ], [ -0.208957236530379, 51.438325878782827 ], [ -0.209674191185795, 51.438238233280465 ], [ -0.208970571359819, 51.438324362187551 ] ], [ [ -0.208745189978575, 51.438347976873054 ], [ -0.208741851377416, 51.43834846810546 ], [ -0.208759962905692, 51.438346568591264 ], [ -0.208745189978575, 51.438347976873054 ] ], [ [ -0.206578256518472, 51.438654552146673 ], [ -0.206569102125661, 51.438655806327446 ], [ -0.206575714813591, 51.438654988054857 ], [ -0.206578256518472, 51.438654552146673 ] ], [ [ -0.206330589022074, 51.438682877724993 ], [ -0.206314706322774, 51.438683822769001 ], [ -0.206432773196617, 51.438672676052249 ], [ -0.206330589022074, 51.438682877724993 ] ], [ [ -0.206007332546461, 51.438703526753557 ], [ -0.20616915264834, 51.438691648044298 ], [ -0.206120868224478, 51.438694506151947 ], [ -0.206007332546461, 51.438703526753557 ] ], [ [ -0.205989490270537, 51.438705085097418 ], [ -0.205912925254853, 51.438713081259309 ], [ -0.205991804860529, 51.438704882941195 ], [ -0.205989490270537, 51.438705085097418 ] ], [ [ -0.205521059542394, 51.438779270526766 ], [ -0.20556323103503, 51.438771734692594 ], [ -0.205840756454294, 51.438723190983978 ], [ -0.205696450939399, 51.438747792732322 ], [ -0.205521059542394, 51.438779270526766 ] ], [ [ -0.205152204648918, 51.43884789666717 ], [ -0.204878418071965, 51.438893750950477 ], [ -0.205065864949839, 51.438863909160659 ], [ -0.205152204648918, 51.43884789666717 ] ] ], [ [ [ -0.196924795233775, 51.455070850552509 ], [ -0.191762074603584, 51.452823226384524 ], [ -0.195284340008407, 51.442723248952703 ], [ -0.196924795233775, 51.455070850552509 ] ] ], [ [ [ -0.207564529850294, 51.462327782225458 ], [ -0.201055630532217, 51.462871951368882 ], [ -0.200690016095735, 51.460748131731918 ], [ -0.207564529850294, 51.462327782225458 ] ] ], [ [ [ -0.241796966407651, 51.466807306531344 ], [ -0.238155181119196, 51.466168768199125 ], [ -0.243478030452283, 51.465396407197815 ], [ -0.241796966407651, 51.466807306531344 ] ] ], [ [ [ -0.246680840916821, 51.467568363084254 ], [ -0.244328766528163, 51.465325069705443 ], [ -0.248477613275247, 51.46516275927825 ], [ -0.246680840916821, 51.467568363084254 ] ] ], [ [ [ -0.205286828579082, 51.466023492070065 ], [ -0.198426737531919, 51.467263534679738 ], [ -0.197491523868215, 51.464980818735626 ], [ -0.205286828579082, 51.466023492070065 ] ] ], [ [ [ -0.234010130860171, 51.467443849585308 ], [ -0.241468888457449, 51.467046082043218 ], [ -0.233184823095128, 51.469050139068074 ], [ -0.237635215176474, 51.469933552099995 ], [ -0.236945830650497, 51.470785115431845 ], [ -0.236724890775891, 51.471735443262915 ], [ -0.239107533873296, 51.475203668495809 ], [ -0.230372496707026, 51.488158249259484 ], [ -0.226823747463531, 51.484876085415706 ], [ -0.221760066084286, 51.472332256036829 ], [ -0.223777319693382, 51.470739241110294 ], [ -0.230961383056176, 51.472787974278518 ], [ -0.231215601650973, 51.472823283057522 ], [ -0.23187621588833, 51.472812563896447 ], [ -0.232464347708041, 51.472665411880534 ], [ -0.227774860342585, 51.471670226642743 ], [ -0.227477515276766, 51.468440516262966 ], [ -0.234010130860171, 51.467443849585308 ] ], [ [ -0.227747473799582, 51.483877274830476 ], [ -0.227747577803467, 51.483877564160721 ], [ -0.227749686365156, 51.483881130060745 ], [ -0.227747473799582, 51.483877274830476 ] ], [ [ -0.236094964104594, 51.47125073522912 ], [ -0.236089269507024, 51.471247933839578 ], [ -0.236100573747734, 51.471253499370583 ], [ -0.236094964104594, 51.47125073522912 ] ], [ [ -0.232984666906237, 51.471462976879693 ], [ -0.232984182199983, 51.47146303550673 ], [ -0.23301635650502, 51.47145929992233 ], [ -0.232984666906237, 51.471462976879693 ] ], [ [ -0.232974840921523, 51.471630848524228 ], [ -0.232974780430851, 51.471622336173375 ], [ -0.232971129196911, 51.471563676491847 ], [ -0.232974840921523, 51.471630848524228 ] ], [ [ -0.232981592754535, 51.471680799910523 ], [ -0.232979959134741, 51.47167410868397 ], [ -0.232982501163062, 51.471684465995416 ], [ -0.232981592754535, 51.471680799910523 ] ], [ [ -0.232994107755799, 51.471725083045953 ], [ -0.233005790834336, 51.471751395697524 ], [ -0.2329940452558, 51.471724864328394 ], [ -0.232994107755799, 51.471725083045953 ] ], [ [ -0.233071992348214, 51.471975855982485 ], [ -0.233054764609739, 51.471879667262542 ], [ -0.233070727649583, 51.472016666559533 ], [ -0.233071992348214, 51.471975855982485 ] ], [ [ -0.23306881519347, 51.472058089121738 ], [ -0.233070903255139, 51.47204131269573 ], [ -0.233068151747047, 51.472060408548288 ], [ -0.23306881519347, 51.472058089121738 ] ], [ [ -0.23306073450007, 51.472080898126286 ], [ -0.23306618275486, 51.472067292197963 ], [ -0.233057985351571, 51.472087407994316 ], [ -0.23306073450007, 51.472080898126286 ] ], [ [ -0.233045856128459, 51.472111035388899 ], [ -0.233048951998908, 51.472106349084349 ], [ -0.233050602689728, 51.472102047485436 ], [ -0.233045856128459, 51.472111035388899 ] ], [ [ -0.233002721445503, 51.472167829465491 ], [ -0.233010224811236, 51.472158371376466 ], [ -0.233010447034508, 51.472158069460797 ], [ -0.233002721445503, 51.472167829465491 ] ], [ [ -0.232956745009929, 51.472218874235253 ], [ -0.232961970051065, 51.472214746304488 ], [ -0.232983755884141, 51.472191590050407 ], [ -0.232956745009929, 51.472218874235253 ] ], [ [ -0.23274876286887, 51.472385087536615 ], [ -0.232748782038994, 51.472385070856809 ], [ -0.232748646605527, 51.472385365828032 ], [ -0.23274876286887, 51.472385087536615 ] ], [ [ -0.232744721075179, 51.472396824727177 ], [ -0.23274476728824, 51.472397452048526 ], [ -0.232745031900716, 51.472395917405578 ], [ -0.232744721075179, 51.472396824727177 ] ], [ [ -0.232719447285133, 51.472528957810525 ], [ -0.232748380869939, 51.472446504781473 ], [ -0.232756147927061, 51.472509730933972 ], [ -0.232719447285133, 51.472528957810525 ] ], [ [ -0.233154558539935, 51.469130536068036 ], [ -0.233163562718839, 51.469102357983985 ], [ -0.233150861918627, 51.469138907570525 ], [ -0.233154558539935, 51.469130536068036 ] ], [ [ -0.233056914031202, 51.469533725539435 ], [ -0.233057960885107, 51.469522674582215 ], [ -0.233050947340454, 51.469552822094073 ], [ -0.233056914031202, 51.469533725539435 ] ], [ [ -0.233038029943197, 51.469612574646455 ], [ -0.233040862190698, 51.469596172808558 ], [ -0.233036883308158, 51.469617855783738 ], [ -0.233038029943197, 51.469612574646455 ] ], [ [ -0.233008503678412, 51.469966882392292 ], [ -0.233006634650854, 51.469981234074766 ], [ -0.233007487798058, 51.470008630909618 ], [ -0.233008503678412, 51.469966882392292 ] ], [ [ -0.233007463632029, 51.470291944275814 ], [ -0.233008274836293, 51.470279244232174 ], [ -0.233006317907256, 51.470296587536467 ], [ -0.233007463632029, 51.470291944275814 ] ], [ [ -0.232963822194562, 51.470444107209076 ], [ -0.232992099473802, 51.470354210356618 ], [ -0.232996955273116, 51.470334531335617 ], [ -0.232963822194562, 51.470444107209076 ] ], [ [ -0.232931371505979, 51.470573880752383 ], [ -0.23293395208938, 51.470554479605696 ], [ -0.232931692521297, 51.470562828888134 ], [ -0.232931371505979, 51.470573880752383 ] ], [ [ -0.232927380384265, 51.470650435919111 ], [ -0.232927443372662, 51.470648805662293 ], [ -0.23292083990692, 51.470713469924178 ], [ -0.232927380384265, 51.470650435919111 ] ], [ [ -0.232911012501944, 51.470831836991728 ], [ -0.232910970110848, 51.47083185343854 ], [ -0.232910969691177, 51.470832944993454 ], [ -0.232911012501944, 51.470831836991728 ] ], [ [ -0.232916401573314, 51.470931628867987 ], [ -0.232910954634732, 51.470872106495747 ], [ -0.232910949821928, 51.470884624500457 ], [ -0.232916401573314, 51.470931628867987 ] ], [ [ -0.232935563508822, 51.47112805900565 ], [ -0.232932581977689, 51.471111315969267 ], [ -0.232938753675081, 51.471171171594598 ], [ -0.232935563508822, 51.47112805900565 ] ], [ [ -0.233215753757734, 51.468999272560879 ], [ -0.233214929252754, 51.469001050121477 ], [ -0.233223268665654, 51.46898091234231 ], [ -0.233215753757734, 51.468999272560879 ] ], [ [ -0.233267995326127, 51.468868073859824 ], [ -0.233283393779391, 51.468833028322827 ], [ -0.233295404018714, 51.468796959455524 ], [ -0.233267995326127, 51.468868073859824 ] ], [ [ -0.233301784682824, 51.468776207019317 ], [ -0.233305336384039, 51.468768163576485 ], [ -0.233308051193198, 51.468755659173631 ], [ -0.233301784682824, 51.468776207019317 ] ], [ [ -0.233337597724853, 51.468647775785932 ], [ -0.23336205464701, 51.468574596851774 ], [ -0.233337877111401, 51.468646641419213 ], [ -0.233337597724853, 51.468647775785932 ] ], [ [ -0.233389199756003, 51.468487224478999 ], [ -0.233397858494847, 51.468460216827019 ], [ -0.233409391756452, 51.468417982244695 ], [ -0.233389199756003, 51.468487224478999 ] ], [ [ -0.233425220375574, 51.468359541999483 ], [ -0.233482439947156, 51.468134165429582 ], [ -0.233496381049049, 51.46807142820753 ], [ -0.23350600174576, 51.468007421900488 ], [ -0.233425220375574, 51.468359541999483 ] ], [ [ -0.233505129520064, 51.467973712455404 ], [ -0.233506093588305, 51.468006340991153 ], [ -0.23350636979073, 51.467999189347829 ], [ -0.233505129520064, 51.467973712455404 ] ], [ [ -0.233504259846068, 51.467962838427596 ], [ -0.233503736432712, 51.467955536213381 ], [ -0.233501073619787, 51.467937514404127 ], [ -0.233504259846068, 51.467962838427596 ] ], [ [ -0.233492096296713, 51.467867063078266 ], [ -0.233492619034873, 51.467870326407223 ], [ -0.233484972311029, 51.467822589744316 ], [ -0.233492096296713, 51.467867063078266 ] ], [ [ -0.233479477879844, 51.467792209546261 ], [ -0.2334761616636, 51.467774821819638 ], [ -0.233474260413846, 51.467769166568146 ], [ -0.233479477879844, 51.467792209546261 ] ], [ [ -0.233462023361191, 51.467715121532372 ], [ -0.23346775045994, 51.467740415307397 ], [ -0.233461528136638, 51.467712934369381 ], [ -0.233462023361191, 51.467715121532372 ] ], [ [ -0.233453541294196, 51.467689502204159 ], [ -0.233442623789252, 51.467664775671963 ], [ -0.233461122274783, 51.467711538866446 ], [ -0.233453541294196, 51.467689502204159 ] ], [ [ -0.228529714294647, 51.470103007613147 ], [ -0.22846636209615, 51.468912777502297 ], [ -0.227831741095184, 51.470076728052881 ], [ -0.228529714294647, 51.470103007613147 ] ], [ [ -0.226767877466246, 51.475975406970896 ], [ -0.22677507843441, 51.475993950415159 ], [ -0.226770836884091, 51.475983014385527 ], [ -0.226767877466246, 51.475975406970896 ] ], [ [ -0.226687965035983, 51.47577096881303 ], [ -0.226694533492621, 51.475787254581874 ], [ -0.226693889992779, 51.475785653184261 ], [ -0.226687965035983, 51.47577096881303 ] ], [ [ -0.226321127943893, 51.475187259023699 ], [ -0.226325897276237, 51.475193122313428 ], [ -0.226316276447329, 51.475181286581311 ], [ -0.226321127943893, 51.475187259023699 ] ], [ [ -0.224819403504649, 51.473345303636194 ], [ -0.224885038936696, 51.47341643855578 ], [ -0.224884983815217, 51.473416374774025 ], [ -0.224819403504649, 51.473345303636194 ] ], [ [ -0.223860875487163, 51.472387927615351 ], [ -0.223979041674184, 51.47249672791029 ], [ -0.223951599404764, 51.472471457057239 ], [ -0.223860875487163, 51.472387927615351 ] ], [ [ -0.223355558634655, 51.471959424425528 ], [ -0.223421133651454, 51.47201347359308 ], [ -0.223387202071308, 51.471985505454619 ], [ -0.223355558634655, 51.471959424425528 ] ], [ [ -0.227376398426099, 51.482685912476477 ], [ -0.227377035116916, 51.482690292432757 ], [ -0.227373858633593, 51.482668212907591 ], [ -0.227376398426099, 51.482685912476477 ] ], [ [ -0.227365375307862, 51.482610281185885 ], [ -0.227365859484062, 51.482613539979845 ], [ -0.227364522985527, 51.482604405222766 ], [ -0.227365375307862, 51.482610281185885 ] ], [ [ -0.226946076821099, 51.480125423776279 ], [ -0.226944837649816, 51.480111700536163 ], [ -0.226939527087105, 51.480052935468187 ], [ -0.226946076821099, 51.480125423776279 ] ], [ [ -0.226958454810035, 51.479323483800783 ], [ -0.226967518625072, 51.479181854760164 ], [ -0.227007091604879, 51.478563187507341 ], [ -0.226958454810035, 51.479323483800783 ] ], [ [ -0.226970013563128, 51.476611532900812 ], [ -0.22696967764017, 51.476609054894602 ], [ -0.226962169561369, 51.476553862542367 ], [ -0.226970013563128, 51.476611532900812 ] ], [ [ -0.226953032484974, 51.476507629025853 ], [ -0.226953135526569, 51.476508314010992 ], [ -0.226951992556106, 51.476500653136178 ], [ -0.226953032484974, 51.476507629025853 ] ], [ [ -0.22695012999353, 51.476492981380474 ], [ -0.226949810866627, 51.476491555746108 ], [ -0.226948284855993, 51.476484860265131 ], [ -0.22695012999353, 51.476492981380474 ] ] ], [ [ [ -0.248538982330688, 51.469406763944285 ], [ -0.249923377332509, 51.468013822518664 ], [ -0.249960152205306, 51.468407341388449 ], [ -0.248538982330688, 51.469406763944285 ] ] ], [ [ [ -0.238004980798255, 51.469903139465238 ], [ -0.241638251824605, 51.467097181340023 ], [ -0.245852535373369, 51.468162065300461 ], [ -0.238004980798255, 51.469903139465238 ] ] ], [ [ [ -0.247284082510614, 51.473279493306521 ], [ -0.23703412238206, 51.471800342573289 ], [ -0.236946536354875, 51.47142044319564 ], [ -0.243759199589831, 51.470334779247032 ], [ -0.247284082510614, 51.473279493306521 ] ] ], [ [ [ -0.213901356670746, 51.47388986171164 ], [ -0.212282312191607, 51.467754839511855 ], [ -0.221955476079117, 51.473878777125606 ], [ -0.213901356670746, 51.47388986171164 ] ] ], [ [ [ -0.260065933702091, 51.469882325536396 ], [ -0.261307085496213, 51.470809421892454 ], [ -0.253299505895056, 51.472295559065635 ], [ -0.260065933702091, 51.469882325536396 ] ] ], [ [ [ -0.276965842575526, 51.4691917288404 ], [ -0.279494742762673, 51.473653130367779 ], [ -0.27652402625698, 51.473293870190126 ], [ -0.276965842575526, 51.4691917288404 ] ] ], [ [ [ -0.269992337206324, 51.473150644462301 ], [ -0.273567675983177, 51.474252584426644 ], [ -0.279376020084573, 51.483936888611041 ], [ -0.272976779806063, 51.475657940075692 ], [ -0.269992337206324, 51.473150644462301 ] ] ], [ [ [ -0.2392077870108, 51.488746042956706 ], [ -0.246467038590654, 51.483058243731072 ], [ -0.249937149455046, 51.475593308648584 ], [ -0.253776195696929, 51.472800516467061 ], [ -0.247850909929472, 51.485449333342544 ], [ -0.2389592852849, 51.489539887674773 ], [ -0.230526659318625, 51.488231993485179 ], [ -0.232236668668132, 51.486618713245974 ], [ -0.2392077870108, 51.488746042956706 ] ], [ [ -0.231407742321203, 51.487456449950251 ], [ -0.231403349810132, 51.4874530834784 ], [ -0.231382561001135, 51.487437186047735 ], [ -0.231407742321203, 51.487456449950251 ] ], [ [ -0.244222189442151, 51.486381762018681 ], [ -0.244187314622656, 51.486366520132925 ], [ -0.244187314384276, 51.486366520317745 ], [ -0.244222189442151, 51.486381762018681 ] ], [ [ -0.248452833144762, 51.483497976368433 ], [ -0.248446913117306, 51.483489722818554 ], [ -0.248411403266856, 51.483470380255859 ], [ -0.248452833144762, 51.483497976368433 ] ] ], [ [ [ -0.245052135782344, 51.480597653842274 ], [ -0.243532282062697, 51.483365476411898 ], [ -0.242218681517472, 51.480746079652675 ], [ -0.245052135782344, 51.480597653842274 ] ] ], [ [ [ -0.282064971459088, 51.485401627234417 ], [ -0.280534606642016, 51.484962430482348 ], [ -0.280029642021656, 51.484584464973338 ], [ -0.282064971459088, 51.485401627234417 ] ] ], [ [ [ -0.186187832649666, 51.482973151254484 ], [ -0.193823001577193, 51.486570196363402 ], [ -0.19538280718031, 51.487502900988673 ], [ -0.186187832649666, 51.482973151254484 ] ] ], [ [ [ -0.207524568534307, 51.503439407728848 ], [ -0.20218240902953, 51.504960993437436 ], [ -0.198494903227699, 51.499228821348915 ], [ -0.207524568534307, 51.503439407728848 ] ] ], [ [ [ -0.263621255561083, 51.506612151397498 ], [ -0.251936280165216, 51.512109355974879 ], [ -0.246783014380821, 51.511184072558649 ], [ -0.263621255561083, 51.506612151397498 ] ] ], [ [ [ -0.232785046517288, 51.518715595926864 ], [ -0.243240542189844, 51.517945113051141 ], [ -0.251250306415774, 51.521420928864778 ], [ -0.235547576588256, 51.524731362328559 ], [ -0.228585465252096, 51.520326062829639 ], [ -0.229801722849234, 51.519063462269806 ], [ -0.232785046517288, 51.518715595926864 ] ], [ [ -0.237328214336057, 51.518398558208744 ], [ -0.237175829036947, 51.518501003091444 ], [ -0.237359869088789, 51.51839468413079 ], [ -0.237328214336057, 51.518398558208744 ] ], [ [ -0.237175829143318, 51.518501005505755 ], [ -0.237178488290191, 51.518561360792411 ], [ -0.237221895505764, 51.518744383599895 ], [ -0.237175829143318, 51.518501005505755 ] ], [ [ -0.237223723675797, 51.518746991961628 ], [ -0.237569203488521, 51.519224118925592 ], [ -0.238081856173665, 51.519927927649732 ], [ -0.237223723675797, 51.518746991961628 ] ], [ [ -0.238083290049304, 51.51992990090551 ], [ -0.237493867175617, 51.520005774363341 ], [ -0.238083293020456, 51.519929904994321 ], [ -0.238083290049304, 51.51992990090551 ] ], [ [ -0.236889088784881, 51.520048331131051 ], [ -0.236957503982658, 51.520025442728176 ], [ -0.236883928899855, 51.520031174932399 ], [ -0.236889088784881, 51.520048331131051 ] ], [ [ -0.236829259553972, 51.520055211040834 ], [ -0.23678189315681, 51.520060655842109 ], [ -0.236781893627366, 51.520060657764738 ], [ -0.236829259553972, 51.520055211040834 ] ], [ [ -0.235474148931233, 51.520201548404366 ], [ -0.234340691184901, 51.520340088696308 ], [ -0.236520726502091, 51.520074292606147 ], [ -0.235474148931233, 51.520201548404366 ] ], [ [ -0.232777197969894, 51.520351985615086 ], [ -0.233007484741018, 51.520374478332386 ], [ -0.232584408664731, 51.520319108869678 ], [ -0.232777197969894, 51.520351985615086 ] ], [ [ -0.23174787055114, 51.520047044093076 ], [ -0.231578466077104, 51.519911753629593 ], [ -0.231541264694698, 51.519842416200312 ], [ -0.23174787055114, 51.520047044093076 ] ], [ [ -0.231509778751558, 51.519341032700723 ], [ -0.231468854298597, 51.519296135544558 ], [ -0.231501452683242, 51.519361474112394 ], [ -0.231509778751558, 51.519341032700723 ] ], [ [ -0.230523836910309, 51.519347740107328 ], [ -0.230929859320522, 51.519293243873442 ], [ -0.231407753090241, 51.519229102993243 ], [ -0.231407749661831, 51.519229099232021 ], [ -0.230523836910309, 51.519347740107328 ] ] ], [ [ [ -0.227751096401773, 51.526661708951174 ], [ -0.236972345674343, 51.530134080480259 ], [ -0.231378201841154, 51.529786477733666 ], [ -0.228514332254283, 51.530211723649778 ], [ -0.224000374525573, 51.529913266417786 ], [ -0.215771344497845, 51.526882049964179 ], [ -0.227751096401773, 51.526661708951174 ] ], [ [ -0.226282852038108, 51.5299875191618 ], [ -0.226271771570977, 51.529988097992415 ], [ -0.226275851504466, 51.529987952856558 ], [ -0.226282852038108, 51.5299875191618 ] ], [ [ -0.228744645219456, 51.529889916555639 ], [ -0.228369179449053, 51.529157719272177 ], [ -0.228349084559147, 51.529130177853027 ], [ -0.228342852090165, 51.529123209219243 ], [ -0.228649341870752, 51.52978624639772 ], [ -0.228744645219456, 51.529889916555639 ] ], [ [ -0.227409803854935, 51.526727136694333 ], [ -0.22739325626071, 51.526783436400699 ], [ -0.227402764031307, 51.526758482512761 ], [ -0.227409803854935, 51.526727136694333 ] ], [ [ -0.227386194777733, 51.526796439004443 ], [ -0.227379618303831, 51.52681769930026 ], [ -0.227388025044745, 51.526793077637926 ], [ -0.227386194777733, 51.526796439004443 ] ], [ [ -0.227377855624823, 51.526882615659773 ], [ -0.227378092137337, 51.52691327429244 ], [ -0.227376889722864, 51.52725945414862 ], [ -0.22737677508685, 51.527335865248617 ], [ -0.227376924847635, 51.527372945707128 ], [ -0.227380343423996, 51.527075575093889 ], [ -0.227378097935341, 51.526913273480801 ], [ -0.227377861422809, 51.526882614848141 ], [ -0.227378194684809, 51.526852504368655 ], [ -0.227378153973111, 51.526849713924292 ], [ -0.227377855624823, 51.526882615659773 ] ], [ [ -0.227377006752038, 51.527394006311376 ], [ -0.227376355896625, 51.527480980322174 ], [ -0.227377168021456, 51.527436103958451 ], [ -0.227377006752038, 51.527394006311376 ] ], [ [ -0.227379076892906, 51.527522545746358 ], [ -0.227410920379384, 51.527717639642091 ], [ -0.227416061628625, 51.527748049503408 ], [ -0.227395759839958, 51.527590658331896 ], [ -0.227379076892906, 51.527522545746358 ] ], [ [ -0.227417398290045, 51.527755956996828 ], [ -0.227558366063837, 51.528259523277669 ], [ -0.22767567849881, 51.528413912541303 ], [ -0.227417398290045, 51.527755956996828 ] ], [ [ -0.227804140918028, 51.528641932945284 ], [ -0.227816444524526, 51.528652818005916 ], [ -0.22775592023569, 51.52854002164559 ], [ -0.227804140918028, 51.528641932945284 ] ], [ [ -0.227838065853862, 51.528674137322682 ], [ -0.227867221231272, 51.528701098366241 ], [ -0.227822875900507, 51.528659158297984 ], [ -0.227838065853862, 51.528674137322682 ] ], [ [ -0.227868702832167, 51.528702468456764 ], [ -0.227869942098009, 51.528703529405504 ], [ -0.22786870168233, 51.528702467393465 ], [ -0.227868702832167, 51.528702468456764 ] ], [ [ -0.22812512035603, 51.528928479822 ], [ -0.228196803628487, 51.528991117791755 ], [ -0.228098463560607, 51.528905089081697 ], [ -0.22812512035603, 51.528928479822 ] ], [ [ -0.22824368776805, 51.529032087712757 ], [ -0.228332593155698, 51.529111738523206 ], [ -0.228299903811289, 51.529080534493509 ], [ -0.22824368776805, 51.529032087712757 ] ] ], [ [ [ -0.242642420346909, 51.556155202158514 ], [ -0.227696784497205, 51.559165401868817 ], [ -0.228625454443523, 51.555016867798557 ], [ -0.242642420346909, 51.556155202158514 ] ] ], [ [ [ -0.254655492745216, 51.564041551920134 ], [ -0.260247065333541, 51.57328234095084 ], [ -0.248609554318952, 51.56849672399926 ], [ -0.245972676354903, 51.572202456395708 ], [ -0.233497155606725, 51.571746092693822 ], [ -0.254655492745216, 51.564041551920134 ] ] ], [ [ [ -0.212562753871701, 51.57325302473447 ], [ -0.217432072294392, 51.566423669135133 ], [ -0.219358945220519, 51.570930548110894 ], [ -0.212562753871701, 51.57325302473447 ] ] ], [ [ [ -0.254776977078899, 51.5720788807145 ], [ -0.254825013759847, 51.572075548562246 ], [ -0.254831203986645, 51.572087240682755 ], [ -0.254776977078899, 51.5720788807145 ] ] ], [ [ [ -0.272494570559435, 51.57093913794214 ], [ -0.281319608819764, 51.578639305499415 ], [ -0.281299178583559, 51.578809769311306 ], [ -0.280523121172949, 51.579360957313725 ], [ -0.278080993503414, 51.579803090133609 ], [ -0.272494570559435, 51.57093913794214 ] ] ], [ [ [ -0.189745881627675, 51.574917159149805 ], [ -0.194725573960162, 51.57626161029863 ], [ -0.188941056241168, 51.575219204161343 ], [ -0.189745881627675, 51.574917159149805 ] ] ], [ [ [ -0.257115264027551, 51.582212870192571 ], [ -0.241519420324337, 51.575246629868239 ], [ -0.257330257778232, 51.575732535442398 ], [ -0.257115264027551, 51.582212870192571 ] ], [ [ -0.253156923573183, 51.576457668043233 ], [ -0.253293434243005, 51.576730554082211 ], [ -0.253103098826517, 51.576306764821304 ], [ -0.253156923573183, 51.576457668043233 ] ], [ [ -0.253405797721956, 51.57705199683398 ], [ -0.253402827737248, 51.577039269004388 ], [ -0.25335301371638, 51.576944604341691 ], [ -0.253405797721956, 51.57705199683398 ] ], [ [ -0.253529121120422, 51.577268057335729 ], [ -0.253554142576418, 51.577308591968063 ], [ -0.253496555051999, 51.57721100213638 ], [ -0.253529121120422, 51.577268057335729 ] ], [ [ -0.253812908079091, 51.577715473395536 ], [ -0.253838598053436, 51.577747974863861 ], [ -0.253785521077874, 51.577673422805169 ], [ -0.253812908079091, 51.577715473395536 ] ], [ [ -0.254482431304065, 51.579108115430003 ], [ -0.254442486529124, 51.578983583600213 ], [ -0.254349238104557, 51.578797120341726 ], [ -0.254482431304065, 51.579108115430003 ] ] ], [ [ [ -0.268074836949564, 51.574882751720565 ], [ -0.277642947698522, 51.579726972226219 ], [ -0.268831931064345, 51.584392458935348 ], [ -0.266809309633247, 51.578901600823414 ], [ -0.268074836949564, 51.574882751720565 ] ], [ [ -0.268124198550427, 51.574950922282795 ], [ -0.26814907106115, 51.574964777757351 ], [ -0.268107286161836, 51.574936464894385 ], [ -0.268124198550427, 51.574950922282795 ] ] ], [ [ [ -0.195668334990964, 51.580173808326464 ], [ -0.196038909523314, 51.576375210101354 ], [ -0.19659015171821, 51.579154063069609 ], [ -0.195668334990964, 51.580173808326464 ] ] ], [ [ [ -0.281303018967486, 51.578811264314368 ], [ -0.281299178583559, 51.578809769311306 ], [ -0.2813155254986, 51.578801106370648 ], [ -0.281303018967486, 51.578811264314368 ] ] ], [ [ [ -0.218130513539792, 51.57874980382114 ], [ -0.223497311677988, 51.5815481387544 ], [ -0.225184434438831, 51.582791595215326 ], [ -0.218130513539792, 51.57874980382114 ] ] ], [ [ [ -0.211622684852659, 51.581901149032547 ], [ -0.211836610109727, 51.586607218887124 ], [ -0.210580507929054, 51.586603716133361 ], [ -0.211622684852659, 51.581901149032547 ] ] ], [ [ [ -0.190743744107543, 51.587198117332811 ], [ -0.189973506156742, 51.586735403176327 ], [ -0.190779723750784, 51.587041440798892 ], [ -0.190743744107543, 51.587198117332811 ] ] ], [ [ [ -0.190948398889655, 51.587292518344569 ], [ -0.192078088045012, 51.587380855075921 ], [ -0.193039203931925, 51.587806220141523 ], [ -0.190948398889655, 51.587292518344569 ] ] ], [ [ [ -0.199954376504423, 51.589618920046021 ], [ -0.206514655359073, 51.587303445602188 ], [ -0.208371276877211, 51.587390596413826 ], [ -0.199954376504423, 51.589618920046021 ] ] ], [ [ [ -0.193252767427617, 51.587541252938969 ], [ -0.19739611800155, 51.588167094568085 ], [ -0.199732056076568, 51.589648502955527 ], [ -0.193252767427617, 51.587541252938969 ] ] ], [ [ [ -0.210316099613722, 51.58764734967 ], [ -0.211417992742014, 51.587001962431813 ], [ -0.21153532264275, 51.590569803916189 ], [ -0.210316099613722, 51.58764734967 ] ] ], [ [ [ -0.21116495347515, 51.591453335334329 ], [ -0.211027734199101, 51.59075283023413 ], [ -0.211515463790485, 51.591190602546853 ], [ -0.21116495347515, 51.591453335334329 ] ] ], [ [ [ -0.185593725201951, 51.59370479025575 ], [ -0.189896968458587, 51.590251202172375 ], [ -0.191340191304198, 51.590604724284553 ], [ -0.185593725201951, 51.59370479025575 ] ] ], [ [ [ -0.210679221047394, 51.592000777872485 ], [ -0.212624722594994, 51.593446396433244 ], [ -0.21101752542292, 51.593818267972154 ], [ -0.210679221047394, 51.592000777872485 ] ] ], [ [ [ -0.233309441179931, 51.598350976863031 ], [ -0.226778713020963, 51.591857298621086 ], [ -0.22895705006043, 51.591274482632151 ], [ -0.233309441179931, 51.598350976863031 ] ] ], [ [ [ -0.202453088250423, 51.603365233621837 ], [ -0.207231087430426, 51.597224870398911 ], [ -0.211604130558679, 51.594024622248327 ], [ -0.207209914049877, 51.602874416683555 ], [ -0.202453088250423, 51.603365233621837 ] ] ], [ [ [ -0.235272368051532, 51.602021213327291 ], [ -0.216369049869921, 51.603919148387355 ], [ -0.208530249783085, 51.603196389598622 ], [ -0.235272368051532, 51.602021213327291 ] ] ], [ [ [ -0.193670640901464, 51.620126259320891 ], [ -0.200376450223445, 51.605096279930947 ], [ -0.242398939445133, 51.609247644845055 ], [ -0.305505739978237, 51.634256584919861 ], [ -0.203350245833324, 51.67010850525304 ], [ -0.198568552880084, 51.661642091462078 ], [ -0.176117809562546, 51.672466144770951 ], [ -0.158305872600541, 51.665600439415115 ], [ -0.154640799878338, 51.654909565345868 ], [ -0.193831806800787, 51.652446639350323 ], [ -0.201067646104818, 51.662594910128881 ], [ -0.223949324106031, 51.654929325862049 ], [ -0.243447922885415, 51.641941701342404 ], [ -0.193670640901464, 51.620126259320891 ] ], [ [ -0.182303004306421, 51.668223309779428 ], [ -0.182422825568857, 51.668042895957178 ], [ -0.182119004489908, 51.668481759735364 ], [ -0.182303004306421, 51.668223309779428 ] ], [ [ -0.183204543122668, 51.666866442421295 ], [ -0.183007694752375, 51.66715999112845 ], [ -0.182922784620987, 51.667290792791654 ], [ -0.183204543122668, 51.666866442421295 ] ], [ [ -0.183302743323387, 51.666717050279075 ], [ -0.18323986072728, 51.666813830278826 ], [ -0.183415959003402, 51.666551842141274 ], [ -0.183302743323387, 51.666717050279075 ] ], [ [ -0.183806233706279, 51.665971237276949 ], [ -0.183847184892074, 51.665910332618623 ], [ -0.183819589130007, 51.665951123144687 ], [ -0.183806233706279, 51.665971237276949 ] ], [ [ -0.173533506248228, 51.660140951400336 ], [ -0.173755011367868, 51.66018831311824 ], [ -0.173417594937061, 51.66011390030085 ], [ -0.173533506248228, 51.660140951400336 ] ], [ [ -0.17321183971736, 51.660068523655866 ], [ -0.172733521760036, 51.659962017186615 ], [ -0.173044469864451, 51.660032030205748 ], [ -0.17321183971736, 51.660068523655866 ] ], [ [ -0.172265787273915, 51.65985320559524 ], [ -0.172373664367305, 51.659878027127682 ], [ -0.172413346265445, 51.659887086678332 ], [ -0.172265787273915, 51.65985320559524 ] ], [ [ -0.172201543550197, 51.65983845456639 ], [ -0.172170094192842, 51.659831233466008 ], [ -0.172190694590747, 51.659836073820578 ], [ -0.172201543550197, 51.65983845456639 ] ], [ [ -0.17206569789447, 51.659808057829814 ], [ -0.172147586972052, 51.659825999831511 ], [ -0.172042085885082, 51.659801334565095 ], [ -0.17206569789447, 51.659808057829814 ] ], [ [ -0.171944674955054, 51.659779025391011 ], [ -0.171978485689937, 51.659786465374623 ], [ -0.171908479242981, 51.659770570180207 ], [ -0.171944674955054, 51.659779025391011 ] ], [ [ -0.171858652564123, 51.659760066811977 ], [ -0.171893448246336, 51.659767236244583 ], [ -0.171846690311426, 51.659756865146214 ], [ -0.171858652564123, 51.659760066811977 ] ], [ [ -0.171686467313269, 51.659721327039613 ], [ -0.171769690569828, 51.659740073255236 ], [ -0.171776393589455, 51.659741273050024 ], [ -0.171686467313269, 51.659721327039613 ] ], [ [ -0.171583562365906, 51.659695937755878 ], [ -0.171283766063431, 51.659628360301383 ], [ -0.171348768531947, 51.659645060694835 ], [ -0.171431768475578, 51.659662085110085 ], [ -0.171576711527994, 51.659695086528721 ], [ -0.171638773102354, 51.659711065402732 ], [ -0.171653317534368, 51.659713974285076 ], [ -0.171583562365906, 51.659695937755878 ] ], [ [ -0.171184621960654, 51.659608802758868 ], [ -0.171212725138132, 51.659613095915923 ], [ -0.171245172135899, 51.659619976419236 ], [ -0.171212162823834, 51.659612805700938 ], [ -0.171184621960654, 51.659608802758868 ] ], [ [ -0.171058821956509, 51.659585363309255 ], [ -0.171112796353924, 51.659599044014293 ], [ -0.171171586930505, 51.659606908175171 ], [ -0.171058821956509, 51.659585363309255 ] ], [ [ -0.170995824747635, 51.659570073684591 ], [ -0.171020217272523, 51.659575845604017 ], [ -0.170979905277474, 51.659565906973604 ], [ -0.170995824747635, 51.659570073684591 ] ], [ [ -0.17097510985097, 51.659564724695933 ], [ -0.170946063232284, 51.659557563462471 ], [ -0.1709587533451, 51.65956113528101 ], [ -0.17097510985097, 51.659564724695933 ] ], [ [ -0.170860132586665, 51.659536561812587 ], [ -0.170920850369255, 51.659552094889925 ], [ -0.170936912822045, 51.659555307495104 ], [ -0.170860132586665, 51.659536561812587 ] ], [ [ -0.170660385894785, 51.659492099384835 ], [ -0.170651030486976, 51.659490016926597 ], [ -0.170655797211774, 51.659491151268867 ], [ -0.170660385894785, 51.659492099384835 ] ], [ [ -0.170540076566524, 51.659465371184432 ], [ -0.170613840600675, 51.659482137553425 ], [ -0.170626714330724, 51.659484604294576 ], [ -0.170540076566524, 51.659465371184432 ] ], [ [ -0.170243167369466, 51.659400180258302 ], [ -0.170232102675871, 51.659397442006771 ], [ -0.17023785695392, 51.659399147693343 ], [ -0.170243167369466, 51.659400180258302 ] ], [ [ -0.170160238993738, 51.659379657434975 ], [ -0.170154443493178, 51.659378223184845 ], [ -0.170157840512654, 51.659379112444363 ], [ -0.170160238993738, 51.659379657434975 ] ], [ [ -0.170064949350218, 51.659356089810608 ], [ -0.170097215329242, 51.659364060559717 ], [ -0.170058943839386, 51.659354589265753 ], [ -0.170064949350218, 51.659356089810608 ] ], [ [ -0.169973936826276, 51.659333552028549 ], [ -0.169958504471718, 51.659329732883613 ], [ -0.169962958279109, 51.659331127737005 ], [ -0.169973936826276, 51.659333552028549 ] ], [ [ -0.169900857557198, 51.659313169059793 ], [ -0.169931898542987, 51.659322085655241 ], [ -0.169895662671048, 51.659311431317207 ], [ -0.169900857557198, 51.659313169059793 ] ], [ [ -0.169840162014508, 51.659295112605271 ], [ -0.169819279259332, 51.659288972503738 ], [ -0.169828866622694, 51.659292179583929 ], [ -0.169840162014508, 51.659295112605271 ] ], [ [ -0.169758983810926, 51.65927212214681 ], [ -0.169775334673673, 51.659276051592897 ], [ -0.169749792388205, 51.659268541461941 ], [ -0.169758983810926, 51.65927212214681 ] ], [ [ -0.169742972292176, 51.659267108492287 ], [ -0.169748115062703, 51.659268048282343 ], [ -0.169738011912634, 51.659266154171057 ], [ -0.169742972292176, 51.659267108492287 ] ], [ [ -0.169693492001229, 51.659262629417739 ], [ -0.169715990656725, 51.65926516017511 ], [ -0.169737705427017, 51.659266129905824 ], [ -0.169693492001229, 51.659262629417739 ] ], [ [ -0.16912054758738, 51.659140379166118 ], [ -0.169428012496181, 51.659208170941653 ], [ -0.169633668899478, 51.659254437768162 ], [ -0.169272815491714, 51.659173061065552 ], [ -0.16912054758738, 51.659140379166118 ] ], [ [ -0.168864564292392, 51.65908436736985 ], [ -0.168824816100797, 51.659075515085185 ], [ -0.168849005115377, 51.659081199287904 ], [ -0.168864564292392, 51.65908436736985 ] ], [ [ -0.168529958978385, 51.659009847715666 ], [ -0.168606090769223, 51.659027158777562 ], [ -0.168619143783607, 51.659029709984928 ], [ -0.168529958978385, 51.659009847715666 ] ], [ [ -0.168384869100564, 51.658977534877017 ], [ -0.168357542145444, 51.658971448914961 ], [ -0.16837310696413, 51.6589751601297 ], [ -0.168384869100564, 51.658977534877017 ] ], [ [ -0.168042639801678, 51.658901476018784 ], [ -0.168014569604305, 51.658895261129075 ], [ -0.168022080413937, 51.658897227462703 ], [ -0.168042639801678, 51.658901476018784 ] ], [ [ -0.167921162567572, 51.658875246894233 ], [ -0.167980229605157, 51.658887658072196 ], [ -0.167906445848294, 51.658871321959374 ], [ -0.167921162567572, 51.658875246894233 ] ], [ [ -0.167809162780958, 51.65885021580835 ], [ -0.16787169419642, 51.658863627760411 ], [ -0.167787693982711, 51.658845029670168 ], [ -0.167809162780958, 51.65885021580835 ] ], [ [ -0.167580192468424, 51.658799267343923 ], [ -0.167634732636607, 51.6588111632216 ], [ -0.167567781251914, 51.658796339832001 ], [ -0.167580192468424, 51.658799267343923 ] ], [ [ -0.167220541545801, 51.658718723381853 ], [ -0.167187182485394, 51.658711242481623 ], [ -0.167207201765622, 51.65871622537977 ], [ -0.167220541545801, 51.658718723381853 ] ], [ [ -0.167160424178219, 51.658705241826212 ], [ -0.167103842924395, 51.658692553257964 ], [ -0.167126150912135, 51.65869823922641 ], [ -0.167160424178219, 51.658705241826212 ] ], [ [ -0.167019234301431, 51.658674275869608 ], [ -0.167055353822921, 51.658681679386639 ], [ -0.166999175894224, 51.658669081265636 ], [ -0.167019234301431, 51.658674275869608 ] ], [ [ -0.166904494712454, 51.658647848638999 ], [ -0.166835661844625, 51.658632412598223 ], [ -0.166901235841889, 51.658647262798901 ], [ -0.166904494712454, 51.658647848638999 ] ], [ [ -0.165970956843886, 51.658441155081803 ], [ -0.165951315359042, 51.658436811081202 ], [ -0.165962285944456, 51.658439323859277 ], [ -0.165970956843886, 51.658441155081803 ] ], [ [ -0.165579882130627, 51.658356370108621 ], [ -0.165566777879824, 51.658353535840021 ], [ -0.165570425536535, 51.658354363335221 ], [ -0.165579882130627, 51.658356370108621 ] ], [ [ -0.16552335347822, 51.658344143741267 ], [ -0.165499816650228, 51.658339053050213 ], [ -0.165509320401697, 51.65834136271932 ], [ -0.16552335347822, 51.658344143741267 ] ], [ [ -0.163572338081237, 51.65820395710486 ], [ -0.1650846074625, 51.658270000718389 ], [ -0.165091311372329, 51.658267366472096 ], [ -0.163572338081237, 51.65820395710486 ] ], [ [ -0.163563049640906, 51.658201907202127 ], [ -0.160846165293189, 51.656968261749739 ], [ -0.160666123251349, 51.656874730586729 ], [ -0.163563049640906, 51.658201907202127 ] ], [ [ -0.160483889574826, 51.656778546696479 ], [ -0.160486379735145, 51.656779806345064 ], [ -0.160463114589065, 51.656760764114544 ], [ -0.160483889574826, 51.656778546696479 ] ], [ [ -0.160171955123073, 51.656698595850202 ], [ -0.160440505744209, 51.656755896511321 ], [ -0.159946591838472, 51.656649558618511 ], [ -0.160171955123073, 51.656698595850202 ] ], [ [ -0.168621759465176, 51.656871799294777 ], [ -0.169005296539092, 51.656915793360703 ], [ -0.169661383559165, 51.6570012622009 ], [ -0.169363815251267, 51.656952733602353 ], [ -0.168621759465176, 51.656871799294777 ] ], [ [ -0.170617718652385, 51.657026662238337 ], [ -0.170275310254141, 51.657456241511753 ], [ -0.170473100926566, 51.657373446992992 ], [ -0.170647087581901, 51.657038048068529 ], [ -0.172659144649269, 51.657210376772596 ], [ -0.170617718652385, 51.657026662238337 ] ], [ [ -0.173068729983106, 51.657253795015869 ], [ -0.173549730425526, 51.657316720951279 ], [ -0.173044136073701, 51.657250376413515 ], [ -0.173068729983106, 51.657253795015869 ] ], [ [ -0.174336578843642, 51.657453807831807 ], [ -0.174802072234909, 51.657537912789671 ], [ -0.174163930516956, 51.657417511830502 ], [ -0.174336578843642, 51.657453807831807 ] ], [ [ -0.175895531591587, 51.65779438563473 ], [ -0.176535563260808, 51.65785081223413 ], [ -0.176654983391553, 51.657894394656033 ], [ -0.175895531591587, 51.65779438563473 ] ], [ [ -0.176777146310374, 51.657908278772005 ], [ -0.176990073615534, 51.657927559030263 ], [ -0.17712534019003, 51.657929721480208 ], [ -0.176777146310374, 51.657908278772005 ] ], [ [ -0.1774633470151, 51.657951091291196 ], [ -0.177500783515296, 51.657953318823473 ], [ -0.177441540986603, 51.657949193968982 ], [ -0.1774633470151, 51.657951091291196 ] ], [ [ -0.178962626422448, 51.658061821548543 ], [ -0.179218753235147, 51.658089826207913 ], [ -0.17948655163718, 51.658102251312492 ], [ -0.178962626422448, 51.658061821548543 ] ], [ [ -0.179896633939896, 51.658129588385655 ], [ -0.179923340964992, 51.658131772079869 ], [ -0.180027883671768, 51.658127133517382 ], [ -0.179896633939896, 51.658129588385655 ] ], [ [ -0.213934153236951, 51.619820502639392 ], [ -0.217011245807284, 51.617733860487498 ], [ -0.212853500939739, 51.619523538852349 ], [ -0.213934153236951, 51.619820502639392 ] ], [ [ -0.224841815136401, 51.613586936218105 ], [ -0.22573168702469, 51.612288977997395 ], [ -0.224714031662124, 51.61227424062151 ], [ -0.224841815136401, 51.613586936218105 ] ], [ [ -0.230510905300988, 51.616540591006697 ], [ -0.22621382303669, 51.614389215297194 ], [ -0.224962937936379, 51.614556897273708 ], [ -0.22665088804334, 51.617931023854403 ], [ -0.230510905300988, 51.616540591006697 ] ] ], [ [ [ -0.123393542276653, 51.309158129500148 ], [ -0.122572238233469, 51.309653354528734 ], [ -0.122697181561623, 51.308718909577507 ], [ -0.121656861122154, 51.30759101142246 ], [ -0.123393542276653, 51.309158129500148 ] ] ], [ [ [ -0.158323186506034, 51.311021454257038 ], [ -0.154300617572045, 51.313183830215699 ], [ -0.155591091981615, 51.310362897964353 ], [ -0.158323186506034, 51.311021454257038 ] ] ], [ [ [ -0.148553622881016, 51.31662097106431 ], [ -0.14628962385084, 51.30772636857148 ], [ -0.156980978100479, 51.306668069382809 ], [ -0.148553622881016, 51.31662097106431 ] ] ], [ [ [ -0.144105583349754, 51.330793751672068 ], [ -0.139759664121042, 51.328506738213726 ], [ -0.145605309930687, 51.323492947435987 ], [ -0.160668534269522, 51.323214769271424 ], [ -0.184633749104764, 51.339188912880189 ], [ -0.144105583349754, 51.330793751672068 ] ], [ [ -0.145970308063863, 51.329997904524554 ], [ -0.145759212955524, 51.33007305954834 ], [ -0.146031190975492, 51.329976412984543 ], [ -0.145970308063863, 51.329997904524554 ] ], [ [ -0.166324997032347, 51.333208864215734 ], [ -0.166800489744609, 51.334832495657267 ], [ -0.168004540208768, 51.333670276112187 ], [ -0.166324997032347, 51.333208864215734 ] ] ], [ [ [ -0.135994141566686, 51.349195196936968 ], [ -0.109711352008925, 51.358664412036653 ], [ -0.108076947852558, 51.349278968760238 ], [ -0.117200488822667, 51.345114732455471 ], [ -0.135994141566686, 51.349195196936968 ] ], [ [ -0.119085611187212, 51.35294300261765 ], [ -0.119070548950663, 51.352884534546462 ], [ -0.119065576337931, 51.352873070506064 ], [ -0.119085611187212, 51.35294300261765 ] ], [ [ -0.119019519087912, 51.352766888463918 ], [ -0.118935244586079, 51.352589894983481 ], [ -0.119041824840688, 51.352818312949324 ], [ -0.119019519087912, 51.352766888463918 ] ], [ [ -0.118754290492565, 51.3521245914202 ], [ -0.118594141489252, 51.351580246627172 ], [ -0.118857585585508, 51.352388472424238 ], [ -0.118754290492565, 51.3521245914202 ] ], [ [ -0.118542898454825, 51.351348996187603 ], [ -0.118407280157711, 51.35055140692252 ], [ -0.118388033541715, 51.350453167709055 ], [ -0.118479990223834, 51.351071423637713 ], [ -0.118542898454825, 51.351348996187603 ] ], [ [ -0.118296349876615, 51.350032541850048 ], [ -0.118320932656273, 51.350150341251862 ], [ -0.118374837448144, 51.350385811772128 ], [ -0.118296349876615, 51.350032541850048 ] ], [ [ -0.118260701175525, 51.349886411036458 ], [ -0.118285504154206, 51.349985847248483 ], [ -0.11824125632488, 51.349813357454032 ], [ -0.118260701175525, 51.349886411036458 ] ], [ [ -0.118130215110649, 51.349427930859193 ], [ -0.117849372953192, 51.348570956616143 ], [ -0.117719666026169, 51.348179487602096 ], [ -0.117645164265465, 51.347938419712484 ], [ -0.11773830379739, 51.348248007086902 ], [ -0.118130215110649, 51.349427930859193 ] ] ], [ [ [ -0.139994450197637, 51.364329135635778 ], [ -0.132172611092682, 51.366477484166694 ], [ -0.140057817125197, 51.362458315445423 ], [ -0.139994450197637, 51.364329135635778 ] ] ], [ [ [ -0.16389225516265, 51.365701242087276 ], [ -0.164595302838677, 51.365194589703989 ], [ -0.165291595068844, 51.365441862993222 ], [ -0.16389225516265, 51.365701242087276 ] ] ], [ [ [ -0.161667741117911, 51.368558740499317 ], [ -0.158910003482194, 51.366032890192976 ], [ -0.16413135506229, 51.366413697311032 ], [ -0.161667741117911, 51.368558740499317 ] ] ], [ [ [ -0.135098060753671, 51.372535599988687 ], [ -0.152569843199126, 51.370225310977325 ], [ -0.158318570332041, 51.3890214188119 ], [ -0.141324723641987, 51.388424090279415 ], [ -0.135098060753671, 51.372535599988687 ] ], [ [ -0.146289156361437, 51.376648863203059 ], [ -0.146384485633245, 51.376628994896521 ], [ -0.146225837835377, 51.37665273252022 ], [ -0.146289156361437, 51.376648863203059 ] ], [ [ -0.147754276210468, 51.376343506309787 ], [ -0.147869228185233, 51.37631954828484 ], [ -0.147812919399756, 51.376331188242389 ], [ -0.147754276210468, 51.376343506309787 ] ] ], [ [ [ -0.182419607594177, 51.380469091087399 ], [ -0.186864961612821, 51.382620748799923 ], [ -0.179160405622167, 51.385761239897164 ], [ -0.182419607594177, 51.380469091087399 ] ] ], [ [ [ -0.178040469715088, 51.388549954749337 ], [ -0.178962865610181, 51.385787676562828 ], [ -0.180732113936645, 51.386876432195095 ], [ -0.178040469715088, 51.388549954749337 ] ] ], [ [ [ -0.162342393338262, 51.38716820312294 ], [ -0.163569026120157, 51.386848852385796 ], [ -0.164724509992286, 51.387750203651585 ], [ -0.165290694229041, 51.387940047718722 ], [ -0.162342393338262, 51.38716820312294 ] ] ], [ [ [ -0.15871389650608, 51.38888831936179 ], [ -0.161409982688988, 51.386394293252685 ], [ -0.162257193688952, 51.387058656408847 ], [ -0.15871389650608, 51.38888831936179 ] ] ], [ [ [ -0.172743177873734, 51.389759474674044 ], [ -0.176053043538202, 51.386741514955546 ], [ -0.176704223413898, 51.387732761304484 ], [ -0.172743177873734, 51.389759474674044 ] ] ], [ [ [ -0.172220370604178, 51.390149862752601 ], [ -0.171362033925885, 51.392391375127211 ], [ -0.164871648385248, 51.386890663112673 ], [ -0.168515835668681, 51.386329999494166 ], [ -0.172220370604178, 51.390149862752601 ] ] ], [ [ [ -0.129119180213549, 51.393470414647851 ], [ -0.119145862999408, 51.391325011855159 ], [ -0.127983360371026, 51.388353351261784 ], [ -0.158275345479029, 51.389085665496616 ], [ -0.170251779974454, 51.40242819598739 ], [ -0.161843785275346, 51.40431909809341 ], [ -0.142295376403856, 51.398493351090345 ], [ -0.145798804975212, 51.397639673395929 ], [ -0.144212887443083, 51.397019064462782 ], [ -0.129119180213549, 51.393470414647851 ] ], [ [ -0.150101428322499, 51.400487855497659 ], [ -0.150439391354602, 51.40061366483971 ], [ -0.150122362616181, 51.400494930465491 ], [ -0.150101428322499, 51.400487855497659 ] ] ], [ [ [ -0.168167472078887, 51.391175043140109 ], [ -0.174930073804488, 51.395278722698968 ], [ -0.168162152639923, 51.39569966142713 ], [ -0.168167472078887, 51.391175043140109 ] ] ], [ [ [ -0.174113027343285, 51.396051545542939 ], [ -0.174113505005525, 51.396051463059578 ], [ -0.174117962256496, 51.39605252170206 ], [ -0.174113027343285, 51.396051545542939 ] ] ], [ [ [ -0.180150645173378, 51.42014814106178 ], [ -0.176714464159865, 51.424690339126379 ], [ -0.184667506422857, 51.398585210889237 ], [ -0.180150645173378, 51.42014814106178 ] ] ], [ [ [ -0.127296615227265, 51.423476929031402 ], [ -0.113097179409083, 51.422901552511398 ], [ -0.129448437448809, 51.422929476887028 ], [ -0.127296615227265, 51.423476929031402 ] ] ], [ [ [ -0.170932401555012, 51.441882194283899 ], [ -0.186815511910981, 51.442717522787227 ], [ -0.180861331224113, 51.448847599007571 ], [ -0.170932401555012, 51.441882194283899 ] ] ], [ [ [ -0.135334112219276, 51.430258086528518 ], [ -0.144296702433428, 51.441668528788597 ], [ -0.135914076005806, 51.441976574897893 ], [ -0.135334112219276, 51.430258086528518 ] ] ], [ [ [ -0.167299763748818, 51.442384274611861 ], [ -0.170620375294697, 51.441418925240463 ], [ -0.172722414947453, 51.445896453559676 ], [ -0.170743199698602, 51.451085532174304 ], [ -0.175692740094766, 51.449892286183463 ], [ -0.177741860449224, 51.452156097464858 ], [ -0.174000053176558, 51.451955384335697 ], [ -0.172244058560515, 51.457198034747613 ], [ -0.167299763748818, 51.442384274611861 ] ], [ [ -0.170469382125286, 51.442305679555673 ], [ -0.170540778134853, 51.442247010326106 ], [ -0.170489509841339, 51.442288912305848 ], [ -0.170469382125286, 51.442305679555673 ] ], [ [ -0.170402506895207, 51.442358126301073 ], [ -0.170237056319638, 51.442502170413469 ], [ -0.170415897567574, 51.442346648555663 ], [ -0.170402506895207, 51.442358126301073 ] ], [ [ -0.16953057554673, 51.443094549331676 ], [ -0.16955431421569, 51.443076490640252 ], [ -0.169577328076879, 51.443058780329103 ], [ -0.16953057554673, 51.443094549331676 ] ], [ [ -0.169425025383128, 51.443161674473977 ], [ -0.169452268062031, 51.443145019407758 ], [ -0.169506159501052, 51.443111698183699 ], [ -0.169425025383128, 51.443161674473977 ] ], [ [ -0.168531494722312, 51.443569988988862 ], [ -0.168540346056441, 51.443566430369088 ], [ -0.168977244140273, 51.443384465468554 ], [ -0.168531494722312, 51.443569988988862 ] ] ], [ [ [ -0.139451515181572, 51.461039636066722 ], [ -0.150937645852177, 51.452945630129456 ], [ -0.162127160724962, 51.460973259722941 ], [ -0.139451515181572, 51.461039636066722 ] ] ], [ [ [ -0.175068649823204, 51.45379474209291 ], [ -0.181782725105646, 51.454020969016796 ], [ -0.181072213842099, 51.457989086098877 ], [ -0.175068649823204, 51.45379474209291 ] ] ], [ [ [ -0.143954444204982, 51.456813470581842 ], [ -0.14357029260149, 51.457269386444658 ], [ -0.143539044252463, 51.457278103619245 ], [ -0.143954444204982, 51.456813470581842 ] ] ], [ [ [ -0.143819243584042, 51.45738015839671 ], [ -0.143600322439786, 51.457332105010707 ], [ -0.143859936200163, 51.457259347988462 ], [ -0.143819243584042, 51.45738015839671 ] ] ], [ [ [ -0.144079193532173, 51.456322420991036 ], [ -0.141495086023833, 51.459343898626088 ], [ -0.140039683988099, 51.460301363383763 ], [ -0.144079193532173, 51.456322420991036 ] ] ], [ [ [ -0.174063094961133, 51.458795130385049 ], [ -0.174954320405549, 51.458518091497872 ], [ -0.174079898854398, 51.458805281198302 ], [ -0.174063094961133, 51.458795130385049 ] ] ], [ [ [ -0.172149804004129, 51.461105225599773 ], [ -0.167592221122225, 51.458605169321913 ], [ -0.170222069928318, 51.45794304819789 ], [ -0.172149804004129, 51.461105225599773 ] ] ], [ [ [ -0.1391145089829, 51.461627793146974 ], [ -0.139128564570664, 51.461264269091906 ], [ -0.13949238902824, 51.461623015559191 ], [ -0.1391145089829, 51.461627793146974 ] ] ], [ [ [ -0.146390567010057, 51.461367144047919 ], [ -0.142124385388973, 51.463266288488732 ], [ -0.139414483217835, 51.461224743347238 ], [ -0.146390567010057, 51.461367144047919 ] ] ], [ [ [ -0.141155114999307, 51.463239777572525 ], [ -0.141165197536716, 51.462894042522116 ], [ -0.141701293628318, 51.463262489528425 ], [ -0.141155114999307, 51.463239777572525 ] ] ], [ [ [ -0.141756949750813, 51.463247176054296 ], [ -0.141573411057247, 51.463933595314479 ], [ -0.141272861399245, 51.463912833939702 ], [ -0.141756949750813, 51.463247176054296 ] ] ], [ [ [ -0.15004382094875, 51.483533436312008 ], [ -0.16039167099137, 51.475051219026184 ], [ -0.166139600519195, 51.481349540210154 ], [ -0.15004382094875, 51.483533436312008 ] ] ], [ [ [ -0.187877833926384, 51.510091457260046 ], [ -0.188996256694061, 51.503112053081324 ], [ -0.191230185455603, 51.509902111618537 ], [ -0.187877833926384, 51.510091457260046 ] ] ], [ [ [ -0.171270010840348, 51.572626467699671 ], [ -0.168300558237046, 51.574018978484339 ], [ -0.168164902644581, 51.57307820814512 ], [ -0.171270010840348, 51.572626467699671 ] ] ], [ [ [ -0.159452099295565, 51.572649612600188 ], [ -0.152537462151738, 51.575002320984133 ], [ -0.152043956402083, 51.573835698789125 ], [ -0.159452099295565, 51.572649612600188 ] ] ], [ [ [ -0.123198021495568, 51.574540847655847 ], [ -0.121287142091197, 51.573949593916481 ], [ -0.124309814132631, 51.573089708654592 ], [ -0.126980055617399, 51.574568660500589 ], [ -0.123198021495568, 51.574540847655847 ] ], [ [ -0.124307223807968, 51.574343635487537 ], [ -0.124553204849699, 51.574361793885259 ], [ -0.124809242037499, 51.574111683359178 ], [ -0.124307223807968, 51.574343635487537 ] ], [ [ -0.1242171205624, 51.57435976185824 ], [ -0.124225075854607, 51.574364617248676 ], [ -0.124265744647118, 51.5743486462001 ], [ -0.1242171205624, 51.57435976185824 ] ] ], [ [ [ -0.182953840541194, 51.578970599108466 ], [ -0.187732871622845, 51.574075659130187 ], [ -0.189801270875411, 51.57638613661593 ], [ -0.182953840541194, 51.578970599108466 ] ] ], [ [ [ -0.175328497727245, 51.578257698763025 ], [ -0.175762623231444, 51.572732390536871 ], [ -0.181995664311984, 51.575427893101299 ], [ -0.175328497727245, 51.578257698763025 ] ] ], [ [ [ -0.143848566229493, 51.576772812803888 ], [ -0.135029171733147, 51.574534428988649 ], [ -0.126963977841855, 51.57490183446027 ], [ -0.134648011081237, 51.574306302650108 ], [ -0.138775569470609, 51.57452670927222 ], [ -0.143848566229493, 51.576772812803888 ] ] ], [ [ [ -0.146986457442943, 51.577656332743665 ], [ -0.143972845852804, 51.577716086427088 ], [ -0.143816368802155, 51.576924760927405 ], [ -0.146986457442943, 51.577656332743665 ] ] ], [ [ [ -0.168183358971127, 51.576689300401519 ], [ -0.158362235486193, 51.581006747136421 ], [ -0.163943584891705, 51.574925799841395 ], [ -0.168183358971127, 51.576689300401519 ] ] ], [ [ [ -0.152618113413054, 51.580431585310606 ], [ -0.154034962708957, 51.58354820916054 ], [ -0.148208345866381, 51.58620833158048 ], [ -0.128994222619448, 51.582511711284873 ], [ -0.135351785672651, 51.578993683615963 ], [ -0.14757202398126, 51.578435058012772 ], [ -0.150099632371066, 51.579033834659384 ], [ -0.152618113413054, 51.580431585310606 ] ], [ [ -0.132324568898008, 51.581835582811856 ], [ -0.132331511104049, 51.581833481160167 ], [ -0.132328983577589, 51.581834083893206 ], [ -0.132324568898008, 51.581835582811856 ] ], [ [ -0.150039252039495, 51.579256622653986 ], [ -0.150033626822386, 51.579260688662742 ], [ -0.150031478285421, 51.579262635294143 ], [ -0.150039252039495, 51.579256622653986 ] ], [ [ -0.14995964868089, 51.579332001216194 ], [ -0.14998264746415, 51.579306370707513 ], [ -0.149932941800716, 51.579370722604857 ], [ -0.14995964868089, 51.579332001216194 ] ], [ [ -0.149901535845603, 51.57942987562037 ], [ -0.149899394463279, 51.579433915420061 ], [ -0.149896113545752, 51.579445451680108 ], [ -0.149901535845603, 51.57942987562037 ] ], [ [ -0.149884103655878, 51.579477782098287 ], [ -0.149879534554249, 51.579490501093197 ], [ -0.149887210437289, 51.579471026685745 ], [ -0.149884103655878, 51.579477782098287 ] ], [ [ -0.149877773063772, 51.579500391185313 ], [ -0.149878163428349, 51.579512812779058 ], [ -0.14987881463223, 51.579516583653437 ], [ -0.149877773063772, 51.579500391185313 ] ], [ [ -0.149879618817797, 51.579521399499789 ], [ -0.149879458715208, 51.579525341634074 ], [ -0.149880831735629, 51.579527804143453 ], [ -0.149879618817797, 51.579521399499789 ] ], [ [ -0.149903106618304, 51.579581683174531 ], [ -0.149891282434671, 51.579560986869019 ], [ -0.149938546246548, 51.57961432272829 ], [ -0.149903106618304, 51.579581683174531 ] ], [ [ -0.149993344037082, 51.579643822464639 ], [ -0.149943659832155, 51.579617900150254 ], [ -0.149998847909275, 51.579646486408684 ], [ -0.149993344037082, 51.579643822464639 ] ], [ [ -0.150037936872551, 51.579665405963361 ], [ -0.150052111251561, 51.579672355562387 ], [ -0.150053148219851, 51.579672768448653 ], [ -0.150037936872551, 51.579665405963361 ] ], [ [ -0.150055806627253, 51.579673826938013 ], [ -0.150158004415752, 51.579708303851199 ], [ -0.150246277615977, 51.579730934056293 ], [ -0.150055806627253, 51.579673826938013 ] ], [ [ -0.15045564948664, 51.57978314500096 ], [ -0.150394053166066, 51.579768765610837 ], [ -0.150536104648369, 51.579803892730915 ], [ -0.15045564948664, 51.57978314500096 ] ], [ [ -0.150834625402705, 51.579878267913934 ], [ -0.150835715474001, 51.579879858760883 ], [ -0.150859536025099, 51.579888120558032 ], [ -0.150834625402705, 51.579878267913934 ] ], [ [ -0.151156036517259, 51.579998102055278 ], [ -0.151152551568654, 51.579996639139189 ], [ -0.151158364187659, 51.579999122751794 ], [ -0.151156036517259, 51.579998102055278 ] ], [ [ -0.151173407466496, 51.580005731509253 ], [ -0.15117288326445, 51.580005489448354 ], [ -0.151170698580355, 51.580004531452133 ], [ -0.151173407466496, 51.580005731509253 ] ], [ [ -0.151212805508354, 51.58002423347115 ], [ -0.151233580688247, 51.580034501974723 ], [ -0.151243100840382, 51.580039267298254 ], [ -0.15123974130564, 51.58003740465724 ], [ -0.151212805508354, 51.58002423347115 ] ], [ [ -0.151262014325657, 51.580049753581662 ], [ -0.151265356529774, 51.580051719436447 ], [ -0.151279370516772, 51.580059376447892 ], [ -0.151262014325657, 51.580049753581662 ] ], [ [ -0.151314439758769, 51.580078820035631 ], [ -0.151324470742579, 51.580084537736866 ], [ -0.15133969528304, 51.580092822562456 ], [ -0.151314439758769, 51.580078820035631 ] ], [ [ -0.151459307211994, 51.580163097156706 ], [ -0.151427300484149, 51.580143385216516 ], [ -0.15140040570225, 51.580127542574857 ], [ -0.151459307211994, 51.580163097156706 ] ], [ [ -0.151613022130947, 51.580255900979786 ], [ -0.15161427304906, 51.580256729998538 ], [ -0.151690922812071, 51.580302581344178 ], [ -0.151613022130947, 51.580255900979786 ] ], [ [ -0.151755006816924, 51.580340795381261 ], [ -0.151727846393069, 51.580324668768952 ], [ -0.151783685781475, 51.580358071495816 ], [ -0.151755006816924, 51.580340795381261 ] ], [ [ -0.151868040981575, 51.58040856177621 ], [ -0.151856422278263, 51.580401687512051 ], [ -0.151876431311671, 51.580413701246599 ], [ -0.151868040981575, 51.58040856177621 ] ], [ [ -0.152401321945376, 51.580771520197032 ], [ -0.152397611995792, 51.580768867078937 ], [ -0.152401496910442, 51.580771662044029 ], [ -0.152401321945376, 51.580771520197032 ] ], [ [ -0.152932090742982, 51.581244939429098 ], [ -0.15278508534599, 51.581095817666984 ], [ -0.152803649517991, 51.581115779014958 ], [ -0.152879903118035, 51.581192982996022 ], [ -0.152932090742982, 51.581244939429098 ] ] ], [ [ [ -0.180940870381336, 51.585082318278459 ], [ -0.174594375236933, 51.582240899895275 ], [ -0.181054025957664, 51.584802871990995 ], [ -0.180940870381336, 51.585082318278459 ] ] ], [ [ [ -0.132472073829273, 51.585021066696847 ], [ -0.132472096675168, 51.585020509530551 ], [ -0.132472516291844, 51.585020907378109 ], [ -0.132472073829273, 51.585021066696847 ] ] ], [ [ [ -0.183745540301764, 51.584996663221851 ], [ -0.183278755446581, 51.585435511493017 ], [ -0.18118984229799, 51.585195762437664 ], [ -0.183745540301764, 51.584996663221851 ] ] ], [ [ [ -0.190370105659067, 51.586246452545218 ], [ -0.18551348832389, 51.585684130328211 ], [ -0.183504140784244, 51.585487005906195 ], [ -0.184179832233522, 51.584921846179569 ], [ -0.190370105659067, 51.586246452545218 ] ] ], [ [ [ -0.141648006878548, 51.588169505235555 ], [ -0.146951832675161, 51.586558005188436 ], [ -0.140200987666086, 51.59044541008182 ], [ -0.141648006878548, 51.588169505235555 ] ] ], [ [ [ -0.182680997081654, 51.588389918965397 ], [ -0.185132779175629, 51.593630960155203 ], [ -0.180667884559274, 51.59230038854831 ], [ -0.182680997081654, 51.588389918965397 ] ] ], [ [ [ -0.113414838206817, 51.588127717465028 ], [ -0.127293743426901, 51.598120096432481 ], [ -0.120238961900166, 51.596983363721421 ], [ -0.113414838206817, 51.588127717465028 ] ] ], [ [ [ -0.155168542494295, 51.594647763812972 ], [ -0.151928867070826, 51.59390035470971 ], [ -0.151611775978331, 51.59201578230293 ], [ -0.155168542494295, 51.594647763812972 ] ] ], [ [ [ -0.156322319387008, 51.596936827815767 ], [ -0.152100794598026, 51.597064755450944 ], [ -0.151824187705023, 51.59615692692519 ], [ -0.154346230368068, 51.595908776629372 ], [ -0.156322319387008, 51.596936827815767 ] ] ], [ [ [ -0.161116152644928, 51.595316259694563 ], [ -0.157908788376282, 51.60013165554961 ], [ -0.156357418375145, 51.596939348482813 ], [ -0.154190611182855, 51.595246846434684 ], [ -0.161116152644928, 51.595316259694563 ] ] ], [ [ [ -0.135269269257098, 51.600994696266099 ], [ -0.144504552007961, 51.60045996350884 ], [ -0.141996407569181, 51.603720715658405 ], [ -0.14345002108376, 51.608829470993555 ], [ -0.135269269257098, 51.600994696266099 ] ] ], [ [ [ -0.172467045444979, 51.607448138380882 ], [ -0.157226407787698, 51.605908142229985 ], [ -0.173774654989808, 51.602571133531988 ], [ -0.172467045444979, 51.607448138380882 ] ] ], [ [ [ -0.14350692043373, 51.60878947811652 ], [ -0.149299916310507, 51.605595097421819 ], [ -0.150493517021599, 51.606253085561235 ], [ -0.14350692043373, 51.60878947811652 ] ] ], [ [ [ -0.15138710591693, 51.612963654608606 ], [ -0.142281033692835, 51.609497896969962 ], [ -0.148315339490799, 51.60776642718163 ], [ -0.15138710591693, 51.612963654608606 ] ] ], [ [ [ -0.15995215287875, 51.617893549242552 ], [ -0.163340847692718, 51.619919419534817 ], [ -0.162882734306132, 51.620669278912587 ], [ -0.15995215287875, 51.617893549242552 ] ] ], [ [ [ -0.126218015560715, 51.616369162870676 ], [ -0.137172171566228, 51.620213318361976 ], [ -0.125011374461676, 51.617309827170985 ], [ -0.126218015560715, 51.616369162870676 ] ] ], [ [ [ -0.149851160798695, 51.620541303454864 ], [ -0.148175705872041, 51.618761429559072 ], [ -0.15088311081251, 51.620476924800869 ], [ -0.149851160798695, 51.620541303454864 ] ] ], [ [ [ -0.153635879887153, 51.622858042187559 ], [ -0.14899440737654, 51.618390119091735 ], [ -0.159419639410442, 51.620549048268238 ], [ -0.153635879887153, 51.622858042187559 ] ] ], [ [ [ -0.185536954882652, 51.623151548040241 ], [ -0.187696716051481, 51.619325527443635 ], [ -0.190425455409045, 51.621177433651233 ], [ -0.185536954882652, 51.623151548040241 ] ] ], [ [ [ -0.174151745512824, 51.625409540341629 ], [ -0.163968457249295, 51.61960569563 ], [ -0.174916123329661, 51.62184189031165 ], [ -0.174151745512824, 51.625409540341629 ] ] ], [ [ [ -0.181676838129534, 51.630381864220709 ], [ -0.182736890535585, 51.623289650127973 ], [ -0.18590486519619, 51.623415238231367 ], [ -0.181676838129534, 51.630381864220709 ] ] ], [ [ [ -0.161819394261325, 51.642440269609047 ], [ -0.160423911420771, 51.641278606405606 ], [ -0.162089989337906, 51.642629604038994 ], [ -0.161819394261325, 51.642440269609047 ] ] ], [ [ [ -0.146109481246376, 51.644907906219231 ], [ -0.141511911580761, 51.643154141418769 ], [ -0.14369656096232, 51.64104581342275 ], [ -0.146109481246376, 51.644907906219231 ] ] ], [ [ [ -0.132373743367616, 51.647957196608338 ], [ -0.105223930903621, 51.69180954659911 ], [ -0.043567091469808, 51.683074793851674 ], [ -0.132373743367616, 51.647957196608338 ] ], [ [ -0.104375183664989, 51.679335716041564 ], [ -0.098448087848112, 51.682087315976425 ], [ -0.105076087311152, 51.680892813281886 ], [ -0.104375183664989, 51.679335716041564 ] ] ], [ [ [ -0.127114073829144, 51.321230120148826 ], [ -0.083892818213531, 51.309889402209009 ], [ -0.117798430269944, 51.287189374856496 ], [ -0.157897519266265, 51.304542211453807 ], [ -0.099672805997976, 51.299505592706502 ], [ -0.121791387807178, 51.307898025659661 ], [ -0.127114073829144, 51.321230120148826 ] ], [ [ -0.12186608265307, 51.309122308938228 ], [ -0.121864813095062, 51.309121775985062 ], [ -0.121865687438427, 51.309122500441021 ], [ -0.12186608265307, 51.309122308938228 ] ], [ [ -0.112086496091567, 51.315860480609338 ], [ -0.112085877887836, 51.315858411288744 ], [ -0.112071749966811, 51.315870476688232 ], [ -0.112086496091567, 51.315860480609338 ] ] ], [ [ [ -0.083092388271517, 51.317562451891803 ], [ -0.084714274112123, 51.317693037700714 ], [ -0.085803044441969, 51.319440279996996 ], [ -0.083092388271517, 51.317562451891803 ] ] ], [ [ [ -0.079227999501458, 51.330484786403062 ], [ -0.081588590273644, 51.316710483723597 ], [ -0.092742162325098, 51.324870816738901 ], [ -0.105465084697451, 51.327744447607266 ], [ -0.079227999501458, 51.330484786403062 ] ] ], [ [ [ -0.071054299955647, 51.333001378379997 ], [ -0.071061871665535, 51.333008067859957 ], [ -0.07106072738524, 51.333007284622042 ], [ -0.071054299955647, 51.333001378379997 ] ] ], [ [ [ -0.071096520117621, 51.333038647623724 ], [ -0.071061871665535, 51.333008067859957 ], [ -0.071069589800224, 51.333013320897564 ], [ -0.071096520117621, 51.333038647623724 ] ] ], [ [ [ -0.09383149184047, 51.330207639848176 ], [ -0.099354229912048, 51.339939506718075 ], [ -0.089975908780144, 51.337927041390714 ], [ -0.09383149184047, 51.330207639848176 ] ] ], [ [ [ -0.073350781552973, 51.338832815180609 ], [ -0.073350377951539, 51.338832990196295 ], [ -0.073347076661681, 51.338833653516573 ], [ -0.073350781552973, 51.338832815180609 ] ] ], [ [ [ -0.068331140779566, 51.342236373601366 ], [ -0.075475790553224, 51.340027854558372 ], [ -0.069356855821623, 51.342881074924229 ], [ -0.068331140779566, 51.342236373601366 ] ] ], [ [ [ -0.075762488968652, 51.356746130733015 ], [ -0.079399080854994, 51.349026302568312 ], [ -0.085422640262267, 51.354590250682328 ], [ -0.075762488968652, 51.356746130733015 ] ] ], [ [ [ -0.069912145674682, 51.405879025897242 ], [ -0.077187753441042, 51.405258924468619 ], [ -0.080505007435035, 51.409572751523314 ], [ -0.069270477720383, 51.411940958166085 ], [ -0.069912145674682, 51.405879025897242 ] ], [ [ -0.073549396587977, 51.410504887172394 ], [ -0.073549461038742, 51.410492079861662 ], [ -0.073549290653865, 51.410514747665218 ], [ -0.073549396587977, 51.410504887172394 ] ], [ [ -0.073549228974597, 51.410302965353189 ], [ -0.073549072345803, 51.410300883681565 ], [ -0.073549698899029, 51.410375190009439 ], [ -0.073549228974597, 51.410302965353189 ] ], [ [ -0.073544297149142, 51.410237419032818 ], [ -0.073544036637373, 51.410237414750227 ], [ -0.073546638808216, 51.410268540802491 ], [ -0.073544297149142, 51.410237419032818 ] ], [ [ -0.073553240671461, 51.410155799696589 ], [ -0.073553282040018, 51.410155773398486 ], [ -0.073550607167872, 51.410104983441876 ], [ -0.073553240671461, 51.410155799696589 ] ], [ [ -0.073550603836998, 51.410104910277418 ], [ -0.073548968584828, 51.410075061117759 ], [ -0.073546026469383, 51.410040961564611 ], [ -0.073550603836998, 51.410104910277418 ] ], [ [ -0.073544934167805, 51.41002840071954 ], [ -0.073541713997441, 51.409990974076422 ], [ -0.073533576653577, 51.409935506645482 ], [ -0.073544934167805, 51.41002840071954 ] ], [ [ -0.073532928558216, 51.40993144759473 ], [ -0.073523569439019, 51.409875421414981 ], [ -0.073511331961525, 51.409812453367856 ], [ -0.073532928558216, 51.40993144759473 ] ], [ [ -0.073503838975722, 51.409780700406429 ], [ -0.073499101236209, 51.409764271319006 ], [ -0.073508845367444, 51.40980130822372 ], [ -0.073503838975722, 51.409780700406429 ] ], [ [ -0.073457122287187, 51.409615233531653 ], [ -0.073472732901462, 51.409666104603055 ], [ -0.073463715689496, 51.409635209328854 ], [ -0.073457122287187, 51.409615233531653 ] ], [ [ -0.073404271491686, 51.409467502892944 ], [ -0.073431315390016, 51.409537313310224 ], [ -0.073424077826267, 51.409517686400058 ], [ -0.073413313202879, 51.409488920647348 ], [ -0.073404271491686, 51.409467502892944 ] ], [ [ -0.073389534628783, 51.409431262230775 ], [ -0.073382487440668, 51.409415439231751 ], [ -0.073399246848616, 51.409455374134204 ], [ -0.073389534628783, 51.409431262230775 ] ], [ [ -0.073363332930002, 51.40937203610595 ], [ -0.073362408759015, 51.409370003718273 ], [ -0.073365766886683, 51.409377574602637 ], [ -0.073363332930002, 51.40937203610595 ] ], [ [ -0.073297309193051, 51.409234339915592 ], [ -0.07333692895947, 51.409314784149508 ], [ -0.073323726945058, 51.409287596105358 ], [ -0.073303427108932, 51.40924590839343 ], [ -0.073297309193051, 51.409234339915592 ] ], [ [ -0.073296283538718, 51.409232400487255 ], [ -0.073288030065091, 51.409217336245526 ], [ -0.073284124548443, 51.409210074526712 ], [ -0.073286872383377, 51.409215629276524 ], [ -0.073296283538718, 51.409232400487255 ] ], [ [ -0.073257428383997, 51.409160437037727 ], [ -0.073273829162654, 51.409191027447434 ], [ -0.073277018920496, 51.409196862683878 ], [ -0.073257428383997, 51.409160437037727 ] ], [ [ -0.07255684916662, 51.408148355189631 ], [ -0.073037358739561, 51.408750131326372 ], [ -0.072979810001548, 51.408649754195281 ], [ -0.072966243602699, 51.408628403588757 ], [ -0.07292767285633, 51.408572929853058 ], [ -0.072918824081849, 51.408560647750605 ], [ -0.072852037734996, 51.408474142801161 ], [ -0.072825736215586, 51.408442694338092 ], [ -0.072771826255939, 51.408379864927525 ], [ -0.072715321170572, 51.408316723927229 ], [ -0.072670656381627, 51.408268072478087 ], [ -0.07262586868151, 51.40821950801741 ], [ -0.07255684916662, 51.408148355189631 ] ], [ [ -0.072396450915235, 51.407990613950659 ], [ -0.072461116757389, 51.4080521880527 ], [ -0.072415085711456, 51.408007828739699 ], [ -0.072396450915235, 51.407990613950659 ] ], [ [ -0.072342577412387, 51.407939740414768 ], [ -0.072247664256157, 51.407850443781847 ], [ -0.072180586728806, 51.407789576754517 ], [ -0.072342577412387, 51.407939740414768 ] ], [ [ -0.072169344112981, 51.407779521000954 ], [ -0.072113342311714, 51.407729204446191 ], [ -0.072100375048808, 51.407718538086812 ], [ -0.072169344112981, 51.407779521000954 ] ], [ [ -0.072093719780284, 51.407712874954392 ], [ -0.072043212598195, 51.407668715730075 ], [ -0.072028777979112, 51.407656776970867 ], [ -0.072093719780284, 51.407712874954392 ] ], [ [ -0.071935318130309, 51.407581925400272 ], [ -0.07199945633516, 51.407632304577582 ], [ -0.071965839682973, 51.407605680659785 ], [ -0.071935318130309, 51.407581925400272 ] ], [ [ -0.071562783014779, 51.407318611052304 ], [ -0.071837881995043, 51.407507919614119 ], [ -0.071803719562941, 51.407482994387571 ], [ -0.071775154356943, 51.407463105455278 ], [ -0.071622181395752, 51.407356931712293 ], [ -0.071562783014779, 51.407318611052304 ] ], [ [ -0.071543014635852, 51.407305252523877 ], [ -0.071471850941922, 51.407255566500922 ], [ -0.071438554696585, 51.407232930116635 ], [ -0.071543014635852, 51.407305252523877 ] ], [ [ -0.071438105390507, 51.407232627364927 ], [ -0.071387225939738, 51.407198703900548 ], [ -0.071314539843441, 51.407149369592133 ], [ -0.071384307743753, 51.407197115417709 ], [ -0.071438105390507, 51.407232627364927 ] ], [ [ -0.07115442393164, 51.407042849160334 ], [ -0.071131882926955, 51.407028648323063 ], [ -0.071246246058504, 51.407103935735002 ], [ -0.07115442393164, 51.407042849160334 ] ], [ [ -0.071124209686559, 51.407023595424597 ], [ -0.071092113359439, 51.407002266275626 ], [ -0.071063707831793, 51.406983904507712 ], [ -0.071124209686559, 51.407023595424597 ] ], [ [ -0.071063021875116, 51.406983458702051 ], [ -0.071004655592148, 51.406945087879301 ], [ -0.070977156451591, 51.406925928173976 ], [ -0.071063021875116, 51.406983458702051 ] ], [ [ -0.070952607966227, 51.406908603837472 ], [ -0.070917424929489, 51.406882518413617 ], [ -0.07087693393738, 51.406853084086272 ], [ -0.070861612045146, 51.406842492903962 ], [ -0.070762410371844, 51.406766705512155 ], [ -0.070952607966227, 51.406908603837472 ] ], [ [ -0.070512190166332, 51.406532515805822 ], [ -0.070508611845695, 51.406528678139601 ], [ -0.070133567363225, 51.406150807917626 ], [ -0.070512190166332, 51.406532515805822 ] ], [ [ -0.070086577739067, 51.406103236106098 ], [ -0.070054730122932, 51.406071726127657 ], [ -0.070122479329824, 51.406139582506817 ], [ -0.070086577739067, 51.406103236106098 ] ] ], [ [ [ -0.113671894562431, 51.420989250665635 ], [ -0.113735301481803, 51.416856805101794 ], [ -0.117705551102986, 51.419800705212445 ], [ -0.113671894562431, 51.420989250665635 ] ] ], [ [ [ -0.078563888576861, 51.422364114310092 ], [ -0.078241659161712, 51.422497279075145 ], [ -0.078576647217302, 51.422059917770866 ], [ -0.078563888576861, 51.422364114310092 ] ] ], [ [ [ -0.077208037022541, 51.423067112294973 ], [ -0.07927503941891, 51.424548955486308 ], [ -0.07630004122805, 51.424680503826991 ], [ -0.077208037022541, 51.423067112294973 ] ], [ [ -0.077381716677324, 51.424592922895634 ], [ -0.077377025633047, 51.424522599113111 ], [ -0.077357989154385, 51.424435652701085 ], [ -0.077381716677324, 51.424592922895634 ] ], [ [ -0.077348827003061, 51.424393805876456 ], [ -0.077348263313817, 51.424391231305911 ], [ -0.077231849211428, 51.42436191935365 ], [ -0.077348827003061, 51.424393805876456 ] ] ], [ [ [ -0.079559356082688, 51.4269950627532 ], [ -0.079616324653039, 51.42772401603591 ], [ -0.079036183532752, 51.427150737988256 ], [ -0.079559356082688, 51.4269950627532 ] ] ], [ [ [ -0.07688503726094, 51.429274978856135 ], [ -0.075561460201976, 51.428179653477322 ], [ -0.07750293682889, 51.428245138413473 ], [ -0.078020370692297, 51.430312541708567 ], [ -0.07688503726094, 51.429274978856135 ] ] ], [ [ [ -0.076375554481051, 51.430597785220641 ], [ -0.077693974775668, 51.432883397248084 ], [ -0.075598505166063, 51.43276863992984 ], [ -0.076375554481051, 51.430597785220641 ] ] ], [ [ [ -0.083160563215874, 51.437112061511158 ], [ -0.080155747084515, 51.431770315367139 ], [ -0.085177269185146, 51.435158121220979 ], [ -0.083160563215874, 51.437112061511158 ] ], [ [ -0.084852729525997, 51.435290906885456 ], [ -0.084459108042343, 51.435053159641349 ], [ -0.084417629373098, 51.435029518579064 ], [ -0.084852729525997, 51.435290906885456 ] ] ], [ [ [ -0.080602823595146, 51.436060526158542 ], [ -0.084260440817396, 51.441825931727671 ], [ -0.078781205786398, 51.440927953185579 ], [ -0.079387500676843, 51.442287303910611 ], [ -0.076737820410015, 51.442594832234739 ], [ -0.073105636966554, 51.443532723245198 ], [ -0.066698018540545, 51.442541779824161 ], [ -0.064785409880194, 51.436612248609023 ], [ -0.080602823595146, 51.436060526158542 ] ], [ [ -0.075303707887398, 51.442488674624336 ], [ -0.075327109568572, 51.442524659094609 ], [ -0.075535685304754, 51.442843636762959 ], [ -0.075303707887398, 51.442488674624336 ] ], [ [ -0.066917996177337, 51.439914370713552 ], [ -0.066943944107168, 51.439999564224486 ], [ -0.067124770857101, 51.440583577538789 ], [ -0.066917996177337, 51.439914370713552 ] ], [ [ -0.066753402149634, 51.439381677605979 ], [ -0.066752270363434, 51.439378435054167 ], [ -0.06677100165573, 51.439438636754041 ], [ -0.066753402149634, 51.439381677605979 ] ], [ [ -0.068279463850022, 51.437536270826207 ], [ -0.068279355659053, 51.4375389579615 ], [ -0.068351645227921, 51.437836014347781 ], [ -0.068279463850022, 51.437536270826207 ] ], [ [ -0.074960763662097, 51.436917534866694 ], [ -0.074400323866617, 51.43676871312806 ], [ -0.074968527687341, 51.436920191513501 ], [ -0.074960763662097, 51.436917534866694 ] ], [ [ -0.076489227386508, 51.43948664901918 ], [ -0.076350872694208, 51.439484378514472 ], [ -0.076449856434086, 51.439486272709296 ], [ -0.076489227386508, 51.43948664901918 ] ], [ [ -0.072750226397855, 51.441183788233452 ], [ -0.072541329591701, 51.441208566121631 ], [ -0.07254630454359, 51.441208574209824 ], [ -0.072750226397855, 51.441183788233452 ] ], [ [ -0.079456091195791, 51.437604889966934 ], [ -0.079271757998776, 51.437681644934578 ], [ -0.079321959061481, 51.437661989771904 ], [ -0.079456091195791, 51.437604889966934 ] ], [ [ -0.07773563682668, 51.442456211000113 ], [ -0.077721995650272, 51.442419396993344 ], [ -0.077608531492086, 51.442126526883868 ], [ -0.07773563682668, 51.442456211000113 ] ], [ [ -0.06728143790569, 51.441068301315056 ], [ -0.067446178573791, 51.441581026283522 ], [ -0.067454021159476, 51.441603619933801 ], [ -0.06728143790569, 51.441068301315056 ] ], [ [ -0.067625944644192, 51.442104845513484 ], [ -0.067627805171333, 51.442111298824138 ], [ -0.067626203824216, 51.442105600804211 ], [ -0.067625944644192, 51.442104845513484 ] ], [ [ -0.069704179136987, 51.441330908833493 ], [ -0.069692498654582, 51.441281539967328 ], [ -0.069662767134894, 51.441167864778755 ], [ -0.069704179136987, 51.441330908833493 ] ] ], [ [ [ -0.084545896409485, 51.44172100755209 ], [ -0.085759464839211, 51.435853845829108 ], [ -0.088420787790479, 51.44070644103828 ], [ -0.084545896409485, 51.44172100755209 ] ] ], [ [ [ -0.085203521467889, 51.44399338988643 ], [ -0.084544367871574, 51.441890805544141 ], [ -0.088831874724396, 51.442582184341774 ], [ -0.085203521467889, 51.44399338988643 ] ] ], [ [ [ -0.086832341481134, 51.446332416345705 ], [ -0.091393715008083, 51.441220662914873 ], [ -0.094695296395547, 51.446479542161988 ], [ -0.085985776769752, 51.447392732150796 ], [ -0.086832341481134, 51.446332416345705 ] ], [ [ -0.089756055057196, 51.444539917274788 ], [ -0.089483345899444, 51.44450418736627 ], [ -0.090022741505206, 51.444575008852702 ], [ -0.089756055057196, 51.444539917274788 ] ] ], [ [ [ -0.073358170367865, 51.443714788131942 ], [ -0.079565612447638, 51.442377156129766 ], [ -0.085393674764713, 51.446862267199798 ], [ -0.072012788536069, 51.444977443481399 ], [ -0.072023390907709, 51.444953884383949 ], [ -0.072067142797987, 51.444422209433903 ], [ -0.072131143309815, 51.443581518311404 ], [ -0.073358170367865, 51.443714788131942 ] ], [ [ -0.074518681623619, 51.444016325960234 ], [ -0.074518345327833, 51.44401587080219 ], [ -0.074230730517788, 51.44376592172538 ], [ -0.074518681623619, 51.444016325960234 ] ], [ [ -0.075573688021272, 51.444045069151912 ], [ -0.075539587324697, 51.444052595739961 ], [ -0.075660457351515, 51.444028925677394 ], [ -0.075573688021272, 51.444045069151912 ] ], [ [ -0.077151060646352, 51.443792530821028 ], [ -0.077032388575875, 51.443806144486786 ], [ -0.077167310679196, 51.443791565456209 ], [ -0.077151060646352, 51.443792530821028 ] ] ], [ [ [ -0.085634238550267, 51.446347647762444 ], [ -0.086629044474646, 51.443934857484635 ], [ -0.088079353784554, 51.443813961238632 ], [ -0.085634238550267, 51.446347647762444 ] ] ], [ [ [ -0.0916990401223, 51.448667445305873 ], [ -0.095403709331191, 51.447331177450394 ], [ -0.097275417720478, 51.448920900843682 ], [ -0.0916990401223, 51.448667445305873 ] ] ], [ [ [ -0.11010995040244, 51.445755370431286 ], [ -0.111772880411144, 51.455330572460987 ], [ -0.100931865300193, 51.450260263946973 ], [ -0.11010995040244, 51.445755370431286 ] ] ], [ [ [ -0.091869274994602, 51.452058216892397 ], [ -0.086650754372716, 51.450832406388351 ], [ -0.093975808393038, 51.450992011387122 ], [ -0.091869274994602, 51.452058216892397 ] ] ], [ [ [ -0.08281075392276, 51.452000949348609 ], [ -0.083387656306477, 51.454705699272985 ], [ -0.080277714723463, 51.451390692394455 ], [ -0.08281075392276, 51.452000949348609 ] ] ], [ [ [ -0.082204510764147, 51.454313441447411 ], [ -0.078679921482002, 51.455263966273407 ], [ -0.078215965381825, 51.453504552604848 ], [ -0.082204510764147, 51.454313441447411 ] ] ], [ [ [ -0.086301834881319, 51.458798660699635 ], [ -0.087984512746658, 51.454747590277989 ], [ -0.088850376193333, 51.455222181363254 ], [ -0.086301834881319, 51.458798660699635 ] ] ], [ [ [ -0.084450138419709, 51.460458283046812 ], [ -0.083475631921539, 51.458303258147353 ], [ -0.084820886039078, 51.456949221882141 ], [ -0.087705109040784, 51.460901950872305 ], [ -0.085946706403909, 51.462055809264506 ], [ -0.084450138419709, 51.460458283046812 ] ], [ [ -0.085368182572486, 51.461182327133379 ], [ -0.085329347308594, 51.461179686843543 ], [ -0.085409954951653, 51.461185346518086 ], [ -0.085368182572486, 51.461182327133379 ] ] ], [ [ [ -0.083221376755656, 51.463853527060202 ], [ -0.085788103517914, 51.462130174260245 ], [ -0.086229773241716, 51.462498965453243 ], [ -0.083221376755656, 51.463853527060202 ] ] ], [ [ [ -0.073987067587983, 51.483807298256217 ], [ -0.073186728124698, 51.482146722747899 ], [ -0.070019960662417, 51.474459110539257 ], [ -0.073987067587983, 51.483807298256217 ] ] ], [ [ [ -0.075766187416666, 51.487455451053968 ], [ -0.09290863382391, 51.479425840161205 ], [ -0.094400475806257, 51.481841982204571 ], [ -0.075766187416666, 51.487455451053968 ] ] ], [ [ [ -0.072612307247164, 51.486205910095755 ], [ -0.074001014263903, 51.483904709730666 ], [ -0.073656255520133, 51.486601815175057 ], [ -0.072612307247164, 51.486205910095755 ] ] ], [ [ [ -0.074770374539069, 51.486276782559237 ], [ -0.075251895504691, 51.487008296549099 ], [ -0.074530501957947, 51.486704816141994 ], [ -0.074770374539069, 51.486276782559237 ] ] ], [ [ [ -0.107669788278663, 51.497240905011907 ], [ -0.11021067818455, 51.495312980310892 ], [ -0.111221822883285, 51.49632266374801 ], [ -0.107669788278663, 51.497240905011907 ] ] ], [ [ [ -0.076412242094235, 51.504412530554902 ], [ -0.079734523145857, 51.503539565706596 ], [ -0.078244427427347, 51.504986733962035 ], [ -0.076412242094235, 51.504412530554902 ] ] ], [ [ [ -0.118287363457733, 51.50540060590523 ], [ -0.117857808197917, 51.502967472209264 ], [ -0.119401902179373, 51.503154006829597 ], [ -0.118287363457733, 51.50540060590523 ] ] ], [ [ [ -0.09818029458247, 51.550059316277355 ], [ -0.101378909236446, 51.552636665717699 ], [ -0.098405941693208, 51.552136646935232 ], [ -0.09818029458247, 51.550059316277355 ] ] ], [ [ [ -0.105754117544079, 51.567174997891058 ], [ -0.105747195623113, 51.567297444555201 ], [ -0.105743010114742, 51.56734110648059 ], [ -0.105754117544079, 51.567174997891058 ] ] ], [ [ [ -0.104123946676364, 51.565167555650028 ], [ -0.101484652886108, 51.575065053720458 ], [ -0.096360839024801, 51.570978324736075 ], [ -0.104123946676364, 51.565167555650028 ] ] ], [ [ [ -0.105743010114742, 51.56734110648059 ], [ -0.105718805345595, 51.567703104263046 ], [ -0.105742468695545, 51.567347293553659 ], [ -0.105743010114742, 51.56734110648059 ] ] ], [ [ [ -0.092415745208183, 51.569162033622632 ], [ -0.088433684936261, 51.567357591068358 ], [ -0.092833138361034, 51.564720698530571 ], [ -0.093480731546334, 51.565711393285511 ], [ -0.092415745208183, 51.569162033622632 ] ], [ [ -0.092675740817704, 51.565036473380324 ], [ -0.092261731087921, 51.565551247947631 ], [ -0.092847562982469, 51.565274352453208 ], [ -0.092675740817704, 51.565036473380324 ] ], [ [ -0.091453867808467, 51.566820432339831 ], [ -0.092032597393337, 51.566668205105636 ], [ -0.09086182615378, 51.566614370855334 ], [ -0.091453867808467, 51.566820432339831 ] ], [ [ -0.092217884858072, 51.565632433266003 ], [ -0.092142806677372, 51.565788985788281 ], [ -0.092430714680275, 51.565717701772449 ], [ -0.092217884858072, 51.565632433266003 ] ], [ [ -0.092611341971077, 51.565659955914732 ], [ -0.092676879833881, 51.565489673856938 ], [ -0.092525914375684, 51.565512391567339 ], [ -0.092611341971077, 51.565659955914732 ] ], [ [ -0.092443842171571, 51.565713869467309 ], [ -0.092469360602812, 51.565536194343849 ], [ -0.092352820842192, 51.565563517206051 ], [ -0.092443842171571, 51.565713869467309 ] ] ], [ [ [ -0.083950445041849, 51.573590448335494 ], [ -0.086831783264415, 51.569451127305378 ], [ -0.089004510946451, 51.57086405663874 ], [ -0.083950445041849, 51.573590448335494 ] ] ], [ [ [ -0.106117970263087, 51.569735533072325 ], [ -0.113560083428141, 51.573817515820174 ], [ -0.110102408457636, 51.572799605360842 ], [ -0.107821664396827, 51.571524066712151 ], [ -0.106117970263087, 51.569735533072325 ] ] ], [ [ [ -0.086681592294644, 51.574291905136093 ], [ -0.096536732275563, 51.571789550610667 ], [ -0.09760226112481, 51.573654974320064 ], [ -0.089832059180768, 51.574393665038251 ], [ -0.086681592294644, 51.574291905136093 ] ] ], [ [ [ -0.084806830950132, 51.574500993266867 ], [ -0.084770119756802, 51.574343968875127 ], [ -0.086354833019306, 51.574153525802032 ], [ -0.084806830950132, 51.574500993266867 ] ] ], [ [ [ -0.117241797674629, 51.573868144488003 ], [ -0.120054617103661, 51.573934346405927 ], [ -0.120119250498611, 51.574011820342015 ], [ -0.117241797674629, 51.573868144488003 ] ] ], [ [ [ -0.12097320119486, 51.574230975775258 ], [ -0.119893146877325, 51.574297756521176 ], [ -0.121207137440438, 51.574192456095275 ], [ -0.12097320119486, 51.574230975775258 ] ] ], [ [ [ -0.087822474901364, 51.586871707607905 ], [ -0.09025181903251, 51.597528092374553 ], [ -0.084674338732551, 51.597410623701286 ], [ -0.087822474901364, 51.586871707607905 ] ] ], [ [ [ -0.08382610867723, 51.603037393454649 ], [ -0.073197077177424, 51.604657229336247 ], [ -0.072036310367165, 51.598787490618754 ], [ -0.08382610867723, 51.603037393454649 ] ] ], [ [ [ -0.102753751807304, 51.607298309015889 ], [ -0.096915404785516, 51.602674514004804 ], [ -0.108054838244343, 51.601669362891492 ], [ -0.107970846303134, 51.60414504323829 ], [ -0.102753751807304, 51.607298309015889 ] ], [ [ -0.103113606457415, 51.605075488098983 ], [ -0.103112010030525, 51.605076370534121 ], [ -0.103113652461046, 51.605076359309052 ], [ -0.103113606457415, 51.605075488098983 ] ] ], [ [ [ -0.093090107056858, 51.611845358732033 ], [ -0.097721568595479, 51.609040609339168 ], [ -0.097956899297464, 51.610219306450674 ], [ -0.093090107056858, 51.611845358732033 ] ] ], [ [ [ -0.086816305157052, 51.612453649173524 ], [ -0.086573245197965, 51.60940661935927 ], [ -0.091638012109483, 51.611878395954072 ], [ -0.086816305157052, 51.612453649173524 ] ] ], [ [ [ -0.086377891698599, 51.612505835699793 ], [ -0.082914797901399, 51.611092846669877 ], [ -0.085429092246708, 51.609636621483851 ], [ -0.086377891698599, 51.612505835699793 ] ] ], [ [ [ -0.100012618319389, 51.614417054593844 ], [ -0.096472556551963, 51.613902388468532 ], [ -0.101229326594889, 51.612526670457441 ], [ -0.100012618319389, 51.614417054593844 ] ] ], [ [ [ -0.081161527412886, 51.615144698478879 ], [ -0.084341993332343, 51.613486504032736 ], [ -0.085064667427919, 51.615927625447853 ], [ -0.081161527412886, 51.615144698478879 ] ] ], [ [ [ -0.087626500943854, 51.615971636626007 ], [ -0.091351320387193, 51.614675871789814 ], [ -0.091134937281375, 51.615825211646353 ], [ -0.087626500943854, 51.615971636626007 ] ] ], [ [ [ -0.102801281278287, 51.6162052880658 ], [ -0.1042227691886, 51.614623388407324 ], [ -0.104340292145691, 51.615701460014094 ], [ -0.102801281278287, 51.6162052880658 ] ] ], [ [ [ -0.082002648887293, 51.616603475191269 ], [ -0.077242470644978, 51.614485080943027 ], [ -0.08275752149515, 51.61621009439564 ], [ -0.082002648887293, 51.616603475191269 ] ] ], [ [ [ -0.121657416771183, 51.620718723169894 ], [ -0.117617006110375, 51.616473021442495 ], [ -0.12279346064556, 51.618112949920722 ], [ -0.121657416771183, 51.620718723169894 ] ] ], [ [ [ -0.086627890757105, 51.617157667305349 ], [ -0.089821886940682, 51.620315407518369 ], [ -0.085401553943191, 51.619850719226555 ], [ -0.086627890757105, 51.617157667305349 ] ] ], [ [ [ -0.097167262130362, 51.62150098721127 ], [ -0.097154781345242, 51.617759034724656 ], [ -0.099900974708497, 51.620004409329049 ], [ -0.097167262130362, 51.62150098721127 ] ] ], [ [ [ -0.08532932251723, 51.622905100611796 ], [ -0.082579112963496, 51.623409761648261 ], [ -0.083185472462394, 51.622320295370869 ], [ -0.08532932251723, 51.622905100611796 ] ] ], [ [ [ -0.097195683091804, 51.623930769863065 ], [ -0.095017136926559, 51.623481366442206 ], [ -0.098678680710128, 51.623706139244888 ], [ -0.097195683091804, 51.623930769863065 ] ] ], [ [ [ -0.073140685167515, 51.627128589878339 ], [ -0.080225743314797, 51.626468213612192 ], [ -0.078477181391832, 51.629263227465593 ], [ -0.073140685167515, 51.627128589878339 ] ] ], [ [ [ -0.082310210542255, 51.624080596768472 ], [ -0.092939654539663, 51.627483172155657 ], [ -0.078548880861217, 51.62987544038625 ], [ -0.082310210542255, 51.624080596768472 ] ] ], [ [ [ -0.09581084371415, 51.629901744062956 ], [ -0.09464527854543, 51.631131879938351 ], [ -0.092778459015305, 51.630448906185727 ], [ -0.09581084371415, 51.629901744062956 ] ] ], [ [ [ -0.067280144468617, 51.630721421185896 ], [ -0.07243184371032, 51.628478467232213 ], [ -0.077930173100825, 51.629814519608118 ], [ -0.0711734322135, 51.633073998398991 ], [ -0.067280144468617, 51.630721421185896 ] ] ], [ [ [ -0.072175467088906, 51.632839639402604 ], [ -0.078271405563551, 51.630067417161357 ], [ -0.079326963082495, 51.632286393424835 ], [ -0.072175467088906, 51.632839639402604 ] ] ], [ [ [ -0.115416559369442, 51.628635900744037 ], [ -0.116563346482949, 51.635152220204063 ], [ -0.107289062740591, 51.63623953112883 ], [ -0.115416559369442, 51.628635900744037 ] ] ], [ [ [ -0.093401796915655, 51.6328917670875 ], [ -0.088143671660946, 51.631907004692636 ], [ -0.093996007240294, 51.631608769212768 ], [ -0.093401796915655, 51.6328917670875 ] ] ], [ [ [ -0.127043115119562, 51.641636985651196 ], [ -0.11478663680722, 51.640047862452036 ], [ -0.125556748038767, 51.638098083608931 ], [ -0.127043115119562, 51.641636985651196 ] ] ], [ [ [ -0.089957405437426, 51.651675285558824 ], [ -0.083226948468192, 51.644094263989345 ], [ -0.093119174953248, 51.641939294650584 ], [ -0.089957405437426, 51.651675285558824 ] ] ], [ [ [ -0.096930010043426, 51.642293833157559 ], [ -0.102559240473765, 51.654656813452924 ], [ -0.094747127361484, 51.648709604838807 ], [ -0.096930010043426, 51.642293833157559 ] ] ], [ [ [ -0.086842375638968, 51.651669072531831 ], [ -0.085906906758781, 51.652222162433333 ], [ -0.08596477324871, 51.651776581904116 ], [ -0.086842375638968, 51.651669072531831 ] ] ], [ [ [ -0.087833544470598, 51.654207126927986 ], [ -0.087012111587956, 51.654264767419427 ], [ -0.087219495857237, 51.653458343741505 ], [ -0.087180582784925, 51.652913287988696 ], [ -0.087833544470598, 51.654207126927986 ] ] ], [ [ [ -0.08660710200416, 51.654510421735949 ], [ -0.087076821068105, 51.653016687953816 ], [ -0.086871765955681, 51.654489562653687 ], [ -0.08660710200416, 51.654510421735949 ] ] ], [ [ [ -0.086082236874852, 51.654802667406521 ], [ -0.080371330955464, 51.656164175265424 ], [ -0.081599478209765, 51.652655386733649 ], [ -0.086082236874852, 51.654802667406521 ] ] ], [ [ [ -0.088251920846377, 51.656272243830863 ], [ -0.090827459085495, 51.653709982777492 ], [ -0.090761158747961, 51.65690432795175 ], [ -0.088251920846377, 51.656272243830863 ] ] ], [ [ [ -0.054875094120352, 51.321293508714021 ], [ -0.051893365337104, 51.331627528454661 ], [ -0.053433431331272, 51.337523698049587 ], [ -0.040345532054571, 51.345470251196666 ], [ -0.037409022601173, 51.344006011183836 ], [ -0.054875094120352, 51.321293508714021 ] ] ], [ [ [ 0.058451183050919, 51.289381420958946 ], [ -0.036143459650559, 51.338342971395683 ], [ -0.033327826203993, 51.35329491740351 ], [ -0.061770006743102, 51.346050475082883 ], [ -0.082224127864212, 51.366394091922132 ], [ 0.056095093914664, 51.389741269327168 ], [ 0.121696634145732, 51.333725795788254 ], [ 0.058451183050919, 51.289381420958946 ] ], [ [ 0.052063209722193, 51.3744817200323 ], [ 0.05215505843588, 51.374536228726342 ], [ 0.052154622281458, 51.374536693207489 ], [ 0.052063209722193, 51.3744817200323 ] ], [ [ -0.00821700363531, 51.346630142755942 ], [ -0.018022012782091, 51.359934003838077 ], [ -0.028404559399886, 51.354105204004263 ], [ -0.014821030174919, 51.335893538498212 ], [ 0.001251965933303, 51.33269509949605 ], [ 0.000591466625136, 51.334557718973031 ], [ 0.000661521873401, 51.334327420456098 ], [ 0.000344833071194, 51.335020158751092 ], [ -0.000324513500702, 51.337437104112801 ], [ -0.000777635564578, 51.338334328888543 ], [ -0.002934115006328, 51.345206986474203 ], [ -0.00821700363531, 51.346630142755942 ] ], [ [ -0.007707138079005, 51.346924531357196 ], [ -0.007707402604743, 51.346924391970582 ], [ -0.007707388645082, 51.346924382740227 ], [ -0.007707138079005, 51.346924531357196 ] ], [ [ 0.001073622003044, 51.333498453901591 ], [ 0.001072595351608, 51.333499240338575 ], [ 0.000968612086746, 51.333538590456747 ], [ 0.001073622003044, 51.333498453901591 ] ], [ [ 0.001169913999023, 51.333440602773685 ], [ 0.001181429368251, 51.333434088474441 ], [ 0.001158512766459, 51.333447076024925 ], [ 0.001169913999023, 51.333440602773685 ] ], [ [ 0.001357347124037, 51.333305203877039 ], [ 0.001416521281458, 51.333254778819956 ], [ 0.001321235563338, 51.333335117886989 ], [ 0.001357347124037, 51.333305203877039 ] ], [ [ 0.001503427603721, 51.333170961071495 ], [ 0.001503858744059, 51.333171367377282 ], [ 0.001487210873731, 51.333187266887528 ], [ 0.001503427603721, 51.333170961071495 ] ], [ [ 0.001557421887894, 51.333106752025081 ], [ 0.001547123548541, 51.333118200662803 ], [ 0.001553230139398, 51.333111359152134 ], [ 0.001557421887894, 51.333106752025081 ] ], [ [ 0.001701241429985, 51.332949951447695 ], [ 0.001700865902843, 51.33295052531966 ], [ 0.001671178309327, 51.332982524968799 ], [ 0.001701241429985, 51.332949951447695 ] ], [ [ 0.001764370970207, 51.332884338040898 ], [ 0.001848013554739, 51.332809554204914 ], [ 0.001852108905753, 51.332806538461057 ], [ 0.001764370970207, 51.332884338040898 ] ], [ [ 0.001915953345561, 51.332761077956462 ], [ 0.001895918598784, 51.332774277780061 ], [ 0.00190573772043, 51.33276704715302 ], [ 0.001915953345561, 51.332761077956462 ] ], [ [ 0.001941508518939, 51.332744241018908 ], [ 0.002276543406269, 51.332557171131604 ], [ 0.002512100131497, 51.332443096724411 ], [ 0.001941508518939, 51.332744241018908 ] ], [ [ 0.00255291419179, 51.332422844983682 ], [ 0.002636726446667, 51.332378348263816 ], [ 0.002721159225918, 51.332338856853042 ], [ 0.00255291419179, 51.332422844983682 ] ], [ [ 0.002740686431633, 51.332328455191544 ], [ 0.002834465352561, 51.332287582425458 ], [ 0.002843385415274, 51.332284361834979 ], [ 0.002740686431633, 51.332328455191544 ] ], [ [ 0.003116769473277, 51.332201428027517 ], [ 0.002930658562689, 51.332254911682568 ], [ 0.002985444319329, 51.332238237050042 ], [ 0.003061044005526, 51.332216260280426 ], [ 0.003116769473277, 51.332201428027517 ] ], [ [ 0.003136255235908, 51.332196241570209 ], [ 0.003279070054965, 51.332162488535282 ], [ 0.003123877627589, 51.332199536074938 ], [ 0.003136255235908, 51.332196241570209 ] ], [ [ 0.003257948020055, 51.332054412210219 ], [ 0.003229761537009, 51.331789061270442 ], [ 0.003223080607687, 51.331685129867402 ], [ 0.003257948020055, 51.332054412210219 ] ], [ [ 0.00313447171172, 51.331498382532807 ], [ 0.003134703256004, 51.331498794203533 ], [ 0.003123051705252, 51.331483523432759 ], [ 0.00313447171172, 51.331498382532807 ] ], [ [ 0.003015667352618, 51.331340304780824 ], [ 0.003057392333567, 51.331397468860651 ], [ 0.00305336471646, 51.33139219017982 ], [ 0.003015667352618, 51.331340304780824 ] ], [ [ 0.002965568807665, 51.331271734672811 ], [ 0.002903141094549, 51.331211753537978 ], [ 0.002876367296799, 51.331158166596957 ], [ 0.002965568807665, 51.331271734672811 ] ], [ [ 0.002862714827111, 51.33111664993536 ], [ 0.002870652971606, 51.33114239411762 ], [ 0.002866033596551, 51.331128753985297 ], [ 0.002862714827111, 51.33111664993536 ] ], [ [ 0.002857185017309, 51.331088876897752 ], [ 0.002860017263904, 51.331106811517728 ], [ 0.002858916325138, 51.331102796228919 ], [ 0.002857185017309, 51.331088876897752 ] ], [ [ 0.00285597742484, 51.331079168121988 ], [ 0.002854166045401, 51.331036416154312 ], [ 0.002856056974217, 51.331079807681341 ], [ 0.00285597742484, 51.331079168121988 ] ], [ [ 0.002854231695326, 51.331006958660225 ], [ 0.002885342227123, 51.330676835051477 ], [ 0.00290642854152, 51.330573016336359 ], [ 0.002854231695326, 51.331006958660225 ] ], [ [ 0.0029115927613, 51.330558769420264 ], [ 0.002907980133215, 51.330568621798378 ], [ 0.002912021534048, 51.330557175430421 ], [ 0.0029115927613, 51.330558769420264 ] ], [ [ 0.002927778646472, 51.330464775517555 ], [ 0.002928363358018, 51.330464259215383 ], [ 0.002926680360637, 51.330490709158084 ], [ 0.002927778646472, 51.330464775517555 ] ], [ [ 0.002921752309576, 51.33042530971629 ], [ 0.002922058036729, 51.330424156090821 ], [ 0.002923898225211, 51.330435860063474 ], [ 0.002921752309576, 51.33042530971629 ] ], [ [ 0.00289804306197, 51.330375354837074 ], [ 0.002897838501206, 51.330373888891678 ], [ 0.002904150629907, 51.330385871509471 ], [ 0.00289804306197, 51.330375354837074 ] ], [ [ 0.002763556746159, 51.330229616047063 ], [ 0.002774819947272, 51.330239334169121 ], [ 0.002755216631049, 51.330223096613587 ], [ 0.002763556746159, 51.330229616047063 ] ], [ [ 0.002705992887402, 51.330184688903373 ], [ 0.0027045779239, 51.330183512545723 ], [ 0.002706932995128, 51.33018535349516 ], [ 0.002705992887402, 51.330184688903373 ] ], [ [ 0.00259634887326, 51.330106230119682 ], [ 0.002590110237766, 51.330101715338976 ], [ 0.002597313396266, 51.330106862627829 ], [ 0.00259634887326, 51.330106230119682 ] ], [ [ 0.002248771478248, 51.32987116295913 ], [ 0.002248872339091, 51.329871039830159 ], [ 0.002256983134564, 51.329876546133171 ], [ 0.002248771478248, 51.32987116295913 ] ], [ [ 0.002148789096691, 51.329778727092979 ], [ 0.002154576544407, 51.329786413377086 ], [ 0.002149068882579, 51.329779341166109 ], [ 0.002148789096691, 51.329778727092979 ] ], [ [ 0.002142156990722, 51.329758915727176 ], [ 0.002145137674654, 51.329770712964113 ], [ 0.002143783454672, 51.329767740726631 ], [ 0.002142156990722, 51.329758915727176 ] ], [ [ 0.002137953620982, 51.329732767988652 ], [ 0.002133969074405, 51.329668435273831 ], [ 0.002139877995385, 51.329745598758265 ], [ 0.002137953620982, 51.329732767988652 ] ], [ [ 0.002144282245896, 51.329562556806955 ], [ 0.002144145252857, 51.32956386460355 ], [ 0.002144431072989, 51.329561024806715 ], [ 0.002144282245896, 51.329562556806955 ] ], [ [ 0.002161097761691, 51.329401168715471 ], [ 0.002155040392811, 51.329452313450226 ], [ 0.002158916909822, 51.329412261435024 ], [ 0.002161097761691, 51.329401168715471 ] ], [ [ 0.002180855855905, 51.329300670831522 ], [ 0.002187231623265, 51.329275582173963 ], [ 0.002176181517538, 51.329324446460369 ], [ 0.002180855855905, 51.329300670831522 ] ], [ [ -0.020494423880071, 51.364156742365161 ], [ -0.020494838985371, 51.364157043446049 ], [ -0.020496817461407, 51.36415762056091 ], [ -0.020494423880071, 51.364156742365161 ] ], [ [ -0.02035833416038, 51.364083211973757 ], [ -0.020241086328557, 51.364015173919967 ], [ -0.020289871334675, 51.36404484344262 ], [ -0.02035833416038, 51.364083211973757 ] ], [ [ -0.02020616776183, 51.363993937534261 ], [ -0.020216411555823, 51.364000167491007 ], [ -0.020202776511648, 51.363991564586399 ], [ -0.02020616776183, 51.363993937534261 ] ], [ [ -0.020155618220704, 51.363957517352858 ], [ -0.020168534311438, 51.363967604409034 ], [ -0.02017437871772, 51.363971693895408 ], [ -0.020155618220704, 51.363957517352858 ] ], [ [ -0.01961129726984, 51.363482277361541 ], [ -0.019934816776255, 51.363747848951554 ], [ -0.019716364960633, 51.363550360187823 ], [ -0.01961129726984, 51.363482277361541 ] ], [ [ -0.019565714686261, 51.36344619406124 ], [ -0.019576790016776, 51.363455555815854 ], [ -0.019579593945268, 51.363457727107296 ], [ -0.019565714686261, 51.36344619406124 ] ], [ [ -0.019487194961612, 51.36337704376848 ], [ -0.019516841744851, 51.363405079356234 ], [ -0.019510990850977, 51.363399405301834 ], [ -0.019487194961612, 51.36337704376848 ] ], [ [ -0.019457877052689, 51.363348596953379 ], [ -0.019457119748258, 51.363348603034233 ], [ -0.019468095830755, 51.363358982606329 ], [ -0.019457877052689, 51.363348596953379 ] ], [ [ -0.019426714198963, 51.363313349553295 ], [ -0.019427831984752, 51.363314645561452 ], [ -0.019416309255709, 51.363299393506452 ], [ -0.019426714198963, 51.363313349553295 ] ], [ [ -0.019202784106091, 51.363068203060067 ], [ -0.019202389441438, 51.363068527323428 ], [ -0.019381403297004, 51.36326130753045 ], [ -0.019202784106091, 51.363068203060067 ] ], [ [ -0.019185338321583, 51.36304967953906 ], [ -0.019185929873769, 51.363050333422684 ], [ -0.019180314723714, 51.363041811284113 ], [ -0.019185338321583, 51.36304967953906 ] ], [ [ -0.019161678349239, 51.363012661787231 ], [ -0.019134888776409, 51.362977126402114 ], [ -0.01911981386361, 51.362959637222993 ], [ -0.019161678349239, 51.363012661787231 ] ], [ [ -0.019104606051912, 51.362938229795681 ], [ -0.01911483749484, 51.362952632188026 ], [ -0.019106987013255, 51.362941285673145 ], [ -0.019104606051912, 51.362938229795681 ] ], [ [ -0.01909337581686, 51.36292381619662 ], [ -0.019077451789242, 51.362905636457 ], [ -0.019100587731956, 51.362933072427872 ], [ -0.01909337581686, 51.36292381619662 ] ], [ [ -0.019059144309574, 51.362886884894834 ], [ -0.019071401624756, 51.362899183839453 ], [ -0.019065959186833, 51.362893379374043 ], [ -0.019059144309574, 51.362886884894834 ] ], [ [ -0.019041872966257, 51.362868988107145 ], [ -0.019040385898101, 51.362868062774304 ], [ -0.01904939918617, 51.362877106674141 ], [ -0.019041872966257, 51.362868988107145 ] ], [ [ -0.018956955458109, 51.362800555254182 ], [ -0.018952208840202, 51.36279756938842 ], [ -0.018961339644168, 51.362803708751976 ], [ -0.018956955458109, 51.362800555254182 ] ], [ [ -0.018933766332944, 51.362777680942415 ], [ -0.018935128528263, 51.362779436003869 ], [ -0.018943952942472, 51.36278880448009 ], [ -0.018933766332944, 51.362777680942415 ] ], [ [ -0.018925788226719, 51.362767888796448 ], [ -0.018901534358498, 51.362736667979803 ], [ -0.018866058206344, 51.362672544564155 ], [ -0.018925788226719, 51.362767888796448 ] ], [ [ -0.018861020825091, 51.362660667171248 ], [ -0.018845375425593, 51.362623307493735 ], [ -0.018842387498247, 51.36261746132373 ], [ -0.018849722825485, 51.362635943140418 ], [ -0.018861020825091, 51.362660667171248 ] ], [ [ -0.018837763009782, 51.3626056426776 ], [ -0.018838040852788, 51.362607193248593 ], [ -0.01883946578969, 51.362610559375256 ], [ -0.018837763009782, 51.3626056426776 ] ], [ [ -0.018820515230965, 51.362552492231472 ], [ -0.018803110302739, 51.362489107561636 ], [ -0.018804545880118, 51.362502648651429 ], [ -0.018820515230965, 51.362552492231472 ] ], [ [ -0.018801840610526, 51.362474225287393 ], [ -0.01880298308539, 51.362480382339328 ], [ -0.01880297396521, 51.362479756830339 ], [ -0.018801840610526, 51.362474225287393 ] ], [ [ -0.018793246241057, 51.362427908312831 ], [ -0.018782203597629, 51.36236189588714 ], [ -0.018782111087189, 51.362360184289642 ], [ -0.018782104672828, 51.36236212443108 ], [ -0.018786838159014, 51.362393373728992 ], [ -0.018793246241057, 51.362427908312831 ] ], [ [ -0.018712808209652, 51.362249347208397 ], [ -0.01872931387523, 51.362275891378516 ], [ -0.018717557465975, 51.362256485351217 ], [ -0.018712808209652, 51.362249347208397 ] ], [ [ -0.018677112382511, 51.362195099476772 ], [ -0.018650624538323, 51.36215547244565 ], [ -0.018682311978032, 51.362203056904612 ], [ -0.018677112382511, 51.362195099476772 ] ], [ [ -0.01863725355031, 51.362135627575533 ], [ -0.01858573945207, 51.362054614294969 ], [ -0.018575571329998, 51.36204120340183 ], [ -0.018607192362578, 51.362091011548245 ], [ -0.01863725355031, 51.362135627575533 ] ], [ [ -0.018553250468076, 51.362010390031536 ], [ -0.018561357534395, 51.362021581626074 ], [ -0.018555226510771, 51.362012731019547 ], [ -0.018553250468076, 51.362010390031536 ] ], [ [ -0.018529944508835, 51.361982779812685 ], [ -0.018511072079712, 51.361957375205407 ], [ -0.018547077803057, 51.362003077368264 ], [ -0.018529944508835, 51.361982779812685 ] ], [ [ -0.018508806703665, 51.361954258194821 ], [ -0.018465213807147, 51.361885011622441 ], [ -0.018428270586921, 51.361826329419074 ], [ -0.01847720977092, 51.361906077976009 ], [ -0.018508806703665, 51.361954258194821 ] ], [ [ -0.018395582090576, 51.361772596092358 ], [ -0.018371276898173, 51.361731740007322 ], [ -0.018356800634394, 51.361695687779651 ], [ -0.018395582090576, 51.361772596092358 ] ], [ [ -0.018354135670961, 51.361692165543246 ], [ -0.018319174656947, 51.361640930006935 ], [ -0.018301343327394, 51.361618886951796 ], [ -0.018332538306942, 51.361665217374807 ], [ -0.018354135670961, 51.361692165543246 ] ], [ [ -0.018281337187737, 51.361586755094642 ], [ -0.018284314339407, 51.361592356217962 ], [ -0.018283077262949, 51.361589662557925 ], [ -0.018281337187737, 51.361586755094642 ] ], [ [ -0.018272671986697, 51.361570151879285 ], [ -0.018272419508961, 51.361569977642873 ], [ -0.018273870197171, 51.361572706923894 ], [ -0.018272671986697, 51.361570151879285 ] ], [ [ -0.018219065325268, 51.361491906379065 ], [ -0.018218786584154, 51.361491741590349 ], [ -0.018232807388257, 51.361512194183049 ], [ -0.018219065325268, 51.361491906379065 ] ], [ [ -0.01815845218915, 51.361454315928583 ], [ -0.018214988131178, 51.36148931654224 ], [ -0.0181594300005, 51.36145402597483 ], [ -0.01815845218915, 51.361454315928583 ] ], [ [ -0.018459886941949, 51.361342101481746 ], [ -0.018464550773291, 51.361345933423493 ], [ -0.018461309608575, 51.361343125924492 ], [ -0.018459886941949, 51.361342101481746 ] ], [ [ -0.018422366117523, 51.36131353711454 ], [ -0.01833726148994, 51.361250840180993 ], [ -0.01842740321878, 51.361317842595689 ], [ -0.018422366117523, 51.36131353711454 ] ], [ [ -0.018217784083286, 51.361166948325774 ], [ -0.018106702018498, 51.361100012041909 ], [ -0.018073127308833, 51.361081844497626 ], [ -0.018217784083286, 51.361166948325774 ] ], [ [ -0.018069066714767, 51.361079647277663 ], [ -0.017879942294691, 51.36097897126178 ], [ -0.01787332557938, 51.360974490974748 ], [ -0.017879865055219, 51.360978963659804 ], [ -0.018043294313922, 51.361066910241341 ], [ -0.018069066714767, 51.361079647277663 ] ], [ [ -0.01781938452336, 51.360934331162362 ], [ -0.017803086209016, 51.360911913804074 ], [ -0.017823017836462, 51.360937280021744 ], [ -0.01781938452336, 51.360934331162362 ] ], [ [ -0.017792045990845, 51.360891152460106 ], [ -0.017791346922886, 51.360890143322329 ], [ -0.017797625275082, 51.360901786513438 ], [ -0.017792045990845, 51.360891152460106 ] ], [ [ -0.017787436113345, 51.360881479070592 ], [ -0.017785751950686, 51.360878866023242 ], [ -0.017787895162514, 51.360882442341612 ], [ -0.017787436113345, 51.360881479070592 ] ], [ [ -0.017745380212338, 51.360821683862447 ], [ -0.017777095539056, 51.360864209081747 ], [ -0.017756381558374, 51.360835539618385 ], [ -0.017745380212338, 51.360821683862447 ] ], [ [ -0.017731503383858, 51.360807240753616 ], [ -0.017693423869287, 51.360776965624822 ], [ -0.017741468410339, 51.360817517619388 ], [ -0.017731503383858, 51.360807240753616 ] ], [ [ -0.01743063793557, 51.360615418287225 ], [ -0.017514094201998, 51.360658326736186 ], [ -0.017472720605784, 51.360635144352166 ], [ -0.017452090446955, 51.360624903042151 ], [ -0.01743063793557, 51.360615418287225 ] ], [ [ -0.017409844002362, 51.360605303006416 ], [ -0.017371822855809, 51.36058243095416 ], [ -0.017429976336924, 51.360615113730091 ], [ -0.017409844002362, 51.360605303006416 ] ], [ [ -0.017363156703441, 51.360576645518712 ], [ -0.017335210152504, 51.360555565402549 ], [ -0.017357712903858, 51.360573011293305 ], [ -0.017363156703441, 51.360576645518712 ] ], [ [ -0.017323578234557, 51.360546288588111 ], [ -0.017311240792781, 51.36053472324798 ], [ -0.01733412879137, 51.360554727046924 ], [ -0.017323578234557, 51.360546288588111 ] ], [ [ -0.017236281882414, 51.360466573081027 ], [ -0.017236483832911, 51.360467218589655 ], [ -0.01726488791216, 51.360491915229048 ], [ -0.017236281882414, 51.360466573081027 ] ], [ [ -0.017180295232187, 51.360404923579509 ], [ -0.017155827059153, 51.360372453879293 ], [ -0.017187365421525, 51.360413992630917 ], [ -0.017180295232187, 51.360404923579509 ] ], [ [ -0.017150556760331, 51.360364458259752 ], [ -0.017108159851766, 51.360312424958707 ], [ -0.017088639941149, 51.360291834553877 ], [ -0.017150556760331, 51.360364458259752 ] ], [ [ -0.017054808208523, 51.360261611431959 ], [ -0.016951513992562, 51.360169900913959 ], [ -0.017083527387067, 51.360287145346454 ], [ -0.017054808208523, 51.360261611431959 ] ], [ [ -0.016876484187863, 51.360099543587388 ], [ -0.016937061860923, 51.360156348788252 ], [ -0.016894042370959, 51.360115004023406 ], [ -0.016876484187863, 51.360099543587388 ] ], [ [ -0.016816652635058, 51.360038756286158 ], [ -0.016871742936584, 51.360095097597345 ], [ -0.016873022348123, 51.360096297333584 ], [ -0.016816652635058, 51.360038756286158 ] ], [ [ -0.016481876979232, 51.359700764258022 ], [ -0.016597453881273, 51.359815276733215 ], [ -0.016577496408117, 51.359794894350529 ], [ -0.016481876979232, 51.359700764258022 ] ], [ [ -0.016421804586982, 51.359641627533343 ], [ -0.016403122459601, 51.359624860097014 ], [ -0.0164755990551, 51.359694584116745 ], [ -0.016421804586982, 51.359641627533343 ] ], [ [ -0.01635062289107, 51.359561940034872 ], [ -0.016376186973937, 51.359594694674058 ], [ -0.016369327440791, 51.359587231343312 ], [ -0.01635062289107, 51.359561940034872 ] ], [ [ -0.016154763293167, 51.35929699232296 ], [ -0.016204127371398, 51.359360511372252 ], [ -0.016158580185067, 51.359300989607348 ], [ -0.016154763293167, 51.35929699232296 ] ], [ [ -0.016135299436025, 51.35927665487219 ], [ -0.016115916321358, 51.359257847697094 ], [ -0.016089715809077, 51.359236677407274 ], [ -0.016135299436025, 51.35927665487219 ] ], [ [ -0.016071441722308, 51.359223371201018 ], [ -0.016051378036698, 51.359211059005126 ], [ -0.016074303427703, 51.359225555124169 ], [ -0.016071441722308, 51.359223371201018 ] ], [ [ -0.016030397144335, 51.359197915124511 ], [ -0.016045288672523, 51.359207244206672 ], [ -0.016037188560758, 51.359201657820513 ], [ -0.016030397144335, 51.359197915124511 ] ], [ [ -0.016019184289764, 51.359190890617676 ], [ -0.015983791356336, 51.359165976464034 ], [ -0.016001823510943, 51.359180014626311 ], [ -0.016019184289764, 51.359190890617676 ] ], [ [ -0.015892450813359, 51.359094142635627 ], [ -0.015916704316671, 51.359113748720304 ], [ -0.015931176539157, 51.359125015449777 ], [ -0.015892450813359, 51.359094142635627 ] ], [ [ -0.015834050430907, 51.359049538012513 ], [ -0.015799613047874, 51.359027599077308 ], [ -0.015814717787706, 51.359038712264571 ], [ -0.015834137493936, 51.359050115929861 ], [ -0.015865669069313, 51.359073687468225 ], [ -0.015834050430907, 51.359049538012513 ] ], [ [ -0.015787069345718, 51.359017563927758 ], [ -0.01578907920211, 51.359019848887506 ], [ -0.015791883766961, 51.359021912322874 ], [ -0.015787069345718, 51.359017563927758 ] ], [ [ -0.01577286378076, 51.359002934709586 ], [ -0.015770419326418, 51.359000768287707 ], [ -0.015775822555372, 51.359006911826953 ], [ -0.01577286378076, 51.359002934709586 ] ], [ [ -0.015765456187866, 51.358994181003268 ], [ -0.015754785049403, 51.358981951517492 ], [ -0.015758197587259, 51.358986965843499 ], [ -0.015765456187866, 51.358994181003268 ] ], [ [ -0.015749330555991, 51.358976355778083 ], [ -0.015752220550883, 51.35897918580735 ], [ -0.015750966534825, 51.358977833400672 ], [ -0.015749330555991, 51.358976355778083 ] ], [ [ -0.015653633504497, 51.358882644381787 ], [ -0.015699909689564, 51.358927960364362 ], [ -0.015648981592706, 51.358877799474826 ], [ -0.015653633504497, 51.358882644381787 ] ], [ [ -0.01558022150716, 51.358808444451363 ], [ -0.015586505080245, 51.358813024942677 ], [ -0.01558621151081, 51.358812721166238 ], [ -0.01558022150716, 51.358808444451363 ] ], [ [ -0.0155720753144, 51.358802628270645 ], [ -0.015543804586539, 51.35878592342619 ], [ -0.015531010641104, 51.35877915203654 ], [ -0.0155720753144, 51.358802628270645 ] ], [ [ -0.015521431909957, 51.358773346997673 ], [ -0.015528015414463, 51.358777336826698 ], [ -0.015524176190534, 51.358774799450821 ], [ -0.015521431909957, 51.358773346997673 ] ], [ [ -0.015391239003263, 51.358693409975203 ], [ -0.015393773632175, 51.358695981712771 ], [ -0.015403423121402, 51.358701829633453 ], [ -0.015391239003263, 51.358693409975203 ] ], [ [ -0.015362483816572, 51.358671789542676 ], [ -0.01528741779751, 51.358618519676362 ], [ -0.015367070820327, 51.358675330539022 ], [ -0.015362483816572, 51.358671789542676 ] ], [ [ -0.015163539085409, 51.358529700357813 ], [ -0.015171110006049, 51.358535128602917 ], [ -0.015163933709915, 51.358529935183768 ], [ -0.015163539085409, 51.358529700357813 ] ], [ [ -0.015006156655141, 51.358448115713294 ], [ -0.015107880927731, 51.358497510334189 ], [ -0.015075831488486, 51.358480330439527 ], [ -0.015024926419989, 51.358456086359517 ], [ -0.015006156655141, 51.358448115713294 ] ], [ [ -0.014989016497187, 51.358440331625332 ], [ -0.014762963811407, 51.358324847419333 ], [ -0.014651053897388, 51.358253906543112 ], [ -0.014989016497187, 51.358440331625332 ] ], [ [ -0.014489183352096, 51.35815169929441 ], [ -0.014628630540259, 51.358237765999228 ], [ -0.014626745270389, 51.358236360025792 ], [ -0.014489183352096, 51.35815169929441 ] ], [ [ -0.014317350828871, 51.358044810311853 ], [ -0.01408079841783, 51.357900664118368 ], [ -0.01446088557484, 51.358134233926521 ], [ -0.014317350828871, 51.358044810311853 ] ], [ [ -0.01405801333914, 51.35788618601439 ], [ -0.014025910142306, 51.357861099956452 ], [ -0.014063828266543, 51.357890286452566 ], [ -0.01405801333914, 51.35788618601439 ] ], [ [ -0.013857659909267, 51.357718832303362 ], [ -0.013999692712392, 51.357838931236941 ], [ -0.013921495997649, 51.357771460516254 ], [ -0.013857659909267, 51.357718832303362 ] ], [ [ -0.013686124357775, 51.357601101351129 ], [ -0.013686104942188, 51.357601317750017 ], [ -0.013796636260086, 51.35767603804883 ], [ -0.013686124357775, 51.357601101351129 ] ], [ [ -0.013512144778369, 51.357483491865686 ], [ -0.013452316423256, 51.35744483576255 ], [ -0.013599528506212, 51.357540370305621 ], [ -0.013512144778369, 51.357483491865686 ] ], [ [ -0.013328744907367, 51.357345938027379 ], [ -0.013414097486947, 51.357414683772262 ], [ -0.01344599004126, 51.357439844702441 ], [ -0.013328744907367, 51.357345938027379 ] ], [ [ -0.013209219212878, 51.357253532387972 ], [ -0.013188391919066, 51.357238899240258 ], [ -0.01323930540901, 51.35727679210801 ], [ -0.013209219212878, 51.357253532387972 ] ], [ [ -0.013186615609774, 51.357237696574245 ], [ -0.013172195543471, 51.357229522935334 ], [ -0.013169170879457, 51.357228104614407 ], [ -0.013186615609774, 51.357237696574245 ] ], [ [ -0.01311448892604, 51.357206480041107 ], [ -0.013144752180287, 51.357216467418652 ], [ -0.013132029187119, 51.357211755171939 ], [ -0.013124950057495, 51.357209386875233 ], [ -0.01311448892604, 51.357206480041107 ] ], [ [ -0.01310979848626, 51.357205086100365 ], [ -0.012865373448927, 51.357161368108173 ], [ -0.012659109418505, 51.357137337997905 ], [ -0.012590458871234, 51.357124932133175 ], [ -0.012498554611484, 51.3571143208734 ], [ -0.01310979848626, 51.357205086100365 ] ], [ [ -0.012315335627073, 51.357065786768395 ], [ -0.012315358655896, 51.357065254781226 ], [ -0.012224177387315, 51.357157494691705 ], [ -0.012315335627073, 51.357065786768395 ] ], [ [ -0.012145200850685, 51.357230084224149 ], [ -0.012137445426657, 51.357236800644813 ], [ -0.012195611087661, 51.357181735351638 ], [ -0.012145200850685, 51.357230084224149 ] ], [ [ -0.012127212395959, 51.357247467920608 ], [ -0.012117501443822, 51.357262845206137 ], [ -0.012128136633472, 51.357246410043757 ], [ -0.012127212395959, 51.357247467920608 ] ], [ [ -0.012112698352119, 51.357272324369994 ], [ -0.01211508348216, 51.357267617185563 ], [ -0.012113007183893, 51.357271354715728 ], [ -0.012112698352119, 51.357272324369994 ] ], [ [ -0.012109682631909, 51.357281792974597 ], [ -0.012110264482833, 51.357281922454447 ], [ -0.012110845578229, 51.357278141615012 ], [ -0.012109682631909, 51.357281792974597 ] ], [ [ -0.011969270233277, 51.357279409932978 ], [ -0.011872886499378, 51.357265868185891 ], [ -0.011983605001874, 51.357280962587758 ], [ -0.011969270233277, 51.357279409932978 ] ], [ [ -0.011796676396052, 51.357247189986246 ], [ -0.011430789185626, 51.357121284508466 ], [ -0.01140905904882, 51.357112259293963 ], [ -0.011430123627894, 51.357121429685307 ], [ -0.011796676396052, 51.357247189986246 ] ], [ [ -0.011394298052923, 51.35710583314566 ], [ -0.011010431062068, 51.356933390615616 ], [ -0.010903330174503, 51.356885861159959 ], [ -0.010756023538406, 51.356819090818163 ], [ -0.010952166089548, 51.356908212199556 ], [ -0.011191893238807, 51.357015072208512 ], [ -0.011372682390144, 51.357096422841934 ], [ -0.011394298052923, 51.35710583314566 ] ], [ [ -0.010663878886546, 51.356776874823169 ], [ -0.010673472020965, 51.356781581847123 ], [ -0.010684908514898, 51.356786778252143 ], [ -0.010663878886546, 51.356776874823169 ] ], [ [ -0.010579321090259, 51.356739467207184 ], [ -0.010445812253053, 51.356680888203954 ], [ -0.010606456028364, 51.356751716480495 ], [ -0.010579321090259, 51.356739467207184 ] ], [ [ -0.010273576273317, 51.356602528349462 ], [ -0.010239094182326, 51.356586205070606 ], [ -0.010189031970571, 51.35656482391105 ], [ -0.010136242233438, 51.356540096009468 ], [ -0.009574039758068, 51.356291084475011 ], [ -0.010273576273317, 51.356602528349462 ] ], [ [ -0.009544606487396, 51.356272244998749 ], [ -0.009517016251453, 51.356254728355729 ], [ -0.009551910258155, 51.356276975508614 ], [ -0.009544606487396, 51.356272244998749 ] ], [ [ -0.009468812941367, 51.356220440567114 ], [ -0.009477762699374, 51.356226806673718 ], [ -0.009469739373003, 51.356221062285478 ], [ -0.009468812941367, 51.356220440567114 ] ], [ [ -0.009454364602841, 51.35621074444159 ], [ -0.009309219421144, 51.356113720203041 ], [ -0.009252522313541, 51.356077071577531 ], [ -0.009454364602841, 51.35621074444159 ] ], [ [ -0.009053694285244, 51.355961132825122 ], [ -0.00911522616535, 51.355989019256981 ], [ -0.009101166111887, 51.355982035621757 ], [ -0.009084979328139, 51.355974413313739 ], [ -0.009059606184529, 51.355963343467103 ], [ -0.009053694285244, 51.355961132825122 ] ], [ [ -0.00904350008482, 51.355957320898298 ], [ -0.008961189415955, 51.355930941940386 ], [ -0.008921621132391, 51.355918113122613 ], [ -0.008952743903701, 51.355929157181457 ], [ -0.00904350008482, 51.355957320898298 ] ], [ [ -0.008902600337951, 51.355911363506046 ], [ -0.008796616069865, 51.355867442453246 ], [ -0.008718100635193, 51.355834182980452 ], [ -0.008696458317973, 51.355823217754377 ], [ -0.008902600337951, 51.355911363506046 ] ], [ [ -0.008682056610861, 51.355814970213288 ], [ -0.008632140273169, 51.355785518094066 ], [ -0.008639908015733, 51.35579083263935 ], [ -0.008682056610861, 51.355814970213288 ] ], [ [ -0.008558279216213, 51.355732993853337 ], [ -0.008544163384239, 51.35571989675644 ], [ -0.008573398802233, 51.355745328269947 ], [ -0.008558279216213, 51.355732993853337 ] ], [ [ -0.008518856458952, 51.355698150659677 ], [ -0.008495911811044, 51.355678730052276 ], [ -0.008524319571143, 51.355702766932005 ], [ -0.008518856458952, 51.355698150659677 ] ], [ [ -0.008465512460215, 51.355646734218361 ], [ -0.00849100563904, 51.355673566222777 ], [ -0.008477469178051, 51.355658930490861 ], [ -0.008465512460215, 51.355646734218361 ] ], [ [ -0.008441758127985, 51.355621299635807 ], [ -0.008413693114781, 51.355588926197996 ], [ -0.008455718940612, 51.355636426372364 ], [ -0.008441758127985, 51.355621299635807 ] ], [ [ -0.008395138988686, 51.355565767335293 ], [ -0.008411299315894, 51.355585938309503 ], [ -0.008405124327113, 51.355576135034113 ], [ -0.008395138988686, 51.355565767335293 ] ], [ [ -0.00838878046823, 51.355558653088025 ], [ -0.008297111659744, 51.355440484421273 ], [ -0.008277233718318, 51.355415654897961 ], [ -0.008368910284213, 51.355537818439522 ], [ -0.00838878046823, 51.355558653088025 ] ], [ [ -0.008218082319895, 51.35535850144548 ], [ -0.008192857279928, 51.355338764790496 ], [ -0.008243144084829, 51.355380652248968 ], [ -0.008218082319895, 51.35535850144548 ] ], [ [ -0.008112203162056, 51.355270771310018 ], [ -0.008118358511508, 51.355275682588065 ], [ -0.008110438629225, 51.355268994090892 ], [ -0.008112203162056, 51.355270771310018 ] ], [ [ -0.008102532603629, 51.355261031224103 ], [ -0.008081156504413, 51.355238660875031 ], [ -0.008088173023806, 51.355246568404588 ], [ -0.008102532603629, 51.355261031224103 ] ], [ [ -0.008021884399785, 51.355171861954787 ], [ -0.008029261150331, 51.355180175460347 ], [ -0.008024508556423, 51.3551746056539 ], [ -0.008021884399785, 51.355171861954787 ] ], [ [ -0.007977208124207, 51.355120364402389 ], [ -0.007907266890716, 51.355029921737064 ], [ -0.007875070832967, 51.354990384771533 ], [ -0.007977208124207, 51.355120364402389 ] ], [ [ -0.007813082151659, 51.354911329765599 ], [ -0.007825028675302, 51.354925642795756 ], [ -0.007820144453767, 51.354919329381076 ], [ -0.007813082151659, 51.354911329765599 ] ], [ [ -0.007772661641496, 51.354854983747515 ], [ -0.007778173667261, 51.354862959631447 ], [ -0.007774025091875, 51.354856790867046 ], [ -0.007772661641496, 51.354854983747515 ] ], [ [ -0.007722870181783, 51.354790131423954 ], [ -0.007725894511962, 51.354792982582175 ], [ -0.007725580435624, 51.354792567085831 ], [ -0.007722870181783, 51.354790131423954 ] ], [ [ -0.007687768644073, 51.354759934059913 ], [ -0.007608742363065, 51.354693906280239 ], [ -0.007546405807028, 51.354639833589829 ], [ -0.007687768644073, 51.354759934059913 ] ], [ [ -0.007428892515754, 51.354536296168831 ], [ -0.007467576034045, 51.354570379051502 ], [ -0.007422902586257, 51.354530446602162 ], [ -0.007428892515754, 51.354536296168831 ] ], [ [ -0.007391874599242, 51.354500268269121 ], [ -0.007274451197914, 51.354398801660835 ], [ -0.007245675209634, 51.354374464892885 ], [ -0.007391874599242, 51.354500268269121 ] ], [ [ -0.007235011797854, 51.354365633857803 ], [ -0.007201392422859, 51.354344797469892 ], [ -0.007180509805666, 51.354332487152725 ], [ -0.007235011797854, 51.354365633857803 ] ], [ [ -0.007161951970593, 51.354321200756374 ], [ -0.007041858107324, 51.354248107522416 ], [ -0.007005834877947, 51.354228611857295 ], [ -0.007161951970593, 51.354321200756374 ] ], [ [ -0.006921391733214, 51.354180170948055 ], [ -0.006930428792527, 51.354185992050617 ], [ -0.006927128740175, 51.354183654838934 ], [ -0.006921391733214, 51.354180170948055 ] ], [ [ -0.006921276061119, 51.3541800964394 ], [ -0.00689696414473, 51.354158745263376 ], [ -0.006917761577476, 51.354177832631116 ], [ -0.006921276061119, 51.3541800964394 ] ], [ [ -0.0068067935595, 51.35407728974819 ], [ -0.006775385450169, 51.354052887894468 ], [ -0.006812848714025, 51.354082522708374 ], [ -0.0068067935595, 51.35407728974819 ] ], [ [ -0.006764821038762, 51.354044531058094 ], [ -0.006708832412069, 51.354001431439983 ], [ -0.00669773780226, 51.353989854885057 ], [ -0.006700707181218, 51.353995686104952 ], [ -0.006764821038762, 51.354044531058094 ] ], [ [ -0.006696529436548, 51.353987481915397 ], [ -0.006680676680741, 51.35395524147178 ], [ -0.006676507895707, 51.353948163927072 ], [ -0.006696529436548, 51.353987481915397 ] ], [ [ -0.006668786264546, 51.353940238085052 ], [ -0.006674310715746, 51.353944433670108 ], [ -0.006673988452926, 51.353943886549182 ], [ -0.006668786264546, 51.353940238085052 ] ], [ [ -0.00662577221955, 51.353907544110037 ], [ -0.006592357889576, 51.353882193994188 ], [ -0.00662640548494, 51.353908051690624 ], [ -0.00662577221955, 51.353907544110037 ] ], [ [ -0.006570319857523, 51.35386545704884 ], [ -0.006577382338489, 51.353870820701893 ], [ -0.006561449611373, 51.353857248607675 ], [ -0.006570319857523, 51.35386545704884 ] ], [ [ -0.006534622196482, 51.353835183351578 ], [ -0.006489551260798, 51.353808849042373 ], [ -0.006471381921747, 51.353799967255519 ], [ -0.006534622196482, 51.353835183351578 ] ], [ [ -0.006444357551835, 51.353785597647637 ], [ -0.006404590956219, 51.353760032783583 ], [ -0.00644701493281, 51.353787190083082 ], [ -0.006444357551835, 51.353785597647637 ] ], [ [ -0.006375162819296, 51.353740355143735 ], [ -0.006212718567833, 51.353635223808908 ], [ -0.006182541503021, 51.353608655301365 ], [ -0.006375162819296, 51.353740355143735 ] ], [ [ -0.006116376693274, 51.35355519287495 ], [ -0.006116375555231, 51.353555549873022 ], [ -0.006166608363901, 51.35359479702803 ], [ -0.006116376693274, 51.35355519287495 ] ], [ [ -0.006101526469104, 51.353533357161417 ], [ -0.006102053097532, 51.353535319380399 ], [ -0.006103397095164, 51.353537217779035 ], [ -0.006101526469104, 51.353533357161417 ] ], [ [ -0.00609780627928, 51.353519804507961 ], [ -0.006096535552566, 51.353522377323124 ], [ -0.00609758744434, 51.353524844660257 ], [ -0.00609780627928, 51.353519804507961 ] ], [ [ -0.006111990634019, 51.353490819097452 ], [ -0.00612084493256, 51.353483442 ], [ -0.006107549419446, 51.353496378663301 ], [ -0.006111990634019, 51.353490819097452 ] ], [ [ -0.005626000554502, 51.353021866465738 ], [ -0.005689193972145, 51.353094248820206 ], [ -0.005674464308688, 51.353076442313679 ], [ -0.005626000554502, 51.353021866465738 ] ], [ [ -0.005441375639496, 51.352810780407275 ], [ -0.005371642151733, 51.352724709944887 ], [ -0.005470896714474, 51.352844900355016 ], [ -0.005441375639496, 51.352810780407275 ] ], [ [ -0.005308353551937, 51.352588639092644 ], [ -0.005305722794502, 51.352587143738702 ], [ -0.00531771265707, 51.352612165219121 ], [ -0.005308353551937, 51.352588639092644 ] ], [ [ -0.005125302245309, 51.352109376699346 ], [ -0.005141793012347, 51.352158250464278 ], [ -0.005142272108026, 51.352158198905009 ], [ -0.005125302245309, 51.352109376699346 ] ], [ [ -0.005048588406924, 51.351862688798697 ], [ -0.005039067229966, 51.351832623484924 ], [ -0.005085719129582, 51.351983453027927 ], [ -0.005048588406924, 51.351862688798697 ] ], [ [ -0.004851918141875, 51.351225840904291 ], [ -0.004919762270509, 51.351448849625044 ], [ -0.004993446976243, 51.351686956664267 ], [ -0.004851918141875, 51.351225840904291 ] ], [ [ -0.004799552811754, 51.351055229176282 ], [ -0.004799241756404, 51.351055480174928 ], [ -0.004824784476686, 51.351137436582306 ], [ -0.004799552811754, 51.351055229176282 ] ], [ [ -0.004787595497423, 51.35098862787374 ], [ -0.004753944161086, 51.350860029675381 ], [ -0.004755269828912, 51.350869378710271 ], [ -0.004787595497423, 51.35098862787374 ] ], [ [ -0.004749889868001, 51.350611636310909 ], [ -0.004758700427405, 51.350490814380436 ], [ -0.004749135163892, 51.350620000932715 ], [ -0.004749889868001, 51.350611636310909 ] ], [ [ -0.004759206499919, 51.350331064006866 ], [ -0.004746400727337, 51.35019515353229 ], [ -0.004762118084856, 51.350377393405466 ], [ -0.004759206499919, 51.350331064006866 ] ], [ [ -0.00472107191294, 51.350018810767274 ], [ -0.00471294239593, 51.349950605160515 ], [ -0.004725225999634, 51.35005208351523 ], [ -0.00472107191294, 51.350018810767274 ] ], [ [ -0.004712019902123, 51.349940571303222 ], [ -0.004707851815227, 51.349914204189645 ], [ -0.004712112098664, 51.349941574114226 ], [ -0.004712019902123, 51.349940571303222 ] ], [ [ -0.004547067931929, 51.349449674651453 ], [ -0.004652928157156, 51.349603976965781 ], [ -0.004647832219062, 51.349589051882987 ], [ -0.004613332532874, 51.34952371533317 ], [ -0.004547067931929, 51.349449674651453 ] ], [ [ -0.004514748039912, 51.3494129250412 ], [ -0.00451527815487, 51.349414110342927 ], [ -0.004529544989178, 51.34943007113737 ], [ -0.004514748039912, 51.3494129250412 ] ], [ [ -0.004486564810145, 51.349367480423872 ], [ -0.004486127387049, 51.349367929810207 ], [ -0.004502508542154, 51.349394386516636 ], [ -0.004486564810145, 51.349367480423872 ] ], [ [ -0.004453917114859, 51.349292579960945 ], [ -0.004427093664599, 51.349241131048998 ], [ -0.004455377819509, 51.349296108671687 ], [ -0.004453917114859, 51.349292579960945 ] ], [ [ -0.004420834508783, 51.349231499042645 ], [ -0.004399325699652, 51.349200658272125 ], [ -0.004399791149261, 51.349203709094681 ], [ -0.004420834508783, 51.349231499042645 ] ], [ [ -0.004393282835493, 51.349136138533567 ], [ -0.004394422610635, 51.34915958865669 ], [ -0.004394192617232, 51.349146776835987 ], [ -0.004393282835493, 51.349136138533567 ] ], [ [ -0.00438264306617, 51.349093248433554 ], [ -0.004342007764964, 51.348954042339841 ], [ -0.004329715480016, 51.34893335583773 ], [ -0.004341875841694, 51.348953839550568 ], [ -0.00434332139136, 51.348990506616097 ], [ -0.004369708003963, 51.349061824684611 ], [ -0.00438264306617, 51.349093248433554 ] ], [ [ -0.004304346740032, 51.34889062306393 ], [ -0.004305152123469, 51.348891979704753 ], [ -0.004297652502344, 51.348874044925033 ], [ -0.004304346740032, 51.34889062306393 ] ], [ [ -0.0042295793933, 51.348704822136241 ], [ -0.004217654827291, 51.348686862317614 ], [ -0.004231109187766, 51.34870925180546 ], [ -0.0042295793933, 51.348704822136241 ] ], [ [ -0.004211280756796, 51.348679779879845 ], [ -0.00411519662518, 51.348540478055789 ], [ -0.004215268040476, 51.348684210280879 ], [ -0.004211280756796, 51.348679779879845 ] ], [ [ -0.004104687574042, 51.348524030558892 ], [ -0.004051012738976, 51.348407063071015 ], [ -0.004101983842613, 51.348519799005182 ], [ -0.004104687574042, 51.348524030558892 ] ], [ [ -0.004048761140972, 51.348371577456959 ], [ -0.004044554097689, 51.348355677214627 ], [ -0.00404483514907, 51.348357266022326 ], [ -0.004048761140972, 51.348371577456959 ] ], [ [ -0.004038708516926, 51.348321916671821 ], [ -0.004031565866776, 51.348298268148334 ], [ -0.004039698659412, 51.348328229003272 ], [ -0.004038708516926, 51.348321916671821 ] ], [ [ -0.004029720410847, 51.348294088231413 ], [ -0.004010726591328, 51.348255342057918 ], [ -0.004008439380547, 51.348250717031618 ], [ -0.004025789505444, 51.348288415616828 ], [ -0.004029720410847, 51.348294088231413 ] ], [ [ -0.004004402746845, 51.34817871552611 ], [ -0.004006348358405, 51.348236609183473 ], [ -0.004005312196197, 51.34818166094594 ], [ -0.004004402746845, 51.34817871552611 ] ], [ [ -0.003996196234901, 51.348152137220289 ], [ -0.003945702984009, 51.347983700734233 ], [ -0.003943341901452, 51.347955743897991 ], [ -0.003996196234901, 51.348152137220289 ] ], [ [ -0.003925625324851, 51.347900471068201 ], [ -0.003917635125405, 51.347872924982866 ], [ -0.003929493988651, 51.347908779108714 ], [ -0.003925625324851, 51.347900471068201 ] ], [ [ -0.003914100688668, 51.347850848819334 ], [ -0.003914435565309, 51.347852940465629 ], [ -0.003914072904069, 51.347849996244811 ], [ -0.003914100688668, 51.347850848819334 ] ], [ [ -0.003914038231247, 51.347829056678457 ], [ -0.003919303319527, 51.347814634073167 ], [ -0.003921237985153, 51.347810209709351 ], [ -0.003918266806705, 51.347816180272666 ], [ -0.003914038231247, 51.347829056678457 ] ], [ [ -0.003924950522948, 51.347800341685407 ], [ -0.003923374631846, 51.347788856919934 ], [ -0.003923069869962, 51.347805696659265 ], [ -0.003924950522948, 51.347800341685407 ] ], [ [ -0.003922999570315, 51.34778801249464 ], [ -0.003912272110817, 51.347772544410141 ], [ -0.003904005963493, 51.347763434317883 ], [ -0.003922999570315, 51.34778801249464 ] ], [ [ -0.003878078834535, 51.347726745397935 ], [ -0.003879100074631, 51.347728379458808 ], [ -0.003876337431436, 51.347723236970282 ], [ -0.003878078834535, 51.347726745397935 ] ], [ [ -0.003870668163105, 51.347711133336411 ], [ -0.003870512843103, 51.347711502095812 ], [ -0.003874038920361, 51.347718606129888 ], [ -0.003870668163105, 51.347711133336411 ] ], [ [ -0.0038652310987, 51.347698450622076 ], [ -0.003857564784713, 51.34768665388917 ], [ -0.003866050262239, 51.347699908653141 ], [ -0.0038652310987, 51.347698450622076 ] ], [ [ -0.003816740369956, 51.347646814340017 ], [ -0.003781753459094, 51.347576226348622 ], [ -0.003763740540185, 51.347528104124365 ], [ -0.003701612498007, 51.347371621020088 ], [ -0.003696573379462, 51.347355849450842 ], [ -0.003816740369956, 51.347646814340017 ] ], [ [ -0.003694742333027, 51.347347969517948 ], [ -0.003694638400103, 51.347349105347632 ], [ -0.003696546682506, 51.347355756402287 ], [ -0.003694742333027, 51.347347969517948 ] ], [ [ -0.00368956723348, 51.34731835763904 ], [ -0.003516441220566, 51.346848240633449 ], [ -0.003691655108092, 51.34732854665998 ], [ -0.00368956723348, 51.34731835763904 ] ], [ [ -0.003431524526227, 51.346617652627671 ], [ -0.003477996264758, 51.346745153055188 ], [ -0.003511894234195, 51.346835893467471 ], [ -0.003431524526227, 51.346617652627671 ] ], [ [ -0.003378740256337, 51.346474318980199 ], [ -0.003381251354806, 51.346482191901899 ], [ -0.003416306032244, 51.346576327394672 ], [ -0.003378740256337, 51.346474318980199 ] ], [ [ -0.00333996969264, 51.346375185831782 ], [ -0.003344945061604, 51.346390918288812 ], [ -0.003345530675299, 51.346392402720255 ], [ -0.00333996969264, 51.346375185831782 ] ], [ [ -0.003331068659424, 51.346349268231975 ], [ -0.003287207641226, 51.346212414222215 ], [ -0.003276361410438, 51.346186752439216 ], [ -0.003263552898448, 51.346159294780598 ], [ -0.003331068659424, 51.346349268231975 ] ], [ [ -0.003226048257034, 51.346076109971548 ], [ -0.003133975968427, 51.34589460079016 ], [ -0.003125687015602, 51.345880532329844 ], [ -0.003226048257034, 51.346076109971548 ] ], [ [ -0.003045486994581, 51.345744412504189 ], [ -0.002908406530255, 51.345560449223768 ], [ -0.0030469556836, 51.345746905242855 ], [ -0.003045486994581, 51.345744412504189 ] ], [ [ -0.002972008485146, 51.345547141474533 ], [ -0.002970417815509, 51.345547778579842 ], [ -0.002971483896677, 51.345547402314779 ], [ -0.002972008485146, 51.345547141474533 ] ], [ [ -0.002977630363032, 51.345544338447091 ], [ -0.002977569209017, 51.345544376525112 ], [ -0.002977604141674, 51.345544359155603 ], [ -0.002977630363032, 51.345544338447091 ] ], [ [ -0.0029873411557, 51.345535082636147 ], [ -0.002986602830011, 51.345535847932858 ], [ -0.00298521571197, 51.345537816997428 ], [ -0.0029873411557, 51.345535082636147 ] ], [ [ -0.00298870773186, 51.345529771630154 ], [ -0.002988532681366, 51.345507674614424 ], [ -0.002900043190012, 51.34520264972064 ], [ -0.00298870773186, 51.345529771630154 ] ], [ [ -0.002837316808409, 51.345017004112876 ], [ -0.002868155107532, 51.345089708762195 ], [ -0.002867514920289, 51.345087441352078 ], [ -0.002837316808409, 51.345017004112876 ] ], [ [ -0.002778036568419, 51.344880104073944 ], [ -0.002821427320884, 51.34497994180785 ], [ -0.002751731184324, 51.344817375238719 ], [ -0.002778036568419, 51.344880104073944 ] ], [ [ -0.002731907993562, 51.344770104092156 ], [ -0.002732484498242, 51.344771478847491 ], [ -0.002731859661995, 51.344769903328725 ], [ -0.002731907993562, 51.344770104092156 ] ], [ [ -0.002982520554967, 51.345541293531397 ], [ -0.002982519074296, 51.345541295444676 ], [ -0.002982520658315, 51.345541293467043 ], [ -0.002982520554967, 51.345541293531397 ] ], [ [ -0.001132306895081, 51.339754724521569 ], [ -0.000979205961266, 51.339355320089702 ], [ -0.001165001000547, 51.339826981899371 ], [ -0.001132306895081, 51.339754724521569 ] ], [ [ -0.000923637831978, 51.33914969021744 ], [ -0.000908987085597, 51.339096072621551 ], [ -0.00094837909369, 51.339241700281008 ], [ -0.000923637831978, 51.33914969021744 ] ], [ [ -0.000858394815121, 51.338906926491838 ], [ -0.000830016345782, 51.338815651262891 ], [ -0.000818522649264, 51.338774371524799 ], [ -0.00083028540468, 51.338818244914371 ], [ -0.000858394815121, 51.338906926491838 ] ], [ [ -0.000774602584399, 51.338609997981443 ], [ -0.000747138474585, 51.338503981119615 ], [ -0.000724154659416, 51.338417691185555 ], [ -0.000774602584399, 51.338609997981443 ] ], [ [ -0.0006684072693, 51.338281348419521 ], [ -0.000690755196415, 51.338322485689481 ], [ -0.000678747015672, 51.338299573833964 ], [ -0.0006684072693, 51.338281348419521 ] ], [ [ -0.000649990466321, 51.338247447423157 ], [ -0.00065668834113, 51.338259776633052 ], [ -0.000636089393143, 51.338220233874807 ], [ -0.000649990466321, 51.338247447423157 ] ], [ [ -0.00048199872108, 51.337912018560473 ], [ -0.000556811008771, 51.338060681837163 ], [ -0.000533349301277, 51.33801156668747 ], [ -0.00048199872108, 51.337912018560473 ] ], [ [ -0.000445848082425, 51.337839207463723 ], [ -0.000409196088482, 51.337760099320974 ], [ -0.000475420250728, 51.337899059031315 ], [ -0.000445848082425, 51.337839207463723 ] ], [ [ -0.000376727203243, 51.337680214452746 ], [ -0.000337450902993, 51.337597398841943 ], [ -0.000312645867793, 51.337547487661851 ], [ -0.000376727203243, 51.337680214452746 ] ], [ [ -0.000263922360976, 51.33743951381642 ], [ -0.000263866101163, 51.337439717894171 ], [ -0.000298965575765, 51.337519606203649 ], [ -0.000263922360976, 51.33743951381642 ] ], [ [ -0.00022820989253, 51.337276646407972 ], [ -0.000186053870603, 51.337084465961659 ], [ -0.000146132396919, 51.33690833390861 ], [ -0.00022820989253, 51.337276646407972 ] ], [ [ -0.000132097323508, 51.33687000517525 ], [ -0.00014568999834, 51.336906440155133 ], [ -0.000145098546378, 51.336903908356291 ], [ -0.000132097323508, 51.33687000517525 ] ], [ [ -0.000084252328031, 51.336756660018544 ], [ -0.000046882048516, 51.336670061117609 ], [ -0.000023189761298, 51.336593566452073 ], [ -0.000084252328031, 51.336756660018544 ] ], [ [ 0.000007544744145, 51.336485676222821 ], [ -0.000010834196613, 51.336550506148853 ], [ -0.000015549019459, 51.336566937749232 ], [ 0.000007544744145, 51.336485676222821 ] ], [ [ 0.000067592329861, 51.336276626250708 ], [ 0.000193353263098, 51.335839959204947 ], [ 0.000216553472345, 51.33576234028699 ], [ 0.000067592329861, 51.336276626250708 ] ], [ [ 0.000258290163277, 51.335616725118967 ], [ 0.000281428648802, 51.335543323163947 ], [ 0.000235668979513, 51.335696218949607 ], [ 0.000258290163277, 51.335616725118967 ] ], [ [ 0.00030215249286, 51.335475724126972 ], [ 0.000511213527601, 51.334759426893477 ], [ 0.000528795767324, 51.334702414931769 ], [ 0.000416704175562, 51.335089164902882 ], [ 0.000346228256712, 51.335328782581506 ], [ 0.00030215249286, 51.335475724126972 ] ], [ [ 0.000579865665257, 51.33456227943504 ], [ 0.000570929588774, 51.334565792302755 ], [ 0.000570970103904, 51.334565660928874 ], [ 0.000579865665257, 51.33456227943504 ] ], [ [ -0.001329805599913, 51.340165473828186 ], [ -0.001330070059947, 51.340166127629239 ], [ -0.001330660332028, 51.340167485367118 ], [ -0.001329805599913, 51.340165473828186 ] ], [ [ -0.001284262144171, 51.340073724345558 ], [ -0.001241092439221, 51.339993759696284 ], [ -0.00128554465115, 51.340076474571973 ], [ -0.001284262144171, 51.340073724345558 ] ], [ [ 0.073700356925095, 51.329549898941231 ], [ 0.073966014460538, 51.32971707234654 ], [ 0.073274001207779, 51.329606031173078 ], [ 0.073700356925095, 51.329549898941231 ] ], [ [ 0.03363131221979, 51.367619017580871 ], [ 0.034161011554953, 51.368290134316503 ], [ 0.033437161742972, 51.368327881887637 ], [ 0.03363131221979, 51.367619017580871 ] ], [ [ 0.005968320234994, 51.336366487014594 ], [ 0.007185771273377, 51.335792920770231 ], [ 0.007281642308208, 51.336137275819041 ], [ 0.005968320234994, 51.336366487014594 ] ], [ [ 0.017366887092129, 51.328284551145259 ], [ 0.017732931552869, 51.329583121969392 ], [ 0.017170176374233, 51.329539218017594 ], [ 0.017366887092129, 51.328284551145259 ] ], [ [ 0.031292436819709, 51.343990878336577 ], [ 0.032709966718593, 51.344121335227463 ], [ 0.030557139968178, 51.34429965042429 ], [ 0.031292436819709, 51.343990878336577 ] ], [ [ 0.001320930136993, 51.338357070727461 ], [ 0.002357336119971, 51.33968465664514 ], [ 0.001168709182431, 51.339694027476391 ], [ 0.001320930136993, 51.338357070727461 ] ], [ [ 0.007446541645075, 51.33693778713662 ], [ 0.00695403234771, 51.338114163983604 ], [ 0.006403005706996, 51.337123273518188 ], [ 0.007446541645075, 51.33693778713662 ] ], [ [ 0.007064228336902, 51.335401862897136 ], [ 0.00341350939202, 51.332294063147089 ], [ 0.005024698720932, 51.331861312863381 ], [ 0.007064228336902, 51.335401862897136 ] ], [ [ 0.031673679354746, 51.33329573557539 ], [ 0.022942023703892, 51.327590344010119 ], [ 0.025049423413598, 51.32459482069013 ], [ 0.031673679354746, 51.33329573557539 ] ], [ [ 0.033089669402406, 51.359022203985241 ], [ 0.026367055439571, 51.36133302099104 ], [ 0.02289031668858, 51.359568744027854 ], [ 0.033089669402406, 51.359022203985241 ] ] ], [ [ [ -0.056657857240583, 51.381815272240139 ], [ -0.051824855620233, 51.374319602194312 ], [ -0.060640689980229, 51.379826017858036 ], [ -0.056657857240583, 51.381815272240139 ] ] ], [ [ [ -0.037682705874076, 51.384062553734395 ], [ -0.039026707411584, 51.385938303035886 ], [ -0.037173205528929, 51.386066932071095 ], [ -0.037682705874076, 51.384062553734395 ] ] ], [ [ [ -0.057825165326309, 51.382149286275968 ], [ -0.063803944330406, 51.401573645346488 ], [ -0.055431274314383, 51.403781006064499 ], [ -0.049598535700176, 51.398818639555287 ], [ -0.051084283992208, 51.396947785758407 ], [ -0.057399927193887, 51.392283454823513 ], [ -0.050545795010726, 51.384122929650012 ], [ -0.057825165326309, 51.382149286275968 ] ], [ [ -0.057266649272393, 51.382419711765046 ], [ -0.057265900523391, 51.382417811764192 ], [ -0.057264129229185, 51.38242380306091 ], [ -0.057266649272393, 51.382419711765046 ] ], [ [ -0.060390250347402, 51.399215661363513 ], [ -0.059829881338476, 51.399224226341197 ], [ -0.059679358416771, 51.399226678134681 ], [ -0.059462581001579, 51.399230780079442 ], [ -0.060390250347402, 51.399215661363513 ] ], [ [ -0.059451781641973, 51.399230981879555 ], [ -0.059318394541882, 51.399317667161533 ], [ -0.059383390600216, 51.399277765713819 ], [ -0.059451781641973, 51.399230981879555 ] ], [ [ -0.05900678499573, 51.399502753507917 ], [ -0.059093631666722, 51.399451324165724 ], [ -0.059084700469979, 51.399455698863186 ], [ -0.05900678499573, 51.399502753507917 ] ], [ [ -0.058901696991754, 51.399565401536705 ], [ -0.058956331733365, 51.39953267706737 ], [ -0.058851876904107, 51.399592888553457 ], [ -0.058901696991754, 51.399565401536705 ] ], [ [ -0.058319950842737, 51.399880715120418 ], [ -0.058409259013297, 51.399837092165939 ], [ -0.05841547632371, 51.399833661916745 ], [ -0.058319950842737, 51.399880715120418 ] ], [ [ -0.057675441826873, 51.400181941877328 ], [ -0.058038808261185, 51.400018040406117 ], [ -0.058132336465856, 51.399972356158088 ], [ -0.057675441826873, 51.400181941877328 ] ], [ [ -0.057013318398347, 51.4004562843676 ], [ -0.056816275453246, 51.400534959909976 ], [ -0.056880945185816, 51.400510652122698 ], [ -0.057013318398347, 51.4004562843676 ] ], [ [ -0.056623167394244, 51.400567171805761 ], [ -0.056551028704455, 51.40058278732581 ], [ -0.056489434822232, 51.400595700916263 ], [ -0.056461281963953, 51.400602695257668 ], [ -0.056424058489912, 51.4006131464741 ], [ -0.056622669504192, 51.400567555632541 ], [ -0.056781570740921, 51.400542836729862 ], [ -0.056800985440606, 51.400538480545819 ], [ -0.056623167394244, 51.400567171805761 ] ], [ [ -0.05617302554571, 51.400682110278822 ], [ -0.056391941647705, 51.400621288068621 ], [ -0.056012513446198, 51.400730028398009 ], [ -0.05617302554571, 51.400682110278822 ] ], [ [ -0.055912165112845, 51.400771682314435 ], [ -0.055887637357686, 51.400782055864703 ], [ -0.055970218725641, 51.400747649763247 ], [ -0.055912165112845, 51.400771682314435 ] ], [ [ -0.055757705179016, 51.400836095834734 ], [ -0.055757619161504, 51.400836225701795 ], [ -0.055764350743678, 51.400833421104281 ], [ -0.055757705179016, 51.400836095834734 ] ], [ [ -0.055634850346558, 51.400873745877945 ], [ -0.055428240588724, 51.400921069860438 ], [ -0.055318411083141, 51.400943287133536 ], [ -0.055634850346558, 51.400873745877945 ] ], [ [ -0.055210995851878, 51.400964710169099 ], [ -0.055026059041205, 51.400998903465101 ], [ -0.054959260139524, 51.401009338699915 ], [ -0.055210995851878, 51.400964710169099 ] ], [ [ -0.054158551854419, 51.401133487523815 ], [ -0.054332572848417, 51.401105803893529 ], [ -0.054060171673494, 51.4011529964733 ], [ -0.054158551854419, 51.401133487523815 ] ], [ [ -0.054004280793184, 51.401162604312574 ], [ -0.053826207306772, 51.401186205266747 ], [ -0.053747861810998, 51.401197334795626 ], [ -0.054004280793184, 51.401162604312574 ] ], [ [ -0.053574750310857, 51.40122264979744 ], [ -0.053635673876699, 51.401213585467296 ], [ -0.053565367903218, 51.401224533858723 ], [ -0.053574750310857, 51.40122264979744 ] ], [ [ -0.053321192159979, 51.401273661501385 ], [ -0.053483938127368, 51.40124147612358 ], [ -0.053339153546247, 51.401269455249178 ], [ -0.053321192159979, 51.401273661501385 ] ], [ [ -0.053308907472847, 51.401276900571268 ], [ -0.05330765580281, 51.401277022761889 ], [ -0.053292171320202, 51.401283357758935 ], [ -0.053308907472847, 51.401276900571268 ] ], [ [ -0.053253306629242, 51.401298352639081 ], [ -0.053263373037621, 51.401294468790184 ], [ -0.053156443332746, 51.401334759448822 ], [ -0.053253306629242, 51.401298352639081 ] ], [ [ -0.053149629732375, 51.401337295515496 ], [ -0.053149833165218, 51.401337243930769 ], [ -0.053150061202509, 51.40133715822121 ], [ -0.053149629732375, 51.401337295515496 ] ], [ [ -0.053134120006249, 51.401341116834978 ], [ -0.053129453876481, 51.401342117540672 ], [ -0.053139746685766, 51.401339801572213 ], [ -0.053134120006249, 51.401341116834978 ] ], [ [ -0.052134287279766, 51.398259923602176 ], [ -0.052133947893359, 51.398260129290364 ], [ -0.051442177869328, 51.398839171859237 ], [ -0.052134287279766, 51.398259923602176 ] ], [ [ -0.050447232715374, 51.398012521978814 ], [ -0.050447655062429, 51.398012709764259 ], [ -0.050487459305579, 51.397976461627621 ], [ -0.050447232715374, 51.398012521978814 ] ] ], [ [ [ -0.043126157921606, 51.413075588888667 ], [ -0.037716973382716, 51.415255806118452 ], [ -0.038179676404316, 51.41192336020508 ], [ -0.043126157921606, 51.413075588888667 ] ] ], [ [ [ -0.042995245475431, 51.417791454225075 ], [ -0.034214257913475, 51.421578836048312 ], [ -0.03580184638564, 51.416365863691617 ], [ -0.042995245475431, 51.417791454225075 ] ] ], [ [ [ -0.078264327548331, 51.420048318453205 ], [ -0.063360393234636, 51.422941313696164 ], [ -0.061692191525961, 51.418807204087962 ], [ -0.078264327548331, 51.420048318453205 ] ] ], [ [ [ -0.069143751006266, 51.431416452209795 ], [ -0.066489142192736, 51.428072321607445 ], [ -0.069598888984273, 51.428126638653559 ], [ -0.069143751006266, 51.431416452209795 ] ] ], [ [ [ -0.069540487484893, 51.443386768507096 ], [ -0.072131143309815, 51.443581518311404 ], [ -0.072115798961521, 51.443782464607168 ], [ -0.069540487484893, 51.443386768507096 ] ] ], [ [ [ -0.06089347743016, 51.446864543159123 ], [ -0.059031108688017, 51.442139617616043 ], [ -0.064650977058179, 51.441159391243964 ], [ -0.061665181598731, 51.446652553917083 ], [ -0.06089347743016, 51.446864543159123 ] ] ], [ [ [ -0.045474530382343, 51.449542033583327 ], [ -0.052951673242329, 51.440364558475494 ], [ -0.051489990304642, 51.445614330077795 ], [ -0.045474530382343, 51.449542033583327 ] ] ], [ [ [ -0.068014050520771, 51.448683764849235 ], [ -0.069054047163711, 51.446379115756685 ], [ -0.069688900796898, 51.447298022254536 ], [ -0.068014050520771, 51.448683764849235 ] ] ], [ [ [ -0.064030276250228, 51.450898740131848 ], [ -0.057815019682112, 51.450248612523644 ], [ -0.063646578788732, 51.447873613619748 ], [ -0.064030276250228, 51.450898740131848 ] ] ], [ [ [ -0.047698233235115, 51.450091436308497 ], [ -0.054549716134776, 51.451300521307985 ], [ -0.047618070993516, 51.454287411109917 ], [ -0.045220697545609, 51.456645754786734 ], [ -0.042978612957444, 51.453140733549091 ], [ -0.038107835328322, 51.465141892232289 ], [ -0.036783090807737, 51.465089513037398 ], [ -0.036820116183831, 51.455547474592365 ], [ -0.039060762871182, 51.45713209035798 ], [ -0.041597501739779, 51.452778862930337 ], [ -0.045422205409829, 51.449750178568827 ], [ -0.047698233235115, 51.450091436308497 ] ], [ [ -0.047519293916345, 51.45026924798897 ], [ -0.047535200184885, 51.450255218125321 ], [ -0.047590735033503, 51.45011338035976 ], [ -0.047519293916345, 51.45026924798897 ] ], [ [ -0.047473540998177, 51.450291855625103 ], [ -0.047480316503603, 51.450289995106772 ], [ -0.047519293916345, 51.45026924798897 ], [ -0.047473540998177, 51.450291855625103 ] ], [ [ -0.043821610533126, 51.45252750355273 ], [ -0.043728470769221, 51.452480646132408 ], [ -0.044314194814862, 51.452783490277774 ], [ -0.043821610533126, 51.45252750355273 ] ], [ [ -0.045028362732063, 51.451283435051167 ], [ -0.045030442753207, 51.451276252871509 ], [ -0.045027188074067, 51.45128374936435 ], [ -0.045028362732063, 51.451283435051167 ] ], [ [ -0.045075862134466, 51.451191838217795 ], [ -0.045035853339201, 51.451263790684777 ], [ -0.045031951368531, 51.451272778082291 ], [ -0.045075862134466, 51.451191838217795 ] ], [ [ -0.045187111338226, 51.450867423792943 ], [ -0.04511283783524, 51.451002137124156 ], [ -0.046044738520293, 51.449928293275377 ], [ -0.045187111338226, 51.450867423792943 ] ], [ [ -0.047859289519614, 51.451231369641263 ], [ -0.047862853473394, 51.45114782113837 ], [ -0.047118685178269, 51.451222899938436 ], [ -0.047859289519614, 51.451231369641263 ] ], [ [ -0.047096920428543, 51.451785769071464 ], [ -0.047090847501945, 51.451963356613717 ], [ -0.047118685178269, 51.451222899938436 ], [ -0.047096920428543, 51.451785769071464 ] ], [ [ -0.046809314640834, 51.45322757807633 ], [ -0.047001310365276, 51.453002787716073 ], [ -0.046955013188188, 51.453053169557371 ], [ -0.046809314640834, 51.45322757807633 ] ], [ [ -0.050325395125827, 51.452332977187886 ], [ -0.050362117448912, 51.452237033369236 ], [ -0.050568534872341, 51.451684337235314 ], [ -0.050325395125827, 51.452332977187886 ] ], [ [ -0.047427760962913, 51.450304426583216 ], [ -0.047330956132952, 51.450311330669194 ], [ -0.047414877751082, 51.450307964245766 ], [ -0.047427760962913, 51.450304426583216 ] ], [ [ -0.047437868954528, 51.450322551179809 ], [ -0.047905484281329, 51.450320899569974 ], [ -0.047330956132952, 51.450311330669194 ], [ -0.047437868954528, 51.450322551179809 ] ], [ [ -0.047782615041919, 51.450847014775512 ], [ -0.047784171807571, 51.450844712221958 ], [ -0.047905484281329, 51.450320899569974 ], [ -0.047782615041919, 51.450847014775512 ] ], [ [ -0.047772074107743, 51.450862605474995 ], [ -0.047615862556752, 51.450951318815733 ], [ -0.047693004433166, 51.450928870065745 ], [ -0.047747567700323, 51.450898851980959 ], [ -0.047772074107743, 51.450862605474995 ] ], [ [ -0.046884824317414, 51.451619693303535 ], [ -0.047032926597196, 51.450779875630104 ], [ -0.046325713953858, 51.451610826363748 ], [ -0.046884824317414, 51.451619693303535 ] ], [ [ -0.044958348861713, 51.451525188456934 ], [ -0.044994832714263, 51.45139921205304 ], [ -0.044990952631549, 51.451406433212455 ], [ -0.044958348861713, 51.451525188456934 ] ], [ [ -0.039718324127361, 51.458200359641289 ], [ -0.039738626855387, 51.458149690739525 ], [ -0.04043121268418, 51.456421156977193 ], [ -0.039718324127361, 51.458200359641289 ] ] ], [ [ [ -0.048779181570956, 51.453803566038694 ], [ -0.057425083532187, 51.450368821474008 ], [ -0.064304399036929, 51.457828073700973 ], [ -0.055260595230335, 51.45849505679935 ], [ -0.048779181570956, 51.453803566038694 ] ], [ [ -0.05562661612112, 51.455492145737281 ], [ -0.055624884872114, 51.455489143225023 ], [ -0.055428245059682, 51.455244961329399 ], [ -0.05562661612112, 51.455492145737281 ] ], [ [ -0.054940515427433, 51.456441940910125 ], [ -0.054824721666031, 51.45650595576177 ], [ -0.054812195110673, 51.456515220368146 ], [ -0.054940515427433, 51.456441940910125 ] ], [ [ -0.054315197713361, 51.456911134917426 ], [ -0.054599514475766, 51.456672518389013 ], [ -0.053874506337588, 51.4572157770003 ], [ -0.054315197713361, 51.456911134917426 ] ], [ [ -0.05587575695375, 51.457951464777032 ], [ -0.055837427413315, 51.458006396780853 ], [ -0.055866245907236, 51.457970190658187 ], [ -0.05587575695375, 51.457951464777032 ] ] ], [ [ [ -0.062956929895226, 51.454369530318061 ], [ -0.062986541959096, 51.454180238140836 ], [ -0.063018437816752, 51.454309863152631 ], [ -0.062956929895226, 51.454369530318061 ] ] ], [ [ [ -0.063283468822584, 51.454303634251978 ], [ -0.063632527993482, 51.455413384633367 ], [ -0.062886636119221, 51.45454142837005 ], [ -0.063283468822584, 51.454303634251978 ] ] ], [ [ [ -0.063854983959699, 51.455543999512216 ], [ -0.064237859287226, 51.456402044660457 ], [ -0.063718434012905, 51.455573659192353 ], [ -0.063854983959699, 51.455543999512216 ] ] ], [ [ [ -0.064142271711202, 51.456565883762252 ], [ -0.064304399036929, 51.457828073700973 ], [ -0.062836824824465, 51.454518219789932 ], [ -0.064142271711202, 51.456565883762252 ] ] ], [ [ [ -0.060697014970568, 51.458958024733967 ], [ -0.058706420007853, 51.459577939689858 ], [ -0.055276470483252, 51.458501343448859 ], [ -0.062498299855093, 51.458451818203173 ], [ -0.061683692920065, 51.458584890602282 ], [ -0.060858411172609, 51.458832494941255 ], [ -0.060697014970568, 51.458958024733967 ] ] ], [ [ [ -0.051688366162532, 51.458804068139685 ], [ -0.055220855919793, 51.460147498588107 ], [ -0.054805528947244, 51.460455171919143 ], [ -0.053620673906919, 51.460275482362704 ], [ -0.056489543043315, 51.462452563458761 ], [ -0.050683115881975, 51.465911747994333 ], [ -0.047432076015528, 51.4613101809094 ], [ -0.051688366162532, 51.458804068139685 ] ], [ [ -0.055654668361981, 51.462602339981466 ], [ -0.055727359635516, 51.462645888450886 ], [ -0.055780477593142, 51.462666817634499 ], [ -0.055654668361981, 51.462602339981466 ] ], [ [ -0.055501431680401, 51.462511806140668 ], [ -0.055544493947151, 51.462541447899888 ], [ -0.055654668361981, 51.462602339981466 ], [ -0.055501431680401, 51.462511806140668 ] ], [ [ -0.054783399106841, 51.462092172668335 ], [ -0.055225934182157, 51.462349039325382 ], [ -0.054534548912798, 51.461940561647189 ], [ -0.054783399106841, 51.462092172668335 ] ], [ [ -0.053153621544436, 51.461064789798932 ], [ -0.053153740944742, 51.461064791781759 ], [ -0.052627968084157, 51.460779433680599 ], [ -0.053153621544436, 51.461064789798932 ] ], [ [ -0.051713172079429, 51.460382390966643 ], [ -0.051743575187049, 51.460400640315903 ], [ -0.052008791406638, 51.46055814886931 ], [ -0.051713172079429, 51.460382390966643 ] ] ], [ [ [ -0.061055319417181, 51.460571470782 ], [ -0.065916437759047, 51.459031214426275 ], [ -0.066217559911262, 51.464919116757244 ], [ -0.061055319417181, 51.460571470782 ] ] ], [ [ [ -0.049532831553197, 51.465761900843205 ], [ -0.046089572932785, 51.46400453545828 ], [ -0.045196932849691, 51.459838109177383 ], [ -0.049532831553197, 51.465761900843205 ] ] ], [ [ [ -0.066194691876834, 51.465280320900966 ], [ -0.066442589176543, 51.465001311712754 ], [ -0.066159504822527, 51.466112582080356 ], [ -0.066194691876834, 51.465280320900966 ] ] ], [ [ [ -0.037502661867565, 51.465460574072473 ], [ -0.038197664689097, 51.468673634250727 ], [ -0.037716081581321, 51.468707970873886 ], [ -0.037502661867565, 51.465460574072473 ] ] ], [ [ [ -0.045253908952196, 51.467890514860684 ], [ -0.045580456447862, 51.466427154680289 ], [ -0.047674221350579, 51.46752017520658 ], [ -0.045253908952196, 51.467890514860684 ] ] ], [ [ [ -0.045352318778308, 51.468060000388945 ], [ -0.044715540073806, 51.470381505833998 ], [ -0.044169115569916, 51.468232116799939 ], [ -0.045352318778308, 51.468060000388945 ] ] ], [ [ [ -0.037732466471169, 51.468819085389363 ], [ -0.039340652732292, 51.47207932738025 ], [ -0.04022664475806, 51.474834441683406 ], [ -0.037732466471169, 51.468819085389363 ] ] ], [ [ [ -0.038925828041091, 51.472889853095694 ], [ -0.037097174739763, 51.468861436528236 ], [ -0.040226619164541, 51.474834434061471 ], [ -0.038925828041091, 51.472889853095694 ] ] ], [ [ [ -0.058874360643448, 51.494857966698817 ], [ -0.056169024074075, 51.496867471258014 ], [ -0.05333830741093, 51.494417472426413 ], [ -0.048525481840192, 51.493582132677929 ], [ -0.058874360643448, 51.494857966698817 ] ] ], [ [ [ -0.053057407973115, 51.496125864385263 ], [ -0.052760264428641, 51.49590436017214 ], [ -0.054495107164247, 51.49549992387427 ], [ -0.053057407973115, 51.496125864385263 ] ] ], [ [ [ -0.039752960099294, 51.495672995932146 ], [ -0.040450624300017, 51.496223071171549 ], [ -0.039518052129617, 51.496441496093418 ], [ -0.039752960099294, 51.495672995932146 ] ] ], [ [ [ -0.058428643714838, 51.498940162131312 ], [ -0.056538618413328, 51.500580285045899 ], [ -0.055806187699289, 51.499149514186605 ], [ -0.058428643714838, 51.498940162131312 ] ] ], [ [ [ -0.043091645726411, 51.501873379663728 ], [ -0.044975818139753, 51.504632389591201 ], [ -0.035041476168595, 51.504641484967777 ], [ -0.040254052884671, 51.496374955294762 ], [ -0.043091645726411, 51.501873379663728 ] ], [ [ -0.039183263023632, 51.502977164205831 ], [ -0.039183144954699, 51.502977162231723 ], [ -0.039217570099921, 51.50301657152901 ], [ -0.039183263023632, 51.502977164205831 ] ], [ [ -0.039928442508761, 51.5033470660983 ], [ -0.039938046451502, 51.503350283212889 ], [ -0.039290684377014, 51.503080386015853 ], [ -0.039928442508761, 51.5033470660983 ] ], [ [ -0.040526550087471, 51.503847199450753 ], [ -0.040447232761429, 51.503638448820134 ], [ -0.040498998561554, 51.503777695433683 ], [ -0.040526550087471, 51.503847199450753 ] ], [ [ -0.04095094627996, 51.504048834603516 ], [ -0.04100295561133, 51.504071639137592 ], [ -0.041051796361346, 51.504091113351492 ], [ -0.04095094627996, 51.504048834603516 ] ], [ [ -0.041423313464737, 51.504240122083047 ], [ -0.041420450442363, 51.504238978529997 ], [ -0.041621186130035, 51.504324606660951 ], [ -0.041423313464737, 51.504240122083047 ] ], [ [ -0.041927508650489, 51.504420700952984 ], [ -0.041874029542572, 51.504418279280678 ], [ -0.041929012465799, 51.504420796760066 ], [ -0.041927508650489, 51.504420700952984 ] ], [ [ -0.04199511749938, 51.504439899562115 ], [ -0.041941692388606, 51.504439007570255 ], [ -0.041996054117734, 51.504440005109785 ], [ -0.04199511749938, 51.504439899562115 ] ], [ [ -0.042018527823485, 51.50444253767526 ], [ -0.041997415913236, 51.504440158570738 ], [ -0.04204442048626, 51.504445487905834 ], [ -0.042018527823485, 51.50444253767526 ] ], [ [ -0.042019463234424, 51.504473389935121 ], [ -0.042023532261268, 51.504472737333998 ], [ -0.042019357039639, 51.504472936786726 ], [ -0.042019463234424, 51.504473389935121 ] ], [ [ -0.040628637546503, 51.501461773270428 ], [ -0.040573636449478, 51.501467237277538 ], [ -0.040563988441478, 51.501468278733491 ], [ -0.040628637546503, 51.501461773270428 ] ], [ [ -0.039859198339615, 51.501001658771713 ], [ -0.039896183599277, 51.50094815654375 ], [ -0.03991207066241, 51.500923969292103 ], [ -0.039859198339615, 51.501001658771713 ] ], [ [ -0.039553148551162, 51.500991587483327 ], [ -0.040334679565149, 51.500213984006464 ], [ -0.039552865548205, 51.500991495649401 ], [ -0.039553148551162, 51.500991587483327 ] ], [ [ -0.039164476100286, 51.501377876694455 ], [ -0.039533765881455, 51.501010458349754 ], [ -0.039069878118069, 51.501471019508728 ], [ -0.039164476100286, 51.501377876694455 ] ] ], [ [ [ -0.036709750254276, 51.505877420144927 ], [ -0.03816751211003, 51.506113531524093 ], [ -0.036948952510114, 51.50661186755115 ], [ -0.036709750254276, 51.505877420144927 ] ] ], [ [ [ -0.041935385071818, 51.530250036458838 ], [ -0.039560560647314, 51.528749584315165 ], [ -0.035125276952514, 51.525113335356579 ], [ -0.041935385071818, 51.530250036458838 ] ] ], [ [ [ -0.046104168337879, 51.527981961943347 ], [ -0.046103995207874, 51.527986005728224 ], [ -0.046103893734392, 51.527983728910769 ], [ -0.046104168337879, 51.527981961943347 ] ] ], [ [ [ -0.045693230840327, 51.527005273229918 ], [ -0.042703570866229, 51.529210309413948 ], [ -0.04012761673386, 51.527361735504833 ], [ -0.045693230840327, 51.527005273229918 ] ] ], [ [ [ -0.042157736201064, 51.530506368012716 ], [ -0.041048538822889, 51.532056698037557 ], [ -0.040389240201913, 51.531004819365997 ], [ -0.042157736201064, 51.530506368012716 ] ] ], [ [ [ -0.039554316704734, 51.533573430336659 ], [ -0.04117368063615, 51.532733313592594 ], [ -0.041372256415372, 51.532643493123132 ], [ -0.041576976134886, 51.532610050567015 ], [ -0.043169606847635, 51.531781406897139 ], [ -0.043582257274874, 51.531589607655569 ], [ -0.043626587316644, 51.531614618026609 ], [ -0.043066882418877, 51.531925867833976 ], [ -0.039554316704734, 51.533573430336659 ] ] ], [ [ [ -0.052837086347985, 51.535080243546403 ], [ -0.032925682237238, 51.544621874497828 ], [ -0.027368072054429, 51.539401449480089 ], [ -0.034638347452881, 51.535917943008343 ], [ -0.021636599564977, 51.54207961711549 ], [ -0.021869347064249, 51.54275032587492 ], [ -0.021444898223797, 51.542809335500088 ], [ -0.020720691284963, 51.541717511160826 ], [ -0.020496056930309, 51.541162087161325 ], [ -0.020401586576764, 51.540831732141399 ], [ -0.020347954108586, 51.540322348848015 ], [ -0.020457134733447, 51.539351649258187 ], [ -0.020644124116062, 51.538535383954859 ], [ -0.019686257550272, 51.538257944489672 ], [ -0.017209765037191, 51.544187444568692 ], [ -0.023277423675919, 51.549843501773402 ], [ -0.015941211021975, 51.555553918740749 ], [ -0.006244183844151, 51.550456182546974 ], [ -0.013163707703488, 51.534972983302353 ], [ -0.019613157533104, 51.535666933751756 ], [ -0.02522663278577, 51.537835261729924 ], [ -0.021594602887572, 51.536929573183563 ], [ -0.020366219044435, 51.540466044273884 ], [ -0.021523628484252, 51.54278998933259 ], [ -0.021538770693679, 51.54212570000864 ], [ -0.02207990823973, 51.541802017778231 ], [ -0.038172767415386, 51.534135404708692 ], [ -0.04448423106381, 51.532023675778561 ], [ -0.052837086347985, 51.535080243546403 ] ], [ [ -0.034709928870673, 51.535891982404216 ], [ -0.035594774649015, 51.535474477557898 ], [ -0.034705349712306, 51.535886251570062 ], [ -0.034709928870673, 51.535891982404216 ] ], [ [ -0.035929609048284, 51.535315933389015 ], [ -0.03680718816893, 51.534897614221222 ], [ -0.035979517694026, 51.535277660203946 ], [ -0.035929609048284, 51.535315933389015 ] ], [ [ -0.028594148399282, 51.539792178195313 ], [ -0.028619347158457, 51.539189728578251 ], [ -0.027722085082174, 51.539617496201465 ], [ -0.028594148399282, 51.539792178195313 ] ] ], [ [ [ -0.048982413562454, 51.560620776128715 ], [ -0.049306399613, 51.55807274003643 ], [ -0.050943367049183, 51.559805343387382 ], [ -0.048982413562454, 51.560620776128715 ] ] ], [ [ [ -0.018652764768257, 51.601685723046671 ], [ -0.037976340555713, 51.578341574331837 ], [ -0.045517924203685, 51.571132217024164 ], [ -0.039513944933961, 51.565534461152687 ], [ -0.03272530907222, 51.564027887328287 ], [ -0.0252925352906, 51.559899083160573 ], [ -0.018075956872354, 51.554076400919243 ], [ -0.04800306186045, 51.560093227018932 ], [ -0.044896572700665, 51.56104325663798 ], [ -0.045812528296046, 51.562005879518317 ], [ -0.046108580910238, 51.561670809762781 ], [ -0.04672474582871, 51.561341067953826 ], [ -0.047203687295794, 51.561240440832144 ], [ -0.047326109828393, 51.561262256543706 ], [ -0.047443696087572, 51.561330289788359 ], [ -0.045616570990537, 51.562117687886442 ], [ -0.045012739472595, 51.561732296206813 ], [ -0.042418526074856, 51.561367111145636 ], [ -0.041729256698534, 51.561440114779501 ], [ -0.040280497398315, 51.561783256265628 ], [ -0.039871033010495, 51.561692360262889 ], [ -0.039102915890357, 51.561219957073106 ], [ -0.038868245200436, 51.561158498636473 ], [ -0.037010508013394, 51.561200431158788 ], [ -0.036192676246181, 51.561460400874324 ], [ -0.035208502910705, 51.561246414069181 ], [ -0.033989081225262, 51.560755810026528 ], [ -0.033310677540986, 51.560618221624679 ], [ -0.032684071774522, 51.560653115597532 ], [ -0.032047148202509, 51.560802995612192 ], [ -0.030545213063781, 51.561304607585029 ], [ -0.029729436898479, 51.561345480937653 ], [ -0.024318726699456, 51.558548434787227 ], [ -0.02942480263516, 51.561372210298238 ], [ -0.047141840162906, 51.563343282261989 ], [ -0.045736740548966, 51.562233681775595 ], [ -0.053147971175655, 51.559073572873295 ], [ -0.046794679497619, 51.564236734064423 ], [ -0.059829924900098, 51.568424496106381 ], [ -0.062820588006482, 51.571186085810716 ], [ -0.058869370872397, 51.573138222675212 ], [ -0.059132673876423, 51.573783741120849 ], [ -0.060386923635359, 51.575661891370942 ], [ -0.061310765664054, 51.577605589859665 ], [ -0.062468692777644, 51.579072537055062 ], [ -0.062372574272272, 51.579890167424139 ], [ -0.067528428343802, 51.58107406953053 ], [ -0.011130965223612, 51.680888178125947 ], [ -0.008934355815501, 51.66035161475466 ], [ -0.01374344905559, 51.6326527306759 ], [ -0.034032574379592, 51.612508563548758 ], [ -0.018652764768257, 51.601685723046671 ] ], [ [ -0.05686660565181, 51.57143805148133 ], [ -0.058556887135824, 51.572726497784501 ], [ -0.056726740341623, 51.571188754077149 ], [ -0.05686660565181, 51.57143805148133 ] ], [ [ -0.053641262951492, 51.586639579748407 ], [ -0.05422314941728, 51.586284890638055 ], [ -0.054393701411391, 51.586181285212874 ], [ -0.053894645609085, 51.586451176994707 ], [ -0.053641262951492, 51.586639579748407 ] ], [ [ -0.062264517577378, 51.579451128235874 ], [ -0.062063303749823, 51.578851682783601 ], [ -0.061499230433247, 51.578260429407287 ], [ -0.062264517577378, 51.579451128235874 ] ], [ [ -0.061193849522884, 51.577804357012958 ], [ -0.06082048070909, 51.57714264249848 ], [ -0.061067045831379, 51.577603561224663 ], [ -0.061193849522884, 51.577804357012958 ] ], [ [ -0.060206816800321, 51.575757577273031 ], [ -0.060465751859897, 51.576285663360842 ], [ -0.060491442150713, 51.57633747763262 ], [ -0.060206816800321, 51.575757577273031 ] ], [ [ -0.060179296907611, 51.575691756524115 ], [ -0.059696434637292, 51.574926516466803 ], [ -0.059144166073246, 51.57419270323058 ], [ -0.058759452429496, 51.573523789770853 ], [ -0.059166482816987, 51.574244911519308 ], [ -0.060179296907611, 51.575691756524115 ] ], [ [ -0.056698490385397, 51.571121995828662 ], [ -0.054317886902109, 51.570265006875317 ], [ -0.054611949267667, 51.570458276060087 ], [ -0.056698490385397, 51.571121995828662 ] ], [ [ -0.047343600505604, 51.565149749968377 ], [ -0.047568411259484, 51.565341435224063 ], [ -0.048483763057706, 51.565850353715369 ], [ -0.04926921015455, 51.566529312418432 ], [ -0.050986592070579, 51.567668879937173 ], [ -0.053482417864197, 51.568845338135723 ], [ -0.047343600505604, 51.565149749968377 ] ], [ [ -0.060540736697308, 51.569471260639574 ], [ -0.060529031687293, 51.569475112006536 ], [ -0.060551711442765, 51.569484567525059 ], [ -0.060540736697308, 51.569471260639574 ] ], [ [ -0.056710217490594, 51.570776154811227 ], [ -0.056709435226377, 51.570774973726799 ], [ -0.056717213133094, 51.570787867429374 ], [ -0.056710217490594, 51.570776154811227 ] ], [ [ -0.055079125753457, 51.570377575429966 ], [ -0.055064137072977, 51.570377506838668 ], [ -0.055088046959559, 51.570377633375422 ], [ -0.055079125753457, 51.570377575429966 ] ], [ [ -0.046269697763092, 51.562183043925494 ], [ -0.046257413279499, 51.562181041758834 ], [ -0.046258593569834, 51.56218124126358 ], [ -0.046269697763092, 51.562183043925494 ] ], [ [ -0.042161776594108, 51.604722964128953 ], [ -0.041793302278995, 51.605242595128203 ], [ -0.041720022611426, 51.605342959392694 ], [ -0.042011966859815, 51.604958736748692 ], [ -0.042161776594108, 51.604722964128953 ] ], [ [ -0.04286469512463, 51.603718251855327 ], [ -0.04262859356374, 51.604054764434849 ], [ -0.043022435071699, 51.603497723237197 ], [ -0.04286469512463, 51.603718251855327 ] ], [ [ -0.043541753455665, 51.602810958777582 ], [ -0.043921564465955, 51.602387769343146 ], [ -0.043143244614748, 51.603328648749425 ], [ -0.043541753455665, 51.602810958777582 ] ], [ [ -0.046088843355671, 51.600164180044843 ], [ -0.045963708012695, 51.600295885102135 ], [ -0.046306580232063, 51.599952730508313 ], [ -0.046088843355671, 51.600164180044843 ] ], [ [ -0.047416692031051, 51.598996321113582 ], [ -0.046850983679611, 51.599447124291252 ], [ -0.046528268536934, 51.599736452509262 ], [ -0.047416692031051, 51.598996321113582 ] ], [ [ -0.050456733724284, 51.596705198257176 ], [ -0.051098917747349, 51.595730524887536 ], [ -0.051186652127422, 51.59509550790159 ], [ -0.050456733724284, 51.596705198257176 ] ], [ [ -0.05149380247255, 51.59476305037834 ], [ -0.051395525163082, 51.594832627258185 ], [ -0.051379356051992, 51.594846097146863 ], [ -0.05149380247255, 51.59476305037834 ] ], [ [ -0.052135500613031, 51.594218454070749 ], [ -0.052410444729976, 51.593215884713764 ], [ -0.052511457434608, 51.592710769524466 ], [ -0.052135500613031, 51.594218454070749 ] ], [ [ -0.052554160818759, 51.588390553090079 ], [ -0.052341956276175, 51.588180805811334 ], [ -0.05262610324817, 51.588507284620967 ], [ -0.052554160818759, 51.588390553090079 ] ], [ [ -0.047125232715212, 51.561269701612979 ], [ -0.046325397636318, 51.561804954272631 ], [ -0.047416294939648, 51.561328484903434 ], [ -0.047125232715212, 51.561269701612979 ] ], [ [ -0.034017283839931, 51.61010112099806 ], [ -0.035419029158384, 51.611795921050373 ], [ -0.035514311798601, 51.611951632558338 ], [ -0.035396346869394, 51.611743812076206 ], [ -0.034017283839931, 51.61010112099806 ] ], [ [ -0.011867424738004, 51.663913299518384 ], [ -0.01574544781516, 51.665430038484331 ], [ -0.013735844061479, 51.663658500508866 ], [ -0.011867424738004, 51.663913299518384 ] ], [ [ -0.032572407281494, 51.625915413666654 ], [ -0.033948128880073, 51.624409189211512 ], [ -0.034576350099132, 51.62327673229084 ], [ -0.032572407281494, 51.625915413666654 ] ], [ [ -0.032622932050945, 51.625970110095061 ], [ -0.032487731084457, 51.62831034444018 ], [ -0.033221822427992, 51.626120388515659 ], [ -0.032622932050945, 51.625970110095061 ] ] ], [ [ [ -0.05990024527572, 51.574804027081512 ], [ -0.060562758827154, 51.572361443287285 ], [ -0.063073086586349, 51.57412448141357 ], [ -0.05990024527572, 51.574804027081512 ] ] ], [ [ [ -0.072058964581367, 51.620146833746205 ], [ -0.0672419009229, 51.616375569114602 ], [ -0.07155129614352, 51.614963925048279 ], [ -0.072058964581367, 51.620146833746205 ] ] ], [ [ [ -0.049249901715422, 51.638644085493254 ], [ -0.062506550262152, 51.632576097001007 ], [ -0.059089049082177, 51.638644529120789 ], [ -0.049249901715422, 51.638644085493254 ] ] ], [ [ [ -0.032993386211108, 51.647496141295321 ], [ -0.044599721116205, 51.651433384855686 ], [ -0.048187699240778, 51.654829934062818 ], [ -0.039235442982206, 51.655837780031263 ], [ -0.031814342961243, 51.651304002870141 ], [ -0.032993386211108, 51.647496141295321 ] ] ], [ [ [ -0.059420859934108, 51.658228185034226 ], [ -0.071433655000625, 51.653063487991467 ], [ -0.064372647364779, 51.661571421821236 ], [ -0.059420859934108, 51.658228185034226 ] ] ], [ [ [ -0.039848476985198, 51.677584825344958 ], [ -0.046923539484693, 51.672144019078637 ], [ -0.042902673558524, 51.680916057051661 ], [ -0.039848476985198, 51.677584825344958 ] ] ], [ [ [ -0.006315461066863, 51.334956777446386 ], [ -0.010649122474052, 51.339561094902614 ], [ -0.004684799402741, 51.335475325490059 ], [ -0.006315461066863, 51.334956777446386 ] ] ], [ [ [ -0.036930004143947, 51.377017437721051 ], [ -0.02490758545468, 51.385833281399833 ], [ -0.028729044226536, 51.377798105064834 ], [ -0.036930004143947, 51.377017437721051 ] ] ], [ [ [ -0.022687394772822, 51.388488716463016 ], [ -0.022672191542071, 51.388617927652035 ], [ -0.022687470970064, 51.388480547775906 ], [ -0.022687394772822, 51.388488716463016 ] ] ], [ [ [ -0.0277294240605, 51.391402284894284 ], [ -0.021766927704939, 51.391856943535814 ], [ -0.003387478910418, 51.383588653373678 ], [ -0.018054713923821, 51.383545917505984 ], [ -0.017482741710803, 51.38990622545009 ], [ -0.0277294240605, 51.391402284894284 ] ] ], [ [ [ 0.000180233366742, 51.412802625887579 ], [ -0.021024629728755, 51.41601853483715 ], [ -0.021603231255384, 51.420380821563334 ], [ -0.014606812761782, 51.423900569534517 ], [ -0.005562040549556, 51.422884743083259 ], [ 0.000180233366742, 51.412802625887579 ] ], [ [ -0.004292226874038, 51.414782202968475 ], [ -0.004600068045148, 51.414703807569367 ], [ -0.00495595278663, 51.414610222104116 ], [ -0.004292226874038, 51.414782202968475 ] ], [ [ -0.005758728462544, 51.420330822790412 ], [ -0.00576179202451, 51.420309478370577 ], [ -0.005649030952936, 51.42103369959667 ], [ -0.005758728462544, 51.420330822790412 ] ], [ [ -0.005949903912961, 51.418995521909096 ], [ -0.005965906962125, 51.419009279799596 ], [ -0.005971438982279, 51.419012970146312 ], [ -0.005949903912961, 51.418995521909096 ] ], [ [ -0.005894225709084, 51.418931553908344 ], [ -0.005899619493792, 51.418943872291258 ], [ -0.005903076488184, 51.41894887535301 ], [ -0.005894225709084, 51.418931553908344 ] ], [ [ -0.005889217566818, 51.418880404006238 ], [ -0.005888728822169, 51.418891633085892 ], [ -0.005889481848029, 51.418896141397248 ], [ -0.005889217566818, 51.418880404006238 ] ], [ [ -0.00592603328497, 51.418734759050729 ], [ -0.005919054020274, 51.418761611484122 ], [ -0.005916315201452, 51.418775499216679 ], [ -0.00592603328497, 51.418734759050729 ] ], [ [ -0.005945038740897, 51.418660463824466 ], [ -0.005944047464693, 51.418650557581067 ], [ -0.005944809215388, 51.418676642453185 ], [ -0.005945038740897, 51.418660463824466 ] ], [ [ -0.005886017761467, 51.418316392503669 ], [ -0.005891078489224, 51.41841537148678 ], [ -0.005891866449287, 51.41842994872642 ], [ -0.005886017761467, 51.418316392503669 ] ], [ [ -0.00543092133841, 51.417585743787264 ], [ -0.005437840845725, 51.417603842654088 ], [ -0.005439428943779, 51.417605487487506 ], [ -0.00543092133841, 51.417585743787264 ] ], [ [ -0.005538092680073, 51.417139585311503 ], [ -0.0055397756697, 51.41714995297356 ], [ -0.005541636082238, 51.417156277795648 ], [ -0.005538092680073, 51.417139585311503 ] ], [ [ -0.005888963476203, 51.416491337481453 ], [ -0.005892376962371, 51.416483754385702 ], [ -0.005886082861803, 51.416497581624213 ], [ -0.005888963476203, 51.416491337481453 ] ], [ [ -0.006075446648544, 51.416029086515536 ], [ -0.006072895787844, 51.416022301212635 ], [ -0.006076078368639, 51.41603089582366 ], [ -0.006075446648544, 51.416029086515536 ] ], [ [ -0.014624173658884, 51.423749018796826 ], [ -0.01457523742354, 51.423717893110194 ], [ -0.014585030034167, 51.423724532007817 ], [ -0.014624173658884, 51.423749018796826 ] ], [ [ -0.011917318633319, 51.42178929597879 ], [ -0.011882094564644, 51.421772965558368 ], [ -0.011895677937749, 51.42177966899532 ], [ -0.011917318633319, 51.42178929597879 ] ], [ [ -0.010938186130689, 51.421123588969998 ], [ -0.010918000838078, 51.421107783280043 ], [ -0.010848247376131, 51.421059130942034 ], [ -0.010938186130689, 51.421123588969998 ] ], [ [ -0.010785561283339, 51.421011587727691 ], [ -0.010805754291874, 51.421027213716506 ], [ -0.010848247376131, 51.421059130942034 ], [ -0.010785561283339, 51.421011587727691 ] ], [ [ -0.009565241213112, 51.419800203925739 ], [ -0.009556327992877, 51.419789713530825 ], [ -0.009543108522251, 51.41977465539965 ], [ -0.009565241213112, 51.419800203925739 ] ], [ [ -0.008836411782035, 51.418684003793665 ], [ -0.008750231593199, 51.418492306886229 ], [ -0.008828468027922, 51.418667596367449 ], [ -0.008836411782035, 51.418684003793665 ] ], [ [ -0.008347025436939, 51.41723518531564 ], [ -0.008330691563657, 51.417177190169021 ], [ -0.00815980754444, 51.416580032073391 ], [ -0.008347025436939, 51.41723518531564 ] ], [ [ -0.007828479646793, 51.415336806087623 ], [ -0.007816200055885, 51.415302884239594 ], [ -0.007814925769192, 51.415299446213226 ], [ -0.007828479646793, 51.415336806087623 ] ], [ [ -0.004725125304951, 51.416322200358564 ], [ -0.0052438685352, 51.416410235492137 ], [ -0.0052381628718, 51.416407800244123 ], [ -0.004725125304951, 51.416322200358564 ] ], [ [ -0.003415887005973, 51.415651703294571 ], [ -0.003398324690184, 51.415656379793653 ], [ -0.003417369736318, 51.41565127442 ], [ -0.003415887005973, 51.415651703294571 ] ], [ [ -0.003417369736318, 51.41565127442 ], [ -0.003406435636476, 51.415623644796817 ], [ -0.003450918452384, 51.415606594970598 ], [ -0.003417369736318, 51.41565127442 ] ], [ [ -0.003379480396197, 51.415660079412554 ], [ -0.003379479115737, 51.41566007579361 ], [ -0.003293126617791, 51.415669173749741 ], [ -0.003379480396197, 51.415660079412554 ] ], [ [ -0.003003721103011, 51.415697252239667 ], [ -0.002310943241248, 51.415763460757923 ], [ -0.003004623550706, 51.415697166342987 ], [ -0.003003721103011, 51.415697252239667 ] ], [ [ -0.001697184021759, 51.41582463585263 ], [ -0.00193169907276, 51.41580171913013 ], [ -0.002310943241248, 51.415763460757923 ], [ -0.001697184021759, 51.41582463585263 ] ], [ [ -0.003865810452459, 51.414889969947168 ], [ -0.00416384782653, 51.414812352911397 ], [ -0.004248701013086, 51.414788091823517 ], [ -0.003865810452459, 51.414889969947168 ] ], [ [ -0.003397387262906, 51.415185863068359 ], [ -0.003307119382123, 51.415036089554377 ], [ -0.003479284664373, 51.41499097660936 ], [ -0.003397387262906, 51.415185863068359 ] ], [ [ -0.003432061383143, 51.415232480045475 ], [ -0.00355707483578, 51.415565906507993 ], [ -0.003578217515091, 51.41555782683465 ], [ -0.003574055028275, 51.4155091183531 ], [ -0.003559799996903, 51.415457991530516 ], [ -0.003528609702427, 51.415376457496059 ], [ -0.003500785048398, 51.41532653743382 ], [ -0.003483812851377, 51.415302424549473 ], [ -0.003459423312228, 51.415268924504666 ], [ -0.003432061383143, 51.415232480045475 ] ], [ [ -0.005645142459621, 51.418093741611962 ], [ -0.005648456112617, 51.418102068678273 ], [ -0.005650599170452, 51.418107320071229 ], [ -0.005645142459621, 51.418093741611962 ] ], [ [ -0.005695235163399, 51.418898949262122 ], [ -0.005693955685295, 51.418906568666259 ], [ -0.005695301356933, 51.4189137840035 ], [ -0.005695235163399, 51.418898949262122 ] ] ], [ [ [ -0.026453893688351, 51.421752999172867 ], [ -0.034442108550438, 51.41938158035218 ], [ -0.033428456645009, 51.423629207018237 ], [ -0.026453893688351, 51.421752999172867 ] ] ], [ [ [ -0.020809802508576, 51.422029442941543 ], [ -0.020805320194166, 51.422028420305189 ], [ -0.020804171894877, 51.422027998935725 ], [ -0.020809802508576, 51.422029442941543 ] ] ], [ [ [ -0.016115884986402, 51.423305620364623 ], [ -0.022600777043838, 51.421557303102297 ], [ -0.030703658956487, 51.423764923416016 ], [ -0.030054228491415, 51.42555075572988 ], [ -0.026953559682309, 51.424048977281593 ], [ -0.017613853961445, 51.424465351808081 ], [ -0.016115884986402, 51.423305620364623 ] ], [ [ -0.019522492732006, 51.423943735374444 ], [ -0.019536783293181, 51.423956113509981 ], [ -0.019565974620764, 51.423980430448594 ], [ -0.019522492732006, 51.423943735374444 ] ], [ [ -0.02125724733182, 51.422910935817491 ], [ -0.021264597059089, 51.422889033917684 ], [ -0.021235996972852, 51.422969102872848 ], [ -0.02125724733182, 51.422910935817491 ] ], [ [ -0.02113699336932, 51.423380351365282 ], [ -0.02113064950764, 51.423442096520802 ], [ -0.021128942792928, 51.423492592681256 ], [ -0.02113699336932, 51.423380351365282 ] ], [ [ -0.021131375075339, 51.423592784429289 ], [ -0.021128513579389, 51.423540953046547 ], [ -0.021130842117393, 51.423588639655456 ], [ -0.021131375075339, 51.423592784429289 ] ] ], [ [ [ -0.031534748192096, 51.428024024771524 ], [ -0.032431293897873, 51.428027122595473 ], [ -0.031924249727818, 51.428890925821655 ], [ -0.031534748192096, 51.428024024771524 ] ] ], [ [ [ -0.028197418160702, 51.433369583783048 ], [ -0.028509508059133, 51.430686052064871 ], [ -0.030370215256377, 51.431020034980463 ], [ -0.028197418160702, 51.433369583783048 ] ] ], [ [ [ -0.033173210595473, 51.428197892843507 ], [ -0.032999040034133, 51.437823171195021 ], [ -0.026632654430821, 51.442647316520436 ], [ -0.026877474749207, 51.435955330249421 ], [ -0.033173210595473, 51.428197892843507 ] ], [ [ -0.028269876279642, 51.437477513334912 ], [ -0.028254393091274, 51.437476173743633 ], [ -0.028267979827571, 51.437477481432389 ], [ -0.028269876279642, 51.437477513334912 ] ], [ [ -0.031020624178084, 51.432873140087509 ], [ -0.031141898885126, 51.43292453313996 ], [ -0.031143248005855, 51.432923671816027 ], [ -0.031020624178084, 51.432873140087509 ] ], [ [ -0.028723057707873, 51.435138072229222 ], [ -0.028941389834364, 51.435153251190933 ], [ -0.028904145963689, 51.435150377576413 ], [ -0.028723057707873, 51.435138072229222 ] ] ], [ [ [ -0.024704004515113, 51.444212197552375 ], [ -0.023244514436584, 51.440009727469203 ], [ -0.023918780839192, 51.439277699053065 ], [ -0.024704004515113, 51.444212197552375 ] ] ], [ [ [ -0.035846962918612, 51.448473341263494 ], [ -0.036103157210416, 51.445454281337653 ], [ -0.037794569057494, 51.447389963017741 ], [ -0.035846962918612, 51.448473341263494 ] ] ], [ [ [ -0.008150547481447, 51.449730794016602 ], [ -0.008665421369256, 51.445157215575975 ], [ -0.012482391022238, 51.445716039161951 ], [ -0.008150547481447, 51.449730794016602 ] ] ], [ [ [ -0.014988022603316, 51.456107972166471 ], [ -0.025769161536893, 51.445841384249974 ], [ -0.029402588757031, 51.447781554066701 ], [ -0.018766264305185, 51.456507756889486 ], [ -0.014988022603316, 51.456107972166471 ] ] ], [ [ [ -0.012734618195532, 51.459586111351584 ], [ -0.013873776227594, 51.459986059955838 ], [ -0.012989585802912, 51.46012399890224 ], [ -0.012734618195532, 51.459586111351584 ] ] ], [ [ [ -0.013877206337481, 51.459242721495393 ], [ -0.014352302438289, 51.460347928422529 ], [ -0.014286521716535, 51.46064654633043 ], [ -0.013877206337481, 51.459242721495393 ] ] ], [ [ [ -0.024013980760555, 51.462406084545826 ], [ -0.02537685269733, 51.457613898738146 ], [ -0.029963771164188, 51.459334489659554 ], [ -0.024013980760555, 51.462406084545826 ] ] ], [ [ [ -0.014979647995522, 51.46384789983361 ], [ -0.014423984463986, 51.462675255071808 ], [ -0.015363443299979, 51.462159125468006 ], [ -0.014979647995522, 51.46384789983361 ] ] ], [ [ [ -0.013073996863458, 51.46381543786373 ], [ -0.013394558258673, 51.46284364177108 ], [ -0.013845237281242, 51.463008156079738 ], [ -0.013073996863458, 51.46381543786373 ] ] ], [ [ [ -0.037716055991637, 51.468707963251425 ], [ -0.036788374491079, 51.466433707033985 ], [ -0.037502636279733, 51.465460566449998 ], [ -0.037716055991637, 51.468707963251425 ] ] ], [ [ [ -0.005653244228414, 51.468146844038202 ], [ -0.006882626303516, 51.468239671851968 ], [ -0.00531879792524, 51.46832994759724 ], [ -0.005653244228414, 51.468146844038202 ] ] ], [ [ [ -0.022191429455466, 51.473366275837996 ], [ -0.021637475129375, 51.471741224402415 ], [ -0.017202615545971, 51.469339837788866 ], [ -0.020751887653321, 51.470038739625544 ], [ -0.02246159652538, 51.471673677336085 ], [ -0.022638752647993, 51.47206027420615 ], [ -0.022260316149857, 51.472904536801074 ], [ -0.023803091841577, 51.473334387235326 ], [ -0.022191429455466, 51.473366275837996 ] ], [ [ -0.022346251660075, 51.471738347888177 ], [ -0.022080616329232, 51.472288558310787 ], [ -0.022490387336182, 51.472106048272018 ], [ -0.022346251660075, 51.471738347888177 ] ] ], [ [ [ -0.008626110363993, 51.473188222970876 ], [ -0.006161156599904, 51.473277217882192 ], [ -0.005912164761456, 51.473111222188408 ], [ -0.005901172054578, 51.472770229976838 ], [ -0.00565418173518, 51.472526236095092 ], [ -0.008626110363993, 51.473188222970876 ] ] ], [ [ [ -0.009858086207102, 51.47310022634629 ], [ -0.00943007897489, 51.474001203978155 ], [ -0.008765104385498, 51.47329622025434 ], [ -0.009858086207102, 51.47310022634629 ] ] ], [ [ [ -0.008642106259066, 51.473367218621718 ], [ -0.009165084070149, 51.474020203448219 ], [ -0.00840009855056, 51.474013202210131 ], [ -0.008642106259066, 51.473367218621718 ] ] ], [ [ [ -0.008012971317083, 51.481289026298825 ], [ -0.004751973975003, 51.484606943237871 ], [ -0.003281034142378, 51.482912981824349 ], [ -0.008012971317083, 51.481289026298825 ] ] ], [ [ [ -0.009535661076077, 51.486969842467644 ], [ -0.00671882301426, 51.487074373098054 ], [ -0.009569505857046, 51.486939850810685 ], [ -0.009535661076077, 51.486969842467644 ] ] ], [ [ [ -0.009415657431663, 51.487846319872624 ], [ -0.009678975539885, 51.487033137769053 ], [ -0.010243401925998, 51.487661963103243 ], [ -0.009415657431663, 51.487846319872624 ] ] ], [ [ [ -0.010519624434331, 51.48771672138416 ], [ -0.014362086906993, 51.4934737649032 ], [ -0.008077264043246, 51.492029978534134 ], [ -0.010519624434331, 51.48771672138416 ] ] ], [ [ [ -0.03113762375393, 51.517196445665299 ], [ -0.029121999609129, 51.51567923053684 ], [ -0.031507126544689, 51.514345967545339 ], [ -0.03113762375393, 51.517196445665299 ] ] ], [ [ [ -0.012241783054916, 51.520319208597506 ], [ -0.033051137137825, 51.510643507965803 ], [ -0.037477435216369, 51.50928257920075 ], [ -0.031385919863516, 51.512521377823994 ], [ -0.012189473198857, 51.52037414842286 ], [ -0.011499850545815, 51.520610143171552 ], [ -0.010772378329501, 51.521280871111337 ], [ -0.009500380146266, 51.522064439043859 ], [ -0.009043497244757, 51.522162860717458 ], [ -0.008451247585925, 51.523050731128414 ], [ -0.008379566433914, 51.523124584631283 ], [ -0.008072497494727, 51.52327040169741 ], [ -0.008058095635006, 51.52325720769646 ], [ -0.009053717216153, 51.522143699999248 ], [ -0.011444637508217, 51.520600664064048 ], [ -0.012241783054916, 51.520319208597506 ] ] ], [ [ [ -0.033460071365192, 51.516648622170855 ], [ -0.033902606822511, 51.517727926499873 ], [ -0.032376038614089, 51.517387224794945 ], [ -0.033460071365192, 51.516648622170855 ] ] ], [ [ [ -0.029999314751985, 51.517352184292335 ], [ -0.032165404336276, 51.517429904079741 ], [ -0.030607685100772, 51.518456399586469 ], [ -0.029999314751985, 51.517352184292335 ] ] ], [ [ [ -0.012057247660582, 51.520355172960137 ], [ -0.012053488099643, 51.520355575957019 ], [ -0.012059346405798, 51.520354775985737 ], [ -0.012057247660582, 51.520355172960137 ] ] ], [ [ [ -0.036823926094501, 51.524165189485359 ], [ -0.031448558322077, 51.51971735255411 ], [ -0.030685857875055, 51.518622322243175 ], [ -0.032306996402292, 51.517461496675494 ], [ -0.036823926094501, 51.524165189485359 ] ] ], [ [ [ -0.025291025488126, 51.525046174970178 ], [ -0.027774770887133, 51.520861465587714 ], [ -0.030684929808018, 51.523718229586265 ], [ -0.025291025488126, 51.525046174970178 ] ] ], [ [ [ -0.011050574217847, 51.529297899627103 ], [ -0.008478052992605, 51.527260608374846 ], [ -0.008593911850696, 51.527239653210167 ], [ -0.010430055262779, 51.528335505217214 ], [ -0.010639765154518, 51.528583230281505 ], [ -0.010803309180133, 51.529033801360747 ], [ -0.011058822699647, 51.529288597222404 ], [ -0.011397814043582, 51.529376690414679 ], [ -0.01307788679573, 51.529585598832213 ], [ -0.013424459534573, 51.529660964068825 ], [ -0.011352420983335, 51.529384463837253 ], [ -0.011050574217847, 51.529297899627103 ] ] ], [ [ [ -0.007447950500599, 51.530384810812798 ], [ -0.007449103084269, 51.530384763846364 ], [ -0.007448998476704, 51.530387159507519 ], [ -0.007447950500599, 51.530384810812798 ] ] ], [ [ [ -0.006924276469288, 51.533964178483572 ], [ -0.006930561631467, 51.533959293462473 ], [ -0.006925694200617, 51.53396496245022 ], [ -0.006924276469288, 51.533964178483572 ] ] ], [ [ [ -0.007748376436047, 51.534467595853449 ], [ -0.011022193324913, 51.534905541778066 ], [ -0.012226097398187, 51.535040423367754 ], [ -0.011587341547386, 51.535401506531244 ], [ -0.007748376436047, 51.534467595853449 ] ] ], [ [ [ -0.01222981241768, 51.535038323594094 ], [ -0.012229695828839, 51.535040999623313 ], [ -0.012226097398187, 51.535040423367754 ], [ -0.01222981241768, 51.535038323594094 ] ] ], [ [ [ -0.027551443545402, 51.547970263502435 ], [ -0.031781483779704, 51.546637242509718 ], [ -0.031156844284123, 51.547186840279316 ], [ -0.029707236213519, 51.547830738172713 ], [ -0.027551443545402, 51.547970263502435 ] ] ], [ [ [ -0.030265223659508, 51.547768708760223 ], [ -0.032708835141412, 51.546753226470607 ], [ -0.030555960079037, 51.547902932081477 ], [ -0.028590692582846, 51.548221416123894 ], [ -0.030265223659508, 51.547768708760223 ] ] ], [ [ [ -0.03541362789385, 51.549724219420767 ], [ -0.031067181588305, 51.547883827632042 ], [ -0.032863612152362, 51.546813585761647 ], [ -0.03541362789385, 51.549724219420767 ] ] ], [ [ [ -0.02168272230714, 51.552006461282708 ], [ -0.02741892453206, 51.548621215008026 ], [ -0.030402119786161, 51.551349012753484 ], [ -0.02168272230714, 51.552006461282708 ] ] ], [ [ [ -0.016396708750402, 51.560760688176714 ], [ -0.029461788990022, 51.563506858419785 ], [ -0.029416007358996, 51.566134167349716 ], [ -0.016396708750402, 51.560760688176714 ] ] ], [ [ [ -0.036881590936927, 51.667539738504217 ], [ -0.029611210667444, 51.66549000962511 ], [ -0.04147117689005, 51.668132748315884 ], [ -0.036881590936927, 51.667539738504217 ] ] ], [ [ [ 0.000780748879256, 51.333970639969301 ], [ 0.000871822609855, 51.333683109188257 ], [ 0.000778950592347, 51.333875588570059 ], [ 0.000780748879256, 51.333970639969301 ] ] ], [ [ [ -0.000013762414942, 51.407762249244598 ], [ 0.000411034717576, 51.412189193963719 ], [ 0.00362725109849, 51.408502536251383 ], [ -0.000013762414942, 51.407762249244598 ] ] ], [ [ [ 0.030362175041517, 51.410749453488485 ], [ 0.030361180567849, 51.410749954534708 ], [ 0.030330630687314, 51.410773695301863 ], [ 0.030362175041517, 51.410749453488485 ] ] ], [ [ [ 0.019688499470017, 51.420097088982722 ], [ 0.021663274967586, 51.417034222563323 ], [ 0.017670965709084, 51.417363830374875 ], [ 0.019688499470017, 51.420097088982722 ] ] ], [ [ [ 0.028617897616879, 51.430945889125653 ], [ 0.034512023842831, 51.423449320718156 ], [ 0.024984552272054, 51.429561921684616 ], [ 0.028617897616879, 51.430945889125653 ] ], [ [ 0.031462737669428, 51.425446451789611 ], [ 0.031460684286986, 51.42544828504991 ], [ 0.031426112250885, 51.425430904048511 ], [ 0.031462737669428, 51.425446451789611 ] ], [ [ 0.03146743990437, 51.425448167948026 ], [ 0.031482065932141, 51.425454387459141 ], [ 0.031466938263855, 51.425448176643478 ], [ 0.03146743990437, 51.425448167948026 ] ], [ [ 0.032000494310028, 51.425165982606494 ], [ 0.032006181676114, 51.425163187044852 ], [ 0.031995656229691, 51.425169213084075 ], [ 0.032000494310028, 51.425165982606494 ] ] ], [ [ [ 0.026279496271849, 51.427392893780421 ], [ 0.027864198338534, 51.426879566146582 ], [ 0.02920043534725, 51.425984403084165 ], [ 0.026279496271849, 51.427392893780421 ] ] ], [ [ [ 0.027819269074201, 51.434407197944964 ], [ 0.028658556976961, 51.436409519367452 ], [ 0.025301271443738, 51.435481646948105 ], [ 0.023369313453551, 51.435748042190006 ], [ 0.022911783114504, 51.436454751035562 ], [ 0.023826939408268, 51.436629994684033 ], [ 0.023409584667445, 51.437040501761551 ], [ 0.024247540286943, 51.43852821070044 ], [ 0.028782083973212, 51.438772073422527 ], [ 0.02933187067002, 51.441644990164306 ], [ 0.033370766634261, 51.439112632030721 ], [ 0.040154526193633, 51.437367616250491 ], [ 0.031132062694877, 51.432094218296399 ], [ 0.027819269074201, 51.434407197944964 ] ], [ [ 0.023932909522626, 51.436638772742924 ], [ 0.02393796780262, 51.436640483957277 ], [ 0.023927989036995, 51.436637509688595 ], [ 0.023932909522626, 51.436638772742924 ] ], [ [ 0.023942994305202, 51.436641476295542 ], [ 0.023956148173787, 51.436643856165922 ], [ 0.023963343969375, 51.436645619496659 ], [ 0.023942994305202, 51.436641476295542 ] ], [ [ 0.024545774337386, 51.436730317637135 ], [ 0.024553520280976, 51.436731083119355 ], [ 0.024562102261963, 51.436732013116668 ], [ 0.024545774337386, 51.436730317637135 ] ], [ [ 0.024748612350503, 51.436751267015488 ], [ 0.024752220944602, 51.436752373741747 ], [ 0.024744554587581, 51.436750707617009 ], [ 0.024748612350503, 51.436751267015488 ] ], [ [ 0.02488302910667, 51.436791649027185 ], [ 0.02488849432837, 51.436791824392998 ], [ 0.024905248899615, 51.436795130260187 ], [ 0.02488302910667, 51.436791649027185 ] ], [ [ 0.024925539141991, 51.436797926299697 ], [ 0.024941364873577, 51.436799001805468 ], [ 0.024931494711332, 51.436798452904256 ], [ 0.024925539141991, 51.436797926299697 ] ], [ [ 0.025054517791012, 51.43681242184536 ], [ 0.025046587110539, 51.436826535601348 ], [ 0.025048730780389, 51.436820520934006 ], [ 0.025051495296021, 51.43681597856429 ], [ 0.025054418847063, 51.436812331828236 ], [ 0.025056677254212, 51.436804381834946 ], [ 0.025062331165891, 51.436793957645364 ], [ 0.025054517791012, 51.43681242184536 ] ], [ [ 0.025046304009161, 51.436827198396728 ], [ 0.025026843058527, 51.436869766917496 ], [ 0.025026197068011, 51.436870936667127 ], [ 0.025029149519466, 51.436863293612973 ], [ 0.025046304009161, 51.436827198396728 ] ], [ [ 0.024958492873101, 51.437001196043347 ], [ 0.024933735979427, 51.437047314324055 ], [ 0.02493891704845, 51.437036027062717 ], [ 0.024958489025068, 51.437001076505474 ], [ 0.024992636549645, 51.436933598934864 ], [ 0.025021855126637, 51.436878073421738 ], [ 0.025026176817519, 51.436870973336404 ], [ 0.024958492873101, 51.437001196043347 ] ], [ [ 0.024886533722868, 51.437179699880403 ], [ 0.024903249295039, 51.437112306061174 ], [ 0.02489355634051, 51.437130145285387 ], [ 0.024886533722868, 51.437179699880403 ] ], [ [ 0.02488182313159, 51.437203129478512 ], [ 0.024882188071277, 51.43720168612316 ], [ 0.024876921423006, 51.437222528912521 ], [ 0.02488182313159, 51.437203129478512 ] ], [ [ 0.024876711754445, 51.437223816726636 ], [ 0.024871958979888, 51.437241498640034 ], [ 0.024872957305973, 51.437237199018085 ], [ 0.024876711754445, 51.437223816726636 ] ], [ [ 0.024871335537889, 51.437340001102108 ], [ 0.02487003599606, 51.437251633481971 ], [ 0.024870605601418, 51.437249912961576 ], [ 0.024871335537889, 51.437340001102108 ] ], [ [ 0.024873817185933, 51.437373717101416 ], [ 0.024872586331927, 51.437368282785854 ], [ 0.02487257043532, 51.437367923348205 ], [ 0.024873817185933, 51.437373717101416 ] ], [ [ 0.024873786421771, 51.437384714393602 ], [ 0.024874410592964, 51.437380348393937 ], [ 0.024875174617868, 51.437395639153657 ], [ 0.024873786421771, 51.437384714393602 ] ], [ [ 0.024873529199772, 51.437456003020031 ], [ 0.0248706164, 51.437485391165346 ], [ 0.024870727666545, 51.437479164731798 ], [ 0.024873258162134, 51.437455925867951 ], [ 0.024872892658194, 51.437447661497828 ], [ 0.024875774010518, 51.437411058457037 ], [ 0.024873529199772, 51.437456003020031 ] ], [ [ 0.024869368671666, 51.437495154938475 ], [ 0.024869115568678, 51.437499248974589 ], [ 0.024870566176784, 51.437486607270856 ], [ 0.024869368671666, 51.437495154938475 ] ], [ [ 0.024867024124241, 51.437520028179776 ], [ 0.024860058257936, 51.437562508238976 ], [ 0.024866734834556, 51.437520319148803 ], [ 0.024867879431783, 51.437507516999062 ], [ 0.024867024124241, 51.437520028179776 ] ], [ [ 0.024850630189915, 51.437625347382912 ], [ 0.024826164008342, 51.437723374379374 ], [ 0.024804441696957, 51.437823838597275 ], [ 0.024825487146766, 51.437725020065507 ], [ 0.024850598221044, 51.437624884805643 ], [ 0.024858056270157, 51.43757890563959 ], [ 0.024855931691801, 51.437597841223727 ], [ 0.024854268944479, 51.437604035417387 ], [ 0.024850630189915, 51.437625347382912 ] ], [ [ 0.024794274197246, 51.437876634833721 ], [ 0.024801626537619, 51.437837360335102 ], [ 0.024804205107863, 51.437825006338386 ], [ 0.02480209715039, 51.437835410658195 ], [ 0.024800863191575, 51.437844370824813 ], [ 0.024798370830245, 51.437857736723807 ], [ 0.024794274197246, 51.437876634833721 ] ], [ [ 0.024793361800638, 51.437881296963354 ], [ 0.024784703058193, 51.437924139209024 ], [ 0.024787008077355, 51.437911872769924 ], [ 0.024793361800638, 51.437881296963354 ] ], [ [ 0.024780065844789, 51.43796165726922 ], [ 0.024780261172187, 51.437955142203947 ], [ 0.024780852871325, 51.437948306686941 ], [ 0.024780065844789, 51.43796165726922 ] ], [ [ 0.024778243994669, 51.437972257987042 ], [ 0.024778377963878, 51.437971448118702 ], [ 0.024780065844789, 51.43796165726922 ], [ 0.024778243994669, 51.437972257987042 ] ], [ [ 0.024764962738474, 51.438102585332565 ], [ 0.02476912305361, 51.438060070231693 ], [ 0.02477699846845, 51.437994035799569 ], [ 0.024776700533727, 51.437987299039662 ], [ 0.024777912558105, 51.437975721345317 ], [ 0.024777183011913, 51.437994076676283 ], [ 0.024764962738474, 51.438102585332565 ] ], [ [ 0.023876623003752, 51.436425508151252 ], [ 0.023916815268465, 51.436242492144039 ], [ 0.023834811832692, 51.436617542200757 ], [ 0.023876623003752, 51.436425508151252 ] ], [ [ 0.029058317145604, 51.434709789297031 ], [ 0.029065256553555, 51.434655379531158 ], [ 0.029058315584373, 51.434709802007653 ], [ 0.029058317145604, 51.434709789297031 ] ], [ [ 0.029065682396639, 51.434650030918988 ], [ 0.029007513560193, 51.434356574876119 ], [ 0.029064571691014, 51.434639924643527 ], [ 0.029065682396639, 51.434650030918988 ] ], [ [ 0.02886456619946, 51.434181645477736 ], [ 0.028753871432058, 51.434126004893791 ], [ 0.028921522773309, 51.434237810895631 ], [ 0.02886456619946, 51.434181645477736 ] ], [ [ 0.028652402520417, 51.434076445532924 ], [ 0.028625666221435, 51.434063386704146 ], [ 0.028753871432058, 51.434126004893791 ], [ 0.028652402520417, 51.434076445532924 ] ], [ [ 0.023226625243291, 51.436204961385101 ], [ 0.023244464022252, 51.43620060848378 ], [ 0.023248928660092, 51.436199632133139 ], [ 0.023226625243291, 51.436204961385101 ] ], [ [ 0.023496540161139, 51.43610365696636 ], [ 0.023468871704125, 51.436119148135475 ], [ 0.023485991242123, 51.436109232972989 ], [ 0.023496540161139, 51.43610365696636 ] ], [ [ 0.025062386023457, 51.436793959252519 ], [ 0.025109221840248, 51.436779465874288 ], [ 0.025089557644831, 51.436796126680839 ], [ 0.025062386023457, 51.436793959252519 ] ], [ [ 0.025221934606741, 51.43633257936267 ], [ 0.02511495971775, 51.43675691478326 ], [ 0.025235148753219, 51.436274497207812 ], [ 0.025221934606741, 51.43633257936267 ] ], [ [ 0.023962232855498, 51.436027380480084 ], [ 0.024144842644346, 51.436041667601657 ], [ 0.024143953347489, 51.43604303188097 ], [ 0.023962232855498, 51.436027380480084 ] ], [ [ 0.024186724113602, 51.438279692692724 ], [ 0.024193324027069, 51.438278679431193 ], [ 0.024201936824507, 51.438277631406422 ], [ 0.024186724113602, 51.438279692692724 ] ], [ [ 0.024210294001359, 51.438276139054679 ], [ 0.02421841534292, 51.438274649876014 ], [ 0.024224105401645, 51.438273918513268 ], [ 0.024210294001359, 51.438276139054679 ] ], [ [ 0.024225961310417, 51.438273620273982 ], [ 0.024234575583608, 51.438272573120599 ], [ 0.024224105401645, 51.438273918513268 ], [ 0.024225961310417, 51.438273620273982 ] ] ], [ [ [ 0.017934918309552, 51.435707958110818 ], [ 0.019911281497203, 51.433000039546727 ], [ 0.013045239396756, 51.438375920190595 ], [ 0.015103077971936, 51.438584274450548 ], [ 0.017934918309552, 51.435707958110818 ] ] ], [ [ [ 0.018994301004145, 51.436214293708197 ], [ 0.017936213822827, 51.435710452890881 ], [ 0.017792498195637, 51.435862614121888 ], [ 0.018994301004145, 51.436214293708197 ] ] ], [ [ [ 0.009368389144981, 51.439806603312327 ], [ 0.00950710797743, 51.434039159558495 ], [ 0.005512994542264, 51.439203492880878 ], [ 0.009368389144981, 51.439806603312327 ] ] ], [ [ [ 0.024096913039067, 51.438271534168706 ], [ 0.023280441723732, 51.438456355980136 ], [ 0.024162656608491, 51.438387361924249 ], [ 0.024096913039067, 51.438271534168706 ] ] ], [ [ [ 0.014962376095059, 51.442569638973843 ], [ 0.012843273198114, 51.438648733637471 ], [ 0.006311124019915, 51.445425529206766 ], [ 0.014962376095059, 51.442569638973843 ] ] ], [ [ [ 0.028868564661697, 51.443354922447341 ], [ 0.022126703070726, 51.443281930091537 ], [ 0.02149373768514, 51.444438902420899 ], [ 0.028868564661697, 51.443354922447341 ] ] ], [ [ [ 0.03369358344756, 51.449507764764519 ], [ 0.033634503557511, 51.445311868659005 ], [ 0.029794667476254, 51.449685763673131 ], [ 0.03369358344756, 51.449507764764519 ] ] ], [ [ [ 0.03299224990857, 51.453035258597012 ], [ 0.026311813319176, 51.453571670843282 ], [ 0.027330956574265, 51.457590397362964 ], [ 0.026418767642593, 51.460960876263542 ], [ 0.03299224990857, 51.453035258597012 ] ], [ [ 0.029827889963842, 51.456833413735318 ], [ 0.027412877450325, 51.456646515283232 ], [ 0.027268042673501, 51.456635305220473 ], [ 0.029827889963842, 51.456833413735318 ] ] ], [ [ [ 0.020408953843832, 51.454527652884778 ], [ 0.019318022117109, 51.457009592421961 ], [ 0.020980988029367, 51.45697159200283 ], [ 0.020408953843832, 51.454527652884778 ] ] ], [ [ [ 0.007055920267238, 51.455191586106565 ], [ 0.003838032997693, 51.456489789865678 ], [ 0.004932474124218, 51.457790958702908 ], [ 0.007055920267238, 51.455191586106565 ] ] ], [ [ [ 0.026324902887205, 51.45820955646834 ], [ 0.02598482184507, 51.453610669831299 ], [ 0.024001937413758, 51.457582574024002 ], [ 0.018439050185274, 51.457525580817794 ], [ 0.026324902887205, 51.45820955646834 ] ] ], [ [ [ 0.018746100062509, 51.460462507652849 ], [ 0.014214102467461, 51.455728629309597 ], [ 0.012949175325458, 51.458175570195877 ], [ 0.018746100062509, 51.460462507652849 ] ] ], [ [ [ 0.024781840817085, 51.460168505111781 ], [ 0.026407066051983, 51.462368280733557 ], [ 0.02628664787451, 51.459670407726946 ], [ 0.024781840817085, 51.460168505111781 ] ] ], [ [ [ 0.025021033939694, 51.463702422181761 ], [ 0.024267125990797, 51.467710324978292 ], [ 0.028053989713887, 51.464647396728232 ], [ 0.025021033939694, 51.463702422181761 ] ] ], [ [ [ -0.004386715218076, 51.467912404552095 ], [ -0.005100736897192, 51.468598998454873 ], [ -0.004245011489613, 51.468632441300016 ], [ -0.004386715218076, 51.467912404552095 ] ] ], [ [ [ 0.018791277668042, 51.469874277351686 ], [ 0.017928273892322, 51.468742305722046 ], [ 0.016525308340114, 51.469084299041207 ], [ 0.018791277668042, 51.469874277351686 ] ] ], [ [ [ 0.016327265131676, 51.46897492266072 ], [ 0.004718098830546, 51.467160571394757 ], [ -0.008744923000456, 51.469779145027189 ], [ 0.017928423275159, 51.473832008685392 ], [ 0.014972864742426, 51.473081637185231 ], [ 0.016668032819935, 51.46951458614862 ], [ 0.016327265131676, 51.46897492266072 ] ], [ [ 0.015839451606864, 51.469222295944576 ], [ 0.015838583359756, 51.469222296035902 ], [ 0.015839784491563, 51.469221851916558 ], [ 0.015839451606864, 51.469222295944576 ] ], [ [ 0.013922947076481, 51.469809355317352 ], [ 0.014318578540419, 51.469749537528024 ], [ 0.014178298597798, 51.469775937606862 ], [ 0.0139502176281, 51.469807725289641 ], [ 0.013922947076481, 51.469809355317352 ] ], [ [ 0.014545360401992, 51.469700285942331 ], [ 0.014658857010019, 51.469663395173761 ], [ 0.014365625945145, 51.469740683409817 ], [ 0.014545360401992, 51.469700285942331 ] ], [ [ 0.014843958827886, 51.469608131618664 ], [ 0.014866295002831, 51.469600792594292 ], [ 0.014849428723303, 51.469606627725007 ], [ 0.014843958827886, 51.469608131618664 ] ], [ [ 0.015266342000793, 51.469461291002879 ], [ 0.015312037116295, 51.469445107324198 ], [ 0.015185414846652, 51.469490388102727 ], [ 0.015266342000793, 51.469461291002879 ] ], [ [ 0.015756350801807, 51.469281686318624 ], [ 0.015740328286644, 51.469286294512578 ], [ 0.015770199106409, 51.469270572285403 ], [ 0.015756350801807, 51.469281686318624 ] ] ], [ [ [ -0.005614169383858, 51.47319622004261 ], [ -0.005570180481882, 51.472652233134085 ], [ -0.005859172537667, 51.47278523040773 ], [ -0.005614169383858, 51.47319622004261 ] ] ], [ [ [ -0.003672186123179, 51.474340189985874 ], [ -0.002314256967017, 51.472009245689073 ], [ -0.005318188496874, 51.472494236276091 ], [ -0.003996195932844, 51.473465211994352 ], [ -0.003757194722453, 51.473837202350701 ], [ -0.003672186123179, 51.474340189985874 ] ] ], [ [ [ 0.001284676595494, 51.472340234240399 ], [ 0.008921534451274, 51.472920212462085 ], [ 0.00038768796894, 51.471993243077918 ], [ 0.001284676595494, 51.472340234240399 ] ] ], [ [ [ 0.010571535202693, 51.474721167636794 ], [ 0.009702523551183, 51.473182205196558 ], [ 0.009930552891447, 51.474939162633341 ], [ 0.010571535202693, 51.474721167636794 ] ] ], [ [ [ -0.003792182867685, 51.474419188343639 ], [ -0.004678172982168, 51.474017199263095 ], [ -0.005637129758726, 51.475307168639326 ], [ -0.003792182867685, 51.474419188343639 ] ] ], [ [ [ 0.012058481976644, 51.473496195422882 ], [ 0.010275549557304, 51.475118158256883 ], [ 0.013337509747415, 51.476285126681894 ], [ 0.012058481976644, 51.473496195422882 ] ] ], [ [ [ -0.004715156004974, 51.474912177190078 ], [ -0.004014167722491, 51.475016174312351 ], [ -0.003890176295548, 51.474670182648389 ], [ -0.004643156824691, 51.474875177934187 ], [ -0.004715156004974, 51.474912177190078 ] ] ], [ [ [ 0.011648532505526, 51.47568114320827 ], [ 0.008367618455128, 51.476809118369715 ], [ 0.014247505501795, 51.477003108216351 ], [ 0.011648532505526, 51.47568114320827 ] ] ], [ [ [ -0.007941975161631, 51.481123029650597 ], [ 0.009748560492716, 51.475154157613289 ], [ -0.002222258410392, 51.472015245462622 ], [ -0.002227218859805, 51.474149193113846 ], [ -0.007941975161631, 51.481123029650597 ] ] ], [ [ [ 0.016195760635984, 51.492550731457563 ], [ 0.015653832186609, 51.49580365447099 ], [ 0.017538781576394, 51.495105669490108 ], [ 0.016195760635984, 51.492550731457563 ] ] ], [ [ [ 0.008239997630441, 51.496838636827327 ], [ 0.007180068922511, 51.499472575200016 ], [ 0.01259788262235, 51.49525967057469 ], [ 0.008239997630441, 51.496838636827327 ] ] ], [ [ [ 0.003395914677383, 51.508003351786627 ], [ 0.000959036369215, 51.509940693154597 ], [ 0.005094732676748, 51.509510278656656 ], [ 0.003395914677383, 51.508003351786627 ] ] ], [ [ [ 0.027910214548291, 51.525029675125403 ], [ 0.030049276147143, 51.524306978984633 ], [ 0.027377928801191, 51.52470690811937 ], [ 0.027910214548291, 51.525029675125403 ] ] ], [ [ [ 0.024202486620854, 51.525372944623932 ], [ 0.027431337980596, 51.524942631210408 ], [ 0.024107520495482, 51.525198236907826 ], [ 0.024202486620854, 51.525372944623932 ] ] ], [ [ [ 0.017639026998094, 51.527562891386225 ], [ 0.021458625627701, 51.526052541430964 ], [ 0.023960912323473, 51.525419379077029 ], [ 0.021197450201091, 51.525779147767331 ], [ 0.017639026998094, 51.527562891386225 ] ] ], [ [ [ 0.002771063701238, 51.530538878404627 ], [ 0.011500666519343, 51.530318009464949 ], [ 0.017497097726005, 51.527294541653085 ], [ 0.011515933608861, 51.530073298242201 ], [ 0.005247602706164, 51.529761237433092 ], [ 0.002771063701238, 51.530538878404627 ] ] ], [ [ [ -0.006821785727924, 51.530410050336613 ], [ -0.003847497760524, 51.528233888159534 ], [ -0.007628261784353, 51.528216866310096 ], [ -0.007447950500599, 51.530384810812798 ], [ -0.006821785727924, 51.530410050336613 ] ] ], [ [ [ -0.006362490849576, 51.534182736323693 ], [ 0.002683402424489, 51.530167629630618 ], [ -0.005399292797478, 51.532678581012902 ], [ -0.006924276469288, 51.533964178483572 ], [ -0.006362490849576, 51.534182736323693 ] ] ], [ [ [ 0.020110945095133, 51.561787729842074 ], [ 0.014785318766101, 51.559437606638411 ], [ 0.001337073982925, 51.580536402805997 ], [ -0.000375056690694, 51.600286743130951 ], [ 0.009135667143858, 51.603997414426999 ], [ 0.008778436403655, 51.619081160944368 ], [ 0.020070485003013, 51.626551152508078 ], [ -0.005794782094229, 51.64341004943924 ], [ 0.025125921153565, 51.637383009049344 ], [ 0.023712409010553, 51.56857666152451 ], [ 0.046358439783409, 51.61679629585727 ], [ 0.048511335753246, 51.601121930478875 ], [ 0.055177629215267, 51.599889898539388 ], [ 0.063984229230695, 51.607223441246127 ], [ 0.076933065033386, 51.600582032823318 ], [ 0.075476607819261, 51.600153799244573 ], [ 0.07759306611709, 51.597959181371259 ], [ 0.077374769805935, 51.596888011176297 ], [ 0.039539974015962, 51.593442012343274 ], [ 0.062825571832483, 51.557832771392526 ], [ 0.052654120278774, 51.55427472378048 ], [ 0.050938017305885, 51.55465500121381 ], [ 0.042840365972121, 51.564860841058369 ], [ 0.024981758961296, 51.565653817850219 ], [ 0.023046606288877, 51.567027977321395 ], [ 0.020110945095133, 51.561787729842074 ] ], [ [ 0.023531176301403, 51.620768346334557 ], [ 0.023531631082755, 51.620762495130911 ], [ 0.023543862482638, 51.620678677772368 ], [ 0.023531176301403, 51.620768346334557 ] ], [ [ 0.014709307116065, 51.619752024087283 ], [ 0.014199195420292, 51.618867803924068 ], [ 0.014499676107834, 51.618902203921884 ], [ 0.014720185773633, 51.619543179685515 ], [ 0.014709307116065, 51.619752024087283 ] ], [ [ 0.014626413698827, 51.620469066627287 ], [ 0.014428794954805, 51.620449844459429 ], [ 0.014223611279709, 51.620328099275646 ], [ 0.014626413698827, 51.620469066627287 ] ], [ [ 0.014734875166213, 51.620522633435506 ], [ 0.015870766277819, 51.620927121336805 ], [ 0.016286756104342, 51.621414604592005 ], [ 0.015849638323542, 51.620995310460458 ], [ 0.015222780294276, 51.620932784609181 ], [ 0.014734875166213, 51.620522633435506 ] ], [ [ 0.017067181060342, 51.622216584469371 ], [ 0.01698532729073, 51.621953869005509 ], [ 0.017088894168815, 51.622041089552802 ], [ 0.017067181060342, 51.622216584469371 ] ], [ [ 0.018792913462485, 51.623321222183343 ], [ 0.018461733751445, 51.622798900666709 ], [ 0.018787687956489, 51.623207913035053 ], [ 0.018807338923999, 51.623261515081495 ], [ 0.018808933923865, 51.623297447052153 ], [ 0.018792913462485, 51.623321222183343 ] ], [ [ 0.018753956364659, 51.623360423138223 ], [ 0.018733280236939, 51.62337310907121 ], [ 0.018759209286482, 51.623355345117631 ], [ 0.018753956364659, 51.623360423138223 ] ], [ [ 0.018563938020407, 51.623463563214045 ], [ 0.019068360663871, 51.623737180157221 ], [ 0.018443698412214, 51.623548591266662 ], [ 0.018563938020407, 51.623463563214045 ] ], [ [ 0.018793283204342, 51.623985184269891 ], [ 0.018737251691667, 51.623863947766203 ], [ 0.018791840403941, 51.623801869886812 ], [ 0.018793283204342, 51.623985184269891 ] ], [ [ 0.019000209165475, 51.624286920222914 ], [ 0.019045769793766, 51.624824816220709 ], [ 0.019231448812961, 51.624972502974366 ], [ 0.01900742858992, 51.624876268273717 ], [ 0.018985979519666, 51.624422423660661 ], [ 0.018744659803188, 51.624177300556184 ], [ 0.018734087216935, 51.624118131566526 ], [ 0.018770184494819, 51.624048865558038 ], [ 0.019000209165475, 51.624286920222914 ] ], [ [ 0.019467492267459, 51.62527614043703 ], [ 0.019475294275001, 51.625679835378428 ], [ 0.019792113628787, 51.625949567302122 ], [ 0.019761747723282, 51.625978425915314 ], [ 0.019410472501654, 51.625734148611521 ], [ 0.019414273049847, 51.625289401838408 ], [ 0.019079920849512, 51.625083738420997 ], [ 0.019467492267459, 51.62527614043703 ] ], [ [ 0.020011518183843, 51.626203804352969 ], [ 0.019886253686279, 51.626183233853659 ], [ 0.019662712173183, 51.626127279637842 ], [ 0.019692192454542, 51.626097347100092 ], [ 0.020011518183843, 51.626203804352969 ] ], [ [ 0.020456760746605, 51.627251025898907 ], [ 0.021158745747965, 51.628415998296852 ], [ 0.020991157029049, 51.628904521420722 ], [ 0.021265912502216, 51.628779325953055 ], [ 0.021313091399551, 51.628894356262144 ], [ 0.020947442799469, 51.628968755047374 ], [ 0.021084030485849, 51.628397625167018 ], [ 0.020611366734694, 51.628315386837471 ], [ 0.020539882978621, 51.627402525129419 ], [ 0.01990612710671, 51.627082775870527 ], [ 0.019915952718245, 51.626796553959984 ], [ 0.020456760746605, 51.627251025898907 ] ], [ [ 0.021340781551244, 51.61206596112627 ], [ 0.02136554276658, 51.612037004889771 ], [ 0.021303927191013, 51.61217435354078 ], [ 0.021340781551244, 51.61206596112627 ] ], [ [ 0.019088838192479, 51.569931523035869 ], [ 0.019052178703458, 51.57023417808032 ], [ 0.019080739327181, 51.569919166947599 ], [ 0.019088838192479, 51.569931523035869 ] ], [ [ 0.016615352447822, 51.579188848685561 ], [ 0.016570370581091, 51.579212421744344 ], [ 0.016616755073082, 51.579185846090255 ], [ 0.016615352447822, 51.579188848685561 ] ], [ [ 0.015669893495611, 51.581862366534438 ], [ 0.015647580404752, 51.581880603581126 ], [ 0.015600650592612, 51.581837418519711 ], [ 0.015669893495611, 51.581862366534438 ] ], [ [ 0.015475813495281, 51.582043473915753 ], [ 0.015496609829511, 51.5820205938561 ], [ 0.015468267107873, 51.582059187662303 ], [ 0.015475813495281, 51.582043473915753 ] ], [ [ 0.015327570390089, 51.58229781274364 ], [ 0.015342678495169, 51.582287841745746 ], [ 0.015319252109673, 51.582342089911123 ], [ 0.015327570390089, 51.58229781274364 ] ], [ [ 0.013422558536204, 51.583758358730925 ], [ 0.013469626999456, 51.583728504878117 ], [ 0.013585641541969, 51.583674733854274 ], [ 0.013422558536204, 51.583758358730925 ] ], [ [ 0.005334447095277, 51.585273347490023 ], [ 0.008122197488822, 51.586590300732674 ], [ 0.005127644584728, 51.586625318833917 ], [ 0.005334447095277, 51.585273347490023 ] ], [ [ 0.011715693940186, 51.600749618341482 ], [ 0.010579018432063, 51.60188822127239 ], [ 0.010114445874972, 51.601178122435158 ], [ 0.011715693940186, 51.600749618341482 ] ], [ [ 0.010012199049082, 51.583835437465908 ], [ 0.011127926023716, 51.585239398838894 ], [ 0.009693498733996, 51.584872795539674 ], [ 0.010012199049082, 51.583835437465908 ] ], [ [ 0.010868204803312, 51.603073433048998 ], [ 0.010995945257371, 51.603889118174187 ], [ 0.009705787785766, 51.603565452742338 ], [ 0.010868204803312, 51.603073433048998 ] ], [ [ 0.050724826503852, 51.563208064521888 ], [ 0.050774027043226, 51.563152024336873 ], [ 0.050685283566536, 51.563260876756765 ], [ 0.050724826503852, 51.563208064521888 ] ], [ [ 0.051472575228013, 51.562232588500827 ], [ 0.051543608443057, 51.562165887959317 ], [ 0.051607422246654, 51.562147173518106 ], [ 0.051472575228013, 51.562232588500827 ] ], [ [ 0.052929632572641, 51.561592093565977 ], [ 0.052638577132475, 51.56161886628977 ], [ 0.052754896819004, 51.561590752417153 ], [ 0.052929632572641, 51.561592093565977 ] ], [ [ 0.053177031111801, 51.561449374970579 ], [ 0.05324757441275, 51.561376438826088 ], [ 0.053143734441095, 51.561499484802106 ], [ 0.053177031111801, 51.561449374970579 ] ], [ [ 0.053517698560739, 51.561036943840257 ], [ 0.05372195548026, 51.560927254974644 ], [ 0.05405831694034, 51.560851673324912 ], [ 0.054116042410957, 51.560531872262104 ], [ 0.054399406490594, 51.560271160925019 ], [ 0.053517698560739, 51.561036943840257 ] ], [ [ 0.054634483793622, 51.559575937748271 ], [ 0.054295187977822, 51.559945110799838 ], [ 0.054415679881296, 51.559625559384095 ], [ 0.054634483793622, 51.559575937748271 ] ], [ [ 0.055605308932867, 51.559388479432243 ], [ 0.055562409468083, 51.559380656545891 ], [ 0.056107229200444, 51.559075077065316 ], [ 0.055605308932867, 51.559388479432243 ] ], [ [ 0.056239827629827, 51.558972916020174 ], [ 0.056309605054994, 51.558866220761402 ], [ 0.056293132520291, 51.558789152384023 ], [ 0.056239827629827, 51.558972916020174 ] ], [ [ 0.05663079092763, 51.558646564999421 ], [ 0.056223822580412, 51.558627619621795 ], [ 0.056335332771252, 51.558573057998842 ], [ 0.056379837964053, 51.558568231223674 ], [ 0.056430494380158, 51.558571839660935 ], [ 0.056558707531603, 51.558599717735518 ], [ 0.05663079092763, 51.558646564999421 ] ], [ [ 0.056712722118344, 51.558722500211672 ], [ 0.056899441799773, 51.558685469787584 ], [ 0.056972313019862, 51.558635431484788 ], [ 0.056712722118344, 51.558722500211672 ] ], [ [ 0.057974717170232, 51.557867090899251 ], [ 0.056955975572528, 51.55824383709821 ], [ 0.057163843801321, 51.558006832249873 ], [ 0.057509828072041, 51.558001214702458 ], [ 0.057753786101811, 51.557860696850334 ], [ 0.057887420764671, 51.557848910557638 ], [ 0.057917854757604, 51.557851973793802 ], [ 0.057974717170232, 51.557867090899251 ] ], [ [ 0.05810793951806, 51.557892253894323 ], [ 0.05813113741878, 51.557910723488249 ], [ 0.058075665085779, 51.557889607709839 ], [ 0.05810793951806, 51.557892253894323 ] ], [ [ 0.058278091215343, 51.557843416957809 ], [ 0.058269694157418, 51.557848510970743 ], [ 0.058281732311036, 51.557827653403635 ], [ 0.058278091215343, 51.557843416957809 ] ], [ [ 0.059071330090243, 51.55709898695924 ], [ 0.058353822153548, 51.557522837131557 ], [ 0.058689426800414, 51.557207600094394 ], [ 0.059071330090243, 51.55709898695924 ] ], [ [ 0.059640683216785, 51.556862074582249 ], [ 0.059243725312928, 51.556911455002684 ], [ 0.059491973920838, 51.556961952777506 ], [ 0.059640683216785, 51.556862074582249 ] ], [ [ 0.024756868697645, 51.566630243233874 ], [ 0.024591904565748, 51.566644687669296 ], [ 0.024758840757855, 51.566626434095404 ], [ 0.024756868697645, 51.566630243233874 ] ], [ [ 0.077371319401458, 51.597652409526674 ], [ 0.077371315300853, 51.597652319672676 ], [ 0.077373013613824, 51.597655615994654 ], [ 0.077371319401458, 51.597652409526674 ] ], [ [ 0.06365229495414, 51.604743257726227 ], [ 0.063672812576309, 51.604741458140431 ], [ 0.06367293234451, 51.604741456034525 ], [ 0.06365229495414, 51.604743257726227 ] ], [ [ 0.076585798123844, 51.598338410044704 ], [ 0.076555394645735, 51.598340027128785 ], [ 0.076555274895347, 51.598340029247673 ], [ 0.076585798123844, 51.598338410044704 ] ], [ [ 0.076939145019815, 51.598171324515164 ], [ 0.076937865126131, 51.598171976651869 ], [ 0.076937746818981, 51.598171978745576 ], [ 0.076939145019815, 51.598171324515164 ] ], [ [ 0.077371353448499, 51.597744467658814 ], [ 0.077371349347881, 51.59774437780483 ], [ 0.077378055643288, 51.597771318901366 ], [ 0.077371353448499, 51.597744467658814 ] ] ], [ [ [ -0.010607518699131, 51.616349537400211 ], [ -0.000268278339179, 51.614203136648932 ], [ -0.00844877090962, 51.612256851901087 ], [ -0.010607518699131, 51.616349537400211 ] ] ], [ [ [ 0.061562726398871, 51.396068510556972 ], [ 0.061425900125106, 51.396172687112205 ], [ 0.061515228293862, 51.39610483500185 ], [ 0.061562726398871, 51.396068510556972 ] ] ], [ [ [ 0.036323177023854, 51.421665880982857 ], [ 0.04500521181899, 51.413889545168637 ], [ 0.021944312352543, 51.416393971926269 ], [ 0.024070260855009, 51.422031206399552 ], [ 0.036323177023854, 51.421665880982857 ] ] ], [ [ [ 0.045877246919775, 51.424698824045421 ], [ 0.045887404276382, 51.424615455666427 ], [ 0.045876351408562, 51.424698774030738 ], [ 0.045877246919775, 51.424698824045421 ] ] ], [ [ [ 0.04487122627898, 51.424645001295985 ], [ 0.045605773131353, 51.424683568202894 ], [ 0.044532921593922, 51.424624817303084 ], [ 0.04487122627898, 51.424645001295985 ] ] ], [ [ [ 0.060347632139597, 51.429488239742398 ], [ 0.061479678248016, 51.432986150196761 ], [ 0.062553574313089, 51.428907252087406 ], [ 0.060347632139597, 51.429488239742398 ] ] ], [ [ [ 0.039068500470505, 51.427586161848893 ], [ 0.041568592874161, 51.435234052035604 ], [ 0.044196053745315, 51.430612387453856 ], [ 0.039068500470505, 51.427586161848893 ] ] ], [ [ [ 0.054944907730828, 51.437605040260408 ], [ 0.060341697303454, 51.432725157541263 ], [ 0.051930884967446, 51.433210153678353 ], [ 0.054944907730828, 51.437605040260408 ] ] ], [ [ [ 0.059583799239976, 51.43709704858145 ], [ 0.062109759501315, 51.437786028909102 ], [ 0.062252725055846, 51.436248067282655 ], [ 0.059583799239976, 51.43709704858145 ] ] ], [ [ [ 0.070334572012012, 51.437166035866646 ], [ 0.064775713722285, 51.438363011809045 ], [ 0.071202554709387, 51.437209034335019 ], [ 0.070334572012012, 51.437166035866646 ] ] ], [ [ [ 0.057966834674381, 51.437144048767131 ], [ 0.058615861100638, 51.43919599692552 ], [ 0.059253846028729, 51.439123997999239 ], [ 0.057966834674381, 51.437144048767131 ] ] ], [ [ [ 0.0636717624264, 51.439623980897728 ], [ 0.06594074109047, 51.441028943791679 ], [ 0.067587671046856, 51.439239986571614 ], [ 0.0636717624264, 51.439623980897728 ] ] ], [ [ [ 0.04034328425857, 51.441171965758471 ], [ 0.029756123933593, 51.441745637801375 ], [ 0.030611559864907, 51.445007879546914 ], [ 0.035928403324294, 51.442599934265544 ], [ 0.04034328425857, 51.441171965758471 ] ], [ [ 0.031058535188515, 51.444202898863942 ], [ 0.030911456535246, 51.444216628285609 ], [ 0.031100746698452, 51.444189828286198 ], [ 0.031058535188515, 51.444202898863942 ] ], [ [ 0.031212531559345, 51.444179899392772 ], [ 0.03119668582346, 51.444181095264184 ], [ 0.031213075819867, 51.444179854570628 ], [ 0.031212531559345, 51.444179899392772 ] ], [ [ 0.031301096527531, 51.444171183003753 ], [ 0.031297529796792, 51.44417289942988 ], [ 0.03127545048625, 51.444174717754109 ], [ 0.031301096527531, 51.444171183003753 ] ], [ [ 0.031639519869357, 51.444011903003712 ], [ 0.031624359665693, 51.444017623157414 ], [ 0.031644206092949, 51.444009091786633 ], [ 0.031639519869357, 51.444011903003712 ] ], [ [ 0.031770516650324, 51.444006903060149 ], [ 0.031645073033112, 51.444008719115622 ], [ 0.031842749169687, 51.444008820683706 ], [ 0.031770516650324, 51.444006903060149 ] ], [ [ 0.032080154052474, 51.443935762000521 ], [ 0.032051510048365, 51.443956904275097 ], [ 0.03199979049231, 51.443991763823512 ], [ 0.032080154052474, 51.443935762000521 ] ], [ [ 0.032286160727902, 51.443890882008631 ], [ 0.03228250476549, 51.443891905709414 ], [ 0.03226001477118, 51.443896354255301 ], [ 0.032286160727902, 51.443890882008631 ] ], [ [ 0.032351502417311, 51.443873906319141 ], [ 0.032324580179955, 51.44388102460676 ], [ 0.032356576934345, 51.443872496660525 ], [ 0.032351502417311, 51.443873906319141 ] ], [ [ 0.032409265416106, 51.443856356432022 ], [ 0.032405501790138, 51.443857906159828 ], [ 0.032397008426226, 51.443860265372621 ], [ 0.032409265416106, 51.443856356432022 ] ], [ [ 0.032458499160335, 51.443836906262533 ], [ 0.032456315131114, 51.443837530267729 ], [ 0.032465067217573, 51.443835029683683 ], [ 0.032458499160335, 51.443836906262533 ] ], [ [ 0.03247982276067, 51.443832813763734 ], [ 0.032479498594608, 51.443832906340106 ], [ 0.032473499468087, 51.443833763366882 ], [ 0.03247982276067, 51.443832813763734 ] ], [ [ 0.032670495064728, 51.443796907229085 ], [ 0.032614647404851, 51.443806763368045 ], [ 0.032679088795706, 51.44379369967978 ], [ 0.032670495064728, 51.443796907229085 ] ], [ [ 0.032918089298841, 51.443707596105057 ], [ 0.032910487800347, 51.443710909638291 ], [ 0.03290506464187, 51.443712071775138 ], [ 0.032918089298841, 51.443707596105057 ] ], [ [ 0.03309848240511, 51.443655910621757 ], [ 0.033063030391008, 51.443652910511574 ], [ 0.033143035406016, 51.44367276129713 ], [ 0.03309848240511, 51.443655910621757 ] ], [ [ 0.033148542991204, 51.443674167612279 ], [ 0.033146482501674, 51.443673909871777 ], [ 0.033144733450268, 51.443673327086643 ], [ 0.033148542991204, 51.443674167612279 ] ], [ [ 0.033179121253673, 51.443670626252811 ], [ 0.033172482111841, 51.443671910322855 ], [ 0.033166136926095, 51.443673101891413 ], [ 0.033179121253673, 51.443670626252811 ] ], [ [ 0.033399575860773, 51.443595711906511 ], [ 0.033399874107662, 51.443595671919233 ], [ 0.033399000287079, 51.443595904959182 ], [ 0.033399575860773, 51.443595711906511 ] ], [ [ 0.033448466890381, 51.443589484472746 ], [ 0.033431474660617, 51.443591912118158 ], [ 0.033428143904531, 51.44359191199058 ], [ 0.033448466890381, 51.443589484472746 ] ], [ [ 0.03347585731505, 51.443581540525528 ], [ 0.033475473776935, 51.44358191228747 ], [ 0.033468980549725, 51.443584010691623 ], [ 0.03347585731505, 51.443581540525528 ] ], [ [ 0.033610469797415, 51.443505913707185 ], [ 0.033601927260818, 51.443514028917434 ], [ 0.033607316798997, 51.443506689634347 ], [ 0.033610469797415, 51.443505913707185 ] ], [ [ 0.033920459118829, 51.443317918049857 ], [ 0.033886914191614, 51.443356924759343 ], [ 0.033927332249643, 51.443309212040397 ], [ 0.033920459118829, 51.443317918049857 ] ], [ [ 0.03400329923937, 51.443224051535154 ], [ 0.034005618334667, 51.443222437294352 ], [ 0.03400000521726, 51.443227582835583 ], [ 0.03400329923937, 51.443224051535154 ] ], [ [ 0.034067741122283, 51.443174634782757 ], [ 0.034067453924094, 51.443174922016226 ], [ 0.034066720811277, 51.443175488517866 ], [ 0.034067741122283, 51.443174634782757 ] ], [ [ 0.034141816141105, 51.443128138698576 ], [ 0.034142015741514, 51.443128096889033 ], [ 0.034141683534261, 51.443128229813922 ], [ 0.034141816141105, 51.443128138698576 ] ], [ [ 0.034148279359153, 51.443126784872739 ], [ 0.034197921803691, 51.443116386457632 ], [ 0.034160451111015, 51.443124923210647 ], [ 0.034148279359153, 51.443126784872739 ] ], [ [ 0.03437244466635, 51.443044924676322 ], [ 0.03436552031478, 51.443048236329247 ], [ 0.034378400361073, 51.443041351026501 ], [ 0.03437244466635, 51.443044924676322 ] ], [ [ 0.034411443503929, 51.443019924935065 ], [ 0.034412992543856, 51.443018741573297 ], [ 0.034418321543641, 51.44301727948563 ], [ 0.034411443503929, 51.443019924935065 ] ], [ [ 0.03445316097859, 51.443005909474564 ], [ 0.034453442290357, 51.443005925275287 ], [ 0.034449250904622, 51.443007422294421 ], [ 0.03445316097859, 51.443005909474564 ] ], [ [ 0.034644462899069, 51.442881891283236 ], [ 0.03464443511887, 51.442881928310577 ], [ 0.034644284189486, 51.442882067638294 ], [ 0.034644462899069, 51.442881891283236 ] ], [ [ 0.034772949290319, 51.442813585145338 ], [ 0.034769431653161, 51.442815930183414 ], [ 0.034764578267823, 51.442817357442145 ], [ 0.034772949290319, 51.442813585145338 ] ], [ [ 0.034910427424625, 51.442754931140399 ], [ 0.034914433301982, 51.442753304938485 ], [ 0.034927723653167, 51.442748642020469 ], [ 0.034910427424625, 51.442754931140399 ] ], [ [ 0.035114422038645, 51.442670933415314 ], [ 0.035109645486207, 51.442672770637415 ], [ 0.035118956927003, 51.442668917798024 ], [ 0.035114422038645, 51.442670933415314 ] ], [ [ 0.035300416449108, 51.442588934944261 ], [ 0.035296124542559, 51.442590812647765 ], [ 0.035304552717035, 51.442586302835323 ], [ 0.035300416449108, 51.442588934944261 ] ], [ [ 0.035401483541287, 51.442525985724828 ], [ 0.035400413670382, 51.442526936774115 ], [ 0.035399864388588, 51.442527292158104 ], [ 0.035401483541287, 51.442525985724828 ] ], [ [ 0.035439011968399, 51.442494601905175 ], [ 0.035439383377103, 51.442494451559433 ], [ 0.035438907338427, 51.44249468953695 ], [ 0.035439011968399, 51.442494601905175 ] ], [ [ 0.035468511855801, 51.442482660390873 ], [ 0.035461410509037, 51.442485937753155 ], [ 0.035455774515591, 51.442487816448867 ], [ 0.035468511855801, 51.442482660390873 ] ], [ [ 0.035552408346839, 51.44244993837826 ], [ 0.035547100011673, 51.442450848012243 ], [ 0.03557671022148, 51.44244527810659 ], [ 0.035552408346839, 51.44244993837826 ] ], [ [ 0.035647406280025, 51.442435938724394 ], [ 0.035643310782472, 51.442436369827249 ], [ 0.035651384719504, 51.442435519942705 ], [ 0.035647406280025, 51.442435938724394 ] ], [ [ 0.035725404747615, 51.442424938380327 ], [ 0.035702192750015, 51.442428938578757 ], [ 0.03573030126636, 51.442423714329628 ], [ 0.035725404747615, 51.442424938380327 ] ], [ [ 0.035899689992709, 51.442395509057391 ], [ 0.035898400088888, 51.442395939039628 ], [ 0.035897801626835, 51.442395939210044 ], [ 0.035899689992709, 51.442395509057391 ] ], [ [ 0.035937399124013, 51.442380939684121 ], [ 0.035935087349631, 51.442380939387057 ], [ 0.035940890018525, 51.44238050348941 ], [ 0.035937399124013, 51.442380939684121 ] ], [ [ 0.035957775866135, 51.442379235021178 ], [ 0.035959342815674, 51.44237927573149 ], [ 0.035953576571761, 51.442379550473007 ], [ 0.035957775866135, 51.442379235021178 ] ], [ [ 0.035981398239255, 51.442379939807076 ], [ 0.035970090561499, 51.442379554964525 ], [ 0.035981870926157, 51.442379861025628 ], [ 0.035981398239255, 51.442379939807076 ] ], [ [ 0.036003100355044, 51.44237480145047 ], [ 0.035997397475458, 51.442376939771172 ], [ 0.035989828620213, 51.442378621655642 ], [ 0.036003100355044, 51.44237480145047 ] ], [ [ 0.036069963916366, 51.442342072198976 ], [ 0.03609568432511, 51.442331939021564 ], [ 0.036068373711101, 51.442343147230901 ], [ 0.036069963916366, 51.442342072198976 ] ], [ [ 0.03680497669187, 51.442017549120891 ], [ 0.036786542024942, 51.442024881247747 ], [ 0.036788680386504, 51.442022886126274 ], [ 0.03680497669187, 51.442017549120891 ] ], [ [ 0.036933167363207, 51.441974491778758 ], [ 0.036933370605221, 51.441974949021173 ], [ 0.036908584324551, 51.441981250408688 ], [ 0.036933167363207, 51.441974491778758 ] ], [ [ 0.036921369590166, 51.441947949814704 ], [ 0.036931933130179, 51.441971715070942 ], [ 0.036935181673894, 51.44194379390521 ], [ 0.036921369590166, 51.441947949814704 ] ], [ [ 0.037569064595767, 51.441784456393023 ], [ 0.037569918813713, 51.441784253385755 ], [ 0.03756857948976, 51.441784618664386 ], [ 0.037569064595767, 51.441784456393023 ] ], [ [ 0.038691325476794, 51.441352680873798 ], [ 0.03849424666751, 51.441394099608154 ], [ 0.038630848119891, 51.44136438611546 ], [ 0.038691325476794, 51.441352680873798 ] ], [ [ 0.038963314593762, 51.441289963572075 ], [ 0.038918369668147, 51.441302091755574 ], [ 0.038966874170124, 51.441288777129529 ], [ 0.038963314593762, 51.441289963572075 ] ] ], [ [ [ 0.041308289806923, 51.442533931013834 ], [ 0.041831285948927, 51.442900921069153 ], [ 0.042712255012228, 51.442208937764256 ], [ 0.041308289806923, 51.442533931013834 ] ] ], [ [ [ 0.058483041356881, 51.448232771816222 ], [ 0.062271780235641, 51.439070996909706 ], [ 0.051381032858981, 51.44021697902766 ], [ 0.058483041356881, 51.448232771816222 ] ] ], [ [ [ 0.036086403862003, 51.442797929121127 ], [ 0.03711939499771, 51.443465911851717 ], [ 0.04130127878661, 51.441942945107961 ], [ 0.036086403862003, 51.442797929121127 ] ] ], [ [ [ 0.042045282770981, 51.44293091970556 ], [ 0.0514291626501, 51.446886812389813 ], [ 0.051210050695439, 51.440946960348143 ], [ 0.042045282770981, 51.44293091970556 ] ] ], [ [ [ 0.036742549087488, 51.451013723779077 ], [ 0.041605411708278, 51.449146765678215 ], [ 0.036407528833414, 51.449584759666031 ], [ 0.036742549087488, 51.451013723779077 ] ] ], [ [ [ 0.03537458895431, 51.45158271110693 ], [ 0.033608587824115, 51.449622761806268 ], [ 0.032206629527481, 51.450321745341391 ], [ 0.03537458895431, 51.45158271110693 ] ] ], [ [ [ 0.044579350471431, 51.44913376276444 ], [ 0.041639455074205, 51.451427708986238 ], [ 0.047029320271572, 51.450243733085266 ], [ 0.044579350471431, 51.44913376276444 ] ] ], [ [ [ 0.036278600292592, 51.453138671643323 ], [ 0.035744601464214, 51.452668684381308 ], [ 0.035428611373181, 51.452856679633882 ], [ 0.036278600292592, 51.453138671643323 ] ] ], [ [ [ 0.035134621658757, 51.453026676062287 ], [ 0.034555638419116, 51.453259670679032 ], [ 0.036391601630618, 51.45332266712925 ], [ 0.035134621658757, 51.453026676062287 ] ] ], [ [ [ 0.038741544618677, 51.452891675279396 ], [ 0.040006531707278, 51.453642655609883 ], [ 0.040084513596856, 51.452767677180496 ], [ 0.038741544618677, 51.452891675279396 ] ] ], [ [ [ 0.08227090408342, 51.466557294078918 ], [ 0.058781337519581, 51.463621391059732 ], [ 0.053408533601252, 51.467960289998508 ], [ 0.08227090408342, 51.466557294078918 ] ] ], [ [ [ 0.052882536817469, 51.467583299728823 ], [ 0.045133675217935, 51.466491334091209 ], [ 0.054045542945444, 51.469119260617703 ], [ 0.052882536817469, 51.467583299728823 ] ] ], [ [ [ 0.046320719618779, 51.469996246968975 ], [ 0.049873661861765, 51.470778224442654 ], [ 0.054561548639019, 51.469946239824658 ], [ 0.046898682604814, 51.468740277249374 ], [ 0.046320719618779, 51.469996246968975 ] ] ], [ [ [ 0.058375493829769, 51.471187206045492 ], [ 0.055685593074302, 51.473445153526072 ], [ 0.06023449098197, 51.472990159867742 ], [ 0.058375493829769, 51.471187206045492 ] ] ], [ [ [ 0.055000575476399, 51.471827193918223 ], [ 0.047388773202879, 51.473942149554631 ], [ 0.058591671412461, 51.48049297887097 ], [ 0.059534630322312, 51.479364005749453 ], [ 0.057028625988198, 51.476499077640035 ], [ 0.055439598746863, 51.473440153605928 ], [ 0.055000575476399, 51.471827193918223 ] ] ], [ [ [ 0.038180986848948, 51.475198128149195 ], [ 0.044174934531574, 51.478839033674838 ], [ 0.047133879183705, 51.479101024809431 ], [ 0.048805851335083, 51.479437014851193 ], [ 0.038180986848948, 51.475198128149195 ] ] ], [ [ [ 0.057070618351221, 51.476156085899035 ], [ 0.059076619876866, 51.478389030026584 ], [ 0.060299554942534, 51.476308078578107 ], [ 0.057070618351221, 51.476156085899035 ] ] ], [ [ [ 0.058997623943488, 51.478514026904335 ], [ 0.059405613528493, 51.478415028618386 ], [ 0.058998624451788, 51.478502027334848 ], [ 0.058997623943488, 51.478514026904335 ] ] ], [ [ [ 0.044215936923799, 51.479000030467873 ], [ 0.045007978093775, 51.481999956702907 ], [ 0.04868085762038, 51.479619010514106 ], [ 0.044215936923799, 51.479000030467873 ] ] ], [ [ [ 0.058539674583902, 51.480613976145627 ], [ 0.060851657116971, 51.482155936853822 ], [ 0.061513644200715, 51.482164935950415 ], [ 0.059750629690305, 51.479593999648202 ], [ 0.058539674583902, 51.480613976145627 ] ] ], [ [ [ 0.062681692687878, 51.485860844646929 ], [ 0.056471724343585, 51.480973970106248 ], [ 0.05306678494455, 51.480498984334965 ], [ 0.062681692687878, 51.485860844646929 ] ] ], [ [ [ 0.052674857097912, 51.483813905048201 ], [ 0.052032801695509, 51.480245991796785 ], [ 0.048872853744481, 51.479653009746173 ], [ 0.049089940556961, 51.484319896162262 ], [ 0.056123023324811, 51.487271871017441 ], [ 0.052674857097912, 51.483813905048201 ] ] ], [ [ [ 0.056338821710069, 51.485852851466994 ], [ 0.055166790196986, 51.4830029218069 ], [ 0.054020830479735, 51.483814903604276 ], [ 0.056338821710069, 51.485852851466994 ] ] ], [ [ [ 0.062194659806952, 51.48369289830471 ], [ 0.062852684262295, 51.485597851300049 ], [ 0.063846660395041, 51.485459853459517 ], [ 0.062194659806952, 51.48369289830471 ] ] ], [ [ [ 0.046076968418997, 51.482571941368043 ], [ 0.040393119391217, 51.484438902441823 ], [ 0.044048105231948, 51.487527824534489 ], [ 0.046076968418997, 51.482571941368043 ] ] ], [ [ [ 0.042389213415604, 51.491433732036796 ], [ 0.04261312460338, 51.487070836383516 ], [ 0.039538244267119, 51.490041768560317 ], [ 0.042389213415604, 51.491433732036796 ] ] ], [ [ [ 0.039733322516084, 51.494303666063118 ], [ 0.038443338000066, 51.493705681271322 ], [ 0.038470342433666, 51.493985674940788 ], [ 0.039733322516084, 51.494303666063118 ] ] ], [ [ [ 0.055464775085505, 51.510759215372353 ], [ 0.059236342795355, 51.50956176281867 ], [ 0.055435634898281, 51.510720158020284 ], [ 0.055464775085505, 51.510759215372353 ] ] ], [ [ [ 0.042019685939841, 51.5164360403462 ], [ 0.046446580269302, 51.511898034965768 ], [ 0.060440713376313, 51.514094275454802 ], [ 0.04847899641408, 51.50941562837955 ], [ 0.042019685939841, 51.5164360403462 ] ] ], [ [ [ 0.038647832024567, 51.518705469323123 ], [ 0.047552965193206, 51.518283346298396 ], [ 0.044700180589117, 51.51658807809352 ], [ 0.038647832024567, 51.518705469323123 ] ] ], [ [ [ 0.06067171947277, 51.520397012561588 ], [ 0.068935683359101, 51.519576965259908 ], [ 0.073029621100474, 51.51910602552028 ], [ 0.06067171947277, 51.520397012561588 ] ] ], [ [ [ 0.039754754376333, 51.52336818928665 ], [ 0.058312287302929, 51.520952455990695 ], [ 0.058493900979378, 51.520658083777732 ], [ 0.039865620569542, 51.522939552585314 ], [ 0.039754754376333, 51.52336818928665 ] ] ], [ [ [ 0.068185326845489, 51.523720478693058 ], [ 0.066039136454865, 51.525087251274435 ], [ 0.068428483975922, 51.524782100742719 ], [ 0.068185326845489, 51.523720478693058 ] ] ], [ [ [ 0.030206591374379, 51.524573587315501 ], [ 0.039546066109501, 51.523520917504065 ], [ 0.039608675002116, 51.523047711529102 ], [ 0.030206591374379, 51.524573587315501 ] ] ], [ [ [ 0.068532307577917, 51.530587332575976 ], [ 0.068658833698064, 51.530722690021676 ], [ 0.068748831372618, 51.530592956243098 ], [ 0.068532307577917, 51.530587332575976 ] ] ], [ [ [ 0.068684857441903, 51.531137695452195 ], [ 0.068475854841656, 51.531107208992523 ], [ 0.068386909121016, 51.531228380891136 ], [ 0.068684857441903, 51.531137695452195 ] ] ], [ [ [ 0.068381533428928, 51.531237018785326 ], [ 0.068415962384953, 51.531328587191375 ], [ 0.068464071311818, 51.531260742931856 ], [ 0.068381533428928, 51.531237018785326 ] ] ], [ [ [ 0.069015999877623, 51.531492913062266 ], [ 0.069085771905618, 51.531441772614173 ], [ 0.068459032238336, 51.531340417501504 ], [ 0.069015999877623, 51.531492913062266 ] ] ], [ [ [ 0.068744245015855, 51.531636644126046 ], [ 0.068388106306962, 51.531350211340758 ], [ 0.068228737625346, 51.531460484746056 ], [ 0.068744245015855, 51.531636644126046 ] ] ], [ [ [ 0.06809130668235, 51.531657151018663 ], [ 0.068858264176336, 51.53176637666671 ], [ 0.068955738776207, 51.53162661887098 ], [ 0.068866632088729, 51.531696535374799 ], [ 0.068218765181732, 51.53152675718718 ], [ 0.06809130668235, 51.531657151018663 ] ] ], [ [ [ 0.06808446984754, 51.531665365023521 ], [ 0.068121942822679, 51.531760476931268 ], [ 0.068171289661787, 51.531688114608279 ], [ 0.06808446984754, 51.531665365023521 ] ] ], [ [ [ 0.068711635442184, 51.531919141500495 ], [ 0.06878449351895, 51.53187244318066 ], [ 0.068157707802622, 51.531770187968029 ], [ 0.068711635442184, 51.531919141500495 ] ] ], [ [ [ 0.068311461882583, 51.532005474961387 ], [ 0.068054040060247, 51.531773364715939 ], [ 0.067941267289729, 51.531877870152314 ], [ 0.068311461882583, 51.532005474961387 ] ] ], [ [ [ 0.068596867076592, 51.531982561691997 ], [ 0.0684772950989, 51.531886404078378 ], [ 0.068460880280844, 51.531881897724745 ], [ 0.068596867076592, 51.531982561691997 ] ] ], [ [ [ 0.068494276961054, 51.532054268736992 ], [ 0.06854342503473, 51.531996992378069 ], [ 0.068360171866798, 51.532018906381758 ], [ 0.068494276961054, 51.532054268736992 ] ] ], [ [ [ 0.06780424882416, 51.532067784237839 ], [ 0.068569812662736, 51.532177935649173 ], [ 0.068666214956736, 51.532046290486043 ], [ 0.068583964196915, 51.532108442024011 ], [ 0.067921644843091, 51.531938017778891 ], [ 0.06780424882416, 51.532067784237839 ] ] ], [ [ [ 0.067800293253996, 51.532075947430798 ], [ 0.0678611862904, 51.53213107851267 ], [ 0.067885754477493, 51.53210051972713 ], [ 0.067800293253996, 51.532075947430798 ] ] ], [ [ [ 0.067727005415155, 51.532240457508273 ], [ 0.067768661275527, 51.53215743966701 ], [ 0.067709106295413, 51.532227283940095 ], [ 0.067727005415155, 51.532240457508273 ] ] ], [ [ [ 0.068107638630612, 51.532271966055738 ], [ 0.068309483620101, 51.532303478685932 ], [ 0.068108549862581, 51.532260259435724 ], [ 0.068107638630612, 51.532271966055738 ] ] ], [ [ [ 0.068445599301638, 51.532364027567539 ], [ 0.068408685739828, 51.532344894499985 ], [ 0.068296602595206, 51.532512337238316 ], [ 0.068445599301638, 51.532364027567539 ] ] ], [ [ [ 0.067662247759581, 51.532593214911714 ], [ 0.068091292168566, 51.532324861759797 ], [ 0.067593935854185, 51.532390284051871 ], [ 0.067662247759581, 51.532593214911714 ] ] ], [ [ [ 0.067631091240599, 51.532669303079906 ], [ 0.06750684577701, 51.532536602168761 ], [ 0.06742574040824, 51.532608175053007 ], [ 0.067631091240599, 51.532669303079906 ] ] ], [ [ [ 0.069131774702519, 51.535365389897642 ], [ 0.070918444127109, 51.533210674971471 ], [ 0.071490414340458, 51.530680574302302 ], [ 0.065907926504319, 51.529328739797492 ], [ 0.065020288465755, 51.530393912497232 ], [ 0.067313290540708, 51.532513035508153 ], [ 0.068446654891262, 51.530494868979552 ], [ 0.070790342930531, 51.53117922912125 ], [ 0.070010275334524, 51.532973829911526 ], [ 0.069679339798561, 51.532537766730151 ], [ 0.068020961865094, 51.534924551540009 ], [ 0.069131774702519, 51.535365389897642 ] ], [ [ 0.070009921365849, 51.53406564401854 ], [ 0.069925759564044, 51.53299240759214 ], [ 0.070643521795153, 51.533195744518522 ], [ 0.070009921365849, 51.53406564401854 ] ], [ [ 0.068878326769257, 51.530189596147189 ], [ 0.068512460109649, 51.530194734181954 ], [ 0.068531063562027, 51.530130523497469 ], [ 0.068878326769257, 51.530189596147189 ] ] ], [ [ [ 0.06810358216727, 51.532786871547714 ], [ 0.068155386641701, 51.532784609234383 ], [ 0.068267765074627, 51.532622446468082 ], [ 0.06810358216727, 51.532786871547714 ] ] ], [ [ [ 0.067977881480442, 51.532765257033823 ], [ 0.068043308999661, 51.532681819993734 ], [ 0.067795105072305, 51.532709127288797 ], [ 0.067977881480442, 51.532765257033823 ] ] ], [ [ [ 0.06803390118512, 51.532830545807109 ], [ 0.067497492977438, 51.532753401943189 ], [ 0.068042770493635, 51.532867169708958 ], [ 0.06803390118512, 51.532830545807109 ] ] ], [ [ [ 0.067370810155736, 51.532729196199853 ], [ 0.067625335758411, 51.533430009789377 ], [ 0.067658288937851, 51.53340946504391 ], [ 0.067370810155736, 51.532729196199853 ] ] ], [ [ [ 0.068078498153679, 51.532879219542266 ], [ 0.06790361080145, 51.533340752383438 ], [ 0.068221628695513, 51.532881372098508 ], [ 0.068078498153679, 51.532879219542266 ] ] ], [ [ [ 0.06742549879845, 51.533589286314772 ], [ 0.067022903360407, 51.533296024420267 ], [ 0.066868730041036, 51.533409801417129 ], [ 0.06742549879845, 51.533589286314772 ] ] ], [ [ [ 0.068080190338996, 51.534067806730597 ], [ 0.069210655175081, 51.533146390665252 ], [ 0.068539302702079, 51.532952028651522 ], [ 0.068080190338996, 51.534067806730597 ] ] ], [ [ [ 0.067515086063293, 51.53364121399791 ], [ 0.067470160165091, 51.533715746262416 ], [ 0.067502576818553, 51.533715174882424 ], [ 0.067599339229474, 51.533575430862577 ], [ 0.067515086063293, 51.53364121399791 ] ] ], [ [ [ 0.066721670473895, 51.533616977254198 ], [ 0.066761799952314, 51.533707096753076 ], [ 0.066808534083913, 51.533640626362711 ], [ 0.066721670473895, 51.533616977254198 ] ] ], [ [ [ 0.067356556002699, 51.533865679008606 ], [ 0.067431620374682, 51.533819841959506 ], [ 0.066801929119356, 51.533717630584889 ], [ 0.067356556002699, 51.533865679008606 ] ] ], [ [ [ 0.066610815483387, 51.533859485939679 ], [ 0.067243274303471, 51.533863628814636 ], [ 0.066584532003029, 51.533820381006358 ], [ 0.066610815483387, 51.533859485939679 ] ] ], [ [ [ 0.065679964452212, 51.533809336374027 ], [ 0.066349164645312, 51.534083518162859 ], [ 0.067302202864533, 51.53266610736982 ], [ 0.067287982308663, 51.53262274325234 ], [ 0.065679964452212, 51.533809336374027 ] ] ], [ [ [ 0.067308948461483, 51.533992416304457 ], [ 0.067175737988464, 51.534123360043075 ], [ 0.067215440129702, 51.534124458895008 ], [ 0.067308948461483, 51.533992416304457 ] ] ], [ [ [ 0.066439073405795, 51.534031125344256 ], [ 0.066482601108462, 51.53411668870045 ], [ 0.066525896970795, 51.534053876097509 ], [ 0.066439073405795, 51.534031125344256 ] ] ], [ [ [ 0.066564524590923, 51.53406308755639 ], [ 0.067128459885047, 51.534289209823342 ], [ 0.067164978702598, 51.534235958778979 ], [ 0.066564524590923, 51.53406308755639 ] ] ], [ [ [ 0.065609334069726, 51.536405431419496 ], [ 0.064780651059974, 51.534232990618399 ], [ 0.063648630346492, 51.536126995710674 ], [ 0.065609334069726, 51.536405431419496 ] ] ], [ [ [ 0.068239218242492, 51.536987682050601 ], [ 0.067067090407166, 51.535989916963395 ], [ 0.063610768386902, 51.539131230460377 ], [ 0.066417496709965, 51.53985035609756 ], [ 0.068239218242492, 51.536987682050601 ] ] ], [ [ [ 0.064063189793179, 51.539712293541889 ], [ 0.063838737035355, 51.539819224716027 ], [ 0.063905592572823, 51.54097809365873 ], [ 0.063227016120619, 51.540992728732661 ], [ 0.063570550715935, 51.541285577686274 ], [ 0.065636164582427, 51.541090166887948 ], [ 0.062986173906107, 51.542905668117591 ], [ 0.067694658907968, 51.543883441343851 ], [ 0.066386707347216, 51.539958253585709 ], [ 0.064063189793179, 51.539712293541889 ] ] ], [ [ [ 0.06380494255283, 51.540203793046366 ], [ 0.063223042726375, 51.539868709088701 ], [ 0.063244038477827, 51.540221303929734 ], [ 0.06380494255283, 51.540203793046366 ] ] ], [ [ [ 0.063161719728618, 51.539836064985273 ], [ 0.062865154886937, 51.54032553846173 ], [ 0.063184244652064, 51.540318128056697 ], [ 0.063161719728618, 51.539836064985273 ] ] ], [ [ [ 0.065222946262419, 51.545420690367934 ], [ 0.068078349384909, 51.54585356447577 ], [ 0.067950078188512, 51.544478321526185 ], [ 0.065222946262419, 51.545420690367934 ] ] ], [ [ [ 0.063699380155678, 51.549488376085542 ], [ 0.067489804644962, 51.551695441666475 ], [ 0.068300087410256, 51.546106127393777 ], [ 0.063699380155678, 51.549488376085542 ] ], [ [ 0.067655227528149, 51.549681307037247 ], [ 0.067623128452051, 51.549895899268471 ], [ 0.067637505082156, 51.549799423891393 ], [ 0.067655227528149, 51.549681307037247 ] ], [ [ 0.067910071702755, 51.547842302013152 ], [ 0.067910132822719, 51.547843649842591 ], [ 0.067898769416141, 51.547927032740624 ], [ 0.067910071702755, 51.547842302013152 ] ], [ [ 0.06728752509355, 51.547090692443213 ], [ 0.067868685480399, 51.547120467082877 ], [ 0.067567986507614, 51.547105084011832 ], [ 0.06728752509355, 51.547090692443213 ] ] ], [ [ [ 0.067757871809382, 51.553264903715551 ], [ 0.070500270594731, 51.553078446743584 ], [ 0.069849289168692, 51.543917833591223 ], [ 0.068326868274371, 51.544389878212669 ], [ 0.068686255715259, 51.547465721549592 ], [ 0.067757871809382, 51.553264903715551 ] ] ], [ [ [ 0.051820103489231, 51.55441386192043 ], [ 0.046725448773627, 51.553105391837377 ], [ 0.044641249780787, 51.557404261417922 ], [ 0.048946729943501, 51.555348510357433 ], [ 0.050582122166948, 51.554696294748673 ], [ 0.051820103489231, 51.55441386192043 ] ] ], [ [ [ 0.064150923456746, 51.557710119031945 ], [ 0.06550890186123, 51.557273392729599 ], [ 0.065904831012264, 51.556841997557164 ], [ 0.064150923456746, 51.557710119031945 ] ] ], [ [ [ 0.061925034971774, 51.606240612499526 ], [ 0.061574729858906, 51.606826983856479 ], [ 0.062481466083749, 51.606978808209902 ], [ 0.061925034971774, 51.606240612499526 ] ] ], [ [ [ 0.032323229522973, 51.617808068633202 ], [ 0.037451392665198, 51.618324375156817 ], [ 0.037517463822327, 51.617924790509242 ], [ 0.032323229522973, 51.617808068633202 ] ] ], [ [ [ 0.113082283260821, 51.344812065473278 ], [ 0.134130057070884, 51.41387991423219 ], [ 0.139167371724498, 51.411592253124425 ], [ 0.145536959211145, 51.409415353654097 ], [ 0.148683566385089, 51.408533588503538 ], [ 0.152839740750185, 51.406274076696803 ], [ 0.162322147773374, 51.392480429185248 ], [ 0.113082283260821, 51.344812065473278 ] ], [ [ 0.153622302684063, 51.401388263625407 ], [ 0.152990126906264, 51.40168892652575 ], [ 0.152926070946398, 51.401447822684602 ], [ 0.153622302684063, 51.401388263625407 ] ], [ [ 0.150439797615936, 51.401978295048657 ], [ 0.149727879644645, 51.401648455639567 ], [ 0.150462323961674, 51.401722929656401 ], [ 0.150439797615936, 51.401978295048657 ] ], [ [ 0.142649890418134, 51.410264439106207 ], [ 0.143384343703879, 51.409607737759963 ], [ 0.143413265413493, 51.409851008788792 ], [ 0.142649890418134, 51.410264439106207 ] ] ], [ [ [ 0.111345068250605, 51.414406866348877 ], [ 0.087309616812033, 51.395032393733224 ], [ 0.054724719184209, 51.391116044380325 ], [ 0.074497631001515, 51.432090965150344 ], [ 0.115340168271568, 51.417115118694447 ], [ 0.111345068250605, 51.414406866348877 ] ], [ [ 0.074923187591546, 51.431034292112301 ], [ 0.074939182643289, 51.431075747118562 ], [ 0.074904795556782, 51.430992987279545 ], [ 0.074923187591546, 51.431034292112301 ] ], [ [ 0.106959101599952, 51.41439627635593 ], [ 0.093080641869429, 51.421308828154743 ], [ 0.095149938005133, 51.420055986346576 ], [ 0.098538183883624, 51.418207016048662 ], [ 0.10011141698533, 51.4173953007693 ], [ 0.10214612878625, 51.416441565927656 ], [ 0.103098894117407, 51.415782366790161 ], [ 0.103331826014476, 51.415675279916499 ], [ 0.104951959680077, 51.41503475868133 ], [ 0.106959101599952, 51.41439627635593 ] ], [ [ 0.089182938006148, 51.414067967947446 ], [ 0.08917999717711, 51.414067119287893 ], [ 0.089182801607584, 51.414067657425683 ], [ 0.089182938006148, 51.414067967947446 ] ], [ [ 0.085638150795388, 51.414733497917418 ], [ 0.085639009605164, 51.414734735344958 ], [ 0.085637796878157, 51.414734506027095 ], [ 0.085638150795388, 51.414733497917418 ] ], [ [ 0.094218783914601, 51.417254286514051 ], [ 0.097209015002729, 51.418213801079609 ], [ 0.093021816113255, 51.417934738391835 ], [ 0.094218783914601, 51.417254286514051 ] ], [ [ 0.069250402891014, 51.410856939224068 ], [ 0.071831835554013, 51.409456629502685 ], [ 0.071403106858881, 51.411593016769828 ], [ 0.069250402891014, 51.410856939224068 ] ], [ [ 0.090387075652908, 51.416528288313252 ], [ 0.0899512915217, 51.418001653808055 ], [ 0.083716702842948, 51.415593912313646 ], [ 0.088853415921773, 51.414244875129434 ], [ 0.091419382710907, 51.416026824141291 ], [ 0.090387075652908, 51.416528288313252 ] ], [ [ 0.091288078159409, 51.416908896162433 ], [ 0.091292735520902, 51.416911646714489 ], [ 0.091289097498289, 51.416910085719948 ], [ 0.091288078159409, 51.416908896162433 ] ] ], [ [ [ 0.159457816178505, 51.452033737815853 ], [ 0.180777628936276, 51.443834055177895 ], [ 0.152932409937216, 51.408708445636307 ], [ 0.112306506353102, 51.422033351428432 ], [ 0.112588200958218, 51.424114397049884 ], [ 0.113269557829852, 51.423758411160208 ], [ 0.113888360516705, 51.425157377473433 ], [ 0.117332002751017, 51.428422219729782 ], [ 0.119367309402069, 51.429989063808847 ], [ 0.131809992980006, 51.430943155074466 ], [ 0.131781749947495, 51.436005428713429 ], [ 0.153947932009729, 51.437711289651283 ], [ 0.152082147334267, 51.452923434886131 ], [ 0.159457816178505, 51.452033737815853 ] ], [ [ 0.158994263034025, 51.452078086489429 ], [ 0.158989545980466, 51.452078672042539 ], [ 0.158991952567124, 51.452078290817241 ], [ 0.158994263034025, 51.452078086489429 ] ], [ [ 0.14868883321374, 51.436248557917203 ], [ 0.148718324904516, 51.436262803661073 ], [ 0.148727123902719, 51.436267135230921 ], [ 0.14868883321374, 51.436248557917203 ] ], [ [ 0.117859382993098, 51.428794998806268 ], [ 0.117855521135676, 51.428792720369522 ], [ 0.117846143622443, 51.428785587091966 ], [ 0.117859382993098, 51.428794998806268 ] ], [ [ 0.122117553746686, 51.420658478939274 ], [ 0.122159904820746, 51.420698011347682 ], [ 0.122155175190761, 51.420693849158631 ], [ 0.122117553746686, 51.420658478939274 ] ], [ [ 0.154372752494091, 51.418184963880783 ], [ 0.154377394089194, 51.418191140280847 ], [ 0.154374978519365, 51.418188600253934 ], [ 0.154372752494091, 51.418184963880783 ] ], [ [ 0.151963649666845, 51.417708760086398 ], [ 0.151966687769128, 51.417708976892911 ], [ 0.151965785860576, 51.41770898417581 ], [ 0.151963649666845, 51.417708760086398 ] ], [ [ 0.153408854804341, 51.410799610868175 ], [ 0.153441781652785, 51.410878197392911 ], [ 0.153388126179185, 51.410743538547152 ], [ 0.153408854804341, 51.410799610868175 ] ] ], [ [ [ 0.108447422944289, 51.434845056811234 ], [ 0.1095278977034, 51.442920461327816 ], [ 0.117776764038082, 51.44005757909742 ], [ 0.108447422944289, 51.434845056811234 ] ] ], [ [ [ 0.070803618374275, 51.440041963855826 ], [ 0.075404753189707, 51.451694668182604 ], [ 0.081636495513776, 51.445419818101229 ], [ 0.070803618374275, 51.440041963855826 ] ] ], [ [ [ 0.164377215253164, 51.452181397313744 ], [ 0.168277716386486, 51.452447931208027 ], [ 0.168249543422549, 51.4523170911854 ], [ 0.164377215253164, 51.452181397313744 ] ] ], [ [ [ 0.169225211737466, 51.454386726951896 ], [ 0.172972200670201, 51.453397501678836 ], [ 0.166475229700935, 51.453855731841244 ], [ 0.169225211737466, 51.454386726951896 ] ] ], [ [ [ 0.197059933922409, 51.456102840615074 ], [ 0.200233918078147, 51.452596438016784 ], [ 0.199721431005177, 51.452714861560075 ], [ 0.199136706806947, 51.452138558525142 ], [ 0.196893818358412, 51.451741702331205 ], [ 0.195845825781648, 51.452369267249004 ], [ 0.194948458220133, 51.451815890047861 ], [ 0.19301997922271, 51.451701771326675 ], [ 0.191880676490578, 51.450919523573695 ], [ 0.197059933922409, 51.456102840615074 ] ], [ [ 0.19499959751263, 51.451968921565829 ], [ 0.194999626258737, 51.451965047725011 ], [ 0.195000803950065, 51.451959858905042 ], [ 0.19499959751263, 51.451968921565829 ] ], [ [ 0.198297071273827, 51.452013850258304 ], [ 0.198270951858622, 51.452006287878746 ], [ 0.198270217935026, 51.45200569336783 ], [ 0.198297071273827, 51.452013850258304 ] ] ], [ [ [ 0.06484207826772, 51.456861550791714 ], [ 0.075252848333627, 51.456366552947053 ], [ 0.077995692939515, 51.451426672573042 ], [ 0.06484207826772, 51.456861550791714 ] ] ], [ [ [ 0.112480395937614, 51.45115691087571 ], [ 0.123645565587093, 51.459671313770563 ], [ 0.122762720190455, 51.451871583377908 ], [ 0.112480395937614, 51.45115691087571 ] ] ], [ [ [ 0.170457498186358, 51.454409806984451 ], [ 0.17107684794721, 51.45711668846586 ], [ 0.172587074941614, 51.455631969590762 ], [ 0.170457498186358, 51.454409806984451 ] ] ], [ [ [ 0.172721389246265, 51.45628770086639 ], [ 0.175140049249831, 51.455286163382077 ], [ 0.17468781667454, 51.454425833860583 ], [ 0.172721389246265, 51.45628770086639 ] ] ], [ [ [ 0.169680003612988, 51.458281043442234 ], [ 0.165013441663253, 51.453792435744887 ], [ 0.157240942940579, 51.45805733545923 ], [ 0.169680003612988, 51.458281043442234 ] ] ], [ [ [ 0.079622740939636, 51.455552568099058 ], [ 0.080337766329314, 51.457582517646138 ], [ 0.08538263364107, 51.456349542055719 ], [ 0.079622740939636, 51.455552568099058 ] ] ], [ [ [ 0.07877181244096, 51.458247502237384 ], [ 0.079569799869857, 51.45846749618503 ], [ 0.08126774774128, 51.457648514639814 ], [ 0.07877181244096, 51.458247502237384 ] ] ], [ [ [ 0.175075274429624, 51.456148949115274 ], [ 0.184027702193162, 51.46320471521495 ], [ 0.190286673511096, 51.456258226069167 ], [ 0.175075274429624, 51.456148949115274 ] ] ], [ [ [ 0.064861104167651, 51.458202517801659 ], [ 0.070774066025231, 51.462593403363378 ], [ 0.078228844600666, 51.459325476013085 ], [ 0.064861104167651, 51.458202517801659 ] ] ], [ [ [ 0.179411497103319, 51.461398590985915 ], [ 0.166824222493871, 51.459092659872368 ], [ 0.166433653872937, 51.463275535268004 ], [ 0.179411497103319, 51.461398590985915 ] ] ], [ [ [ 0.07865883457888, 51.459292477006791 ], [ 0.082283802476225, 51.461458419657696 ], [ 0.082957755496258, 51.459835458484513 ], [ 0.07865883457888, 51.459292477006791 ] ] ], [ [ [ 0.093042030880595, 51.472214265695875 ], [ 0.085058031010803, 51.466230292933673 ], [ 0.070482208023894, 51.469444236294017 ], [ 0.076297164614012, 51.473379133313337 ], [ 0.075530268288319, 51.477798026631049 ], [ 0.085374949280135, 51.472090155341405 ], [ 0.093042030880595, 51.472214265695875 ] ], [ [ 0.084828347064002, 51.468669947949998 ], [ 0.087043052212108, 51.469967036569692 ], [ 0.084143660612645, 51.467756073203631 ], [ 0.084828347064002, 51.468669947949998 ] ], [ [ 0.087060040355357, 51.469966872143495 ], [ 0.08979687949314, 51.47083278727974 ], [ 0.091213300812306, 51.471737666470908 ], [ 0.087060040355357, 51.469966872143495 ] ] ], [ [ [ 0.212791267110521, 51.482397399936616 ], [ 0.218102766433665, 51.480275814392819 ], [ 0.210612972920775, 51.462481325788126 ], [ 0.200953650978717, 51.458129649578005 ], [ 0.196809391094738, 51.479561972092931 ], [ 0.201756159141166, 51.480088428562802 ], [ 0.202251526121419, 51.48059392075114 ], [ 0.204718679878996, 51.480890199117489 ], [ 0.205522705295943, 51.480420017408328 ], [ 0.206359712358555, 51.481317988634672 ], [ 0.210414729110621, 51.482517767935711 ], [ 0.212791267110521, 51.482397399936616 ] ], [ [ 0.215798772782834, 51.480568211104426 ], [ 0.207425381983469, 51.474939688534064 ], [ 0.210616815015261, 51.473722080552577 ], [ 0.215798772782834, 51.480568211104426 ] ], [ [ 0.207161824363951, 51.481351833282453 ], [ 0.207163644350703, 51.48135277090924 ], [ 0.207163806047447, 51.48135294881218 ], [ 0.207161824363951, 51.481351833282453 ] ], [ [ 0.20484012851215, 51.480778433405746 ], [ 0.204840365667384, 51.48077851396657 ], [ 0.20483971169383, 51.480778681242235 ], [ 0.20484012851215, 51.480778433405746 ] ], [ [ 0.203348789494883, 51.480682421574606 ], [ 0.20334953958816, 51.480682417658421 ], [ 0.203346433213897, 51.480683072776024 ], [ 0.203348789494883, 51.480682421574606 ] ] ], [ [ [ 0.069983214125973, 51.46921124179547 ], [ 0.070123254373594, 51.471377188687477 ], [ 0.071756211194391, 51.470965197765025 ], [ 0.069983214125973, 51.46921124179547 ] ] ], [ [ [ 0.098088787706349, 51.475172050094201 ], [ 0.103276667839324, 51.476844019865268 ], [ 0.11156903801387, 51.472740411934417 ], [ 0.101010091942321, 51.468510340033362 ], [ 0.098088787706349, 51.475172050094201 ] ], [ [ 0.102496480044488, 51.474906826088251 ], [ 0.102110647559485, 51.474589075999354 ], [ 0.101979214341835, 51.474465551103968 ], [ 0.102496480044488, 51.474906826088251 ] ] ], [ [ [ 0.09424785813106, 51.476799030901745 ], [ 0.09681575990471, 51.474628080968749 ], [ 0.093788858688469, 51.476365042040342 ], [ 0.09424785813106, 51.476799030901745 ] ] ], [ [ [ 0.080763114549464, 51.475552075543675 ], [ 0.079854190926217, 51.478404007366628 ], [ 0.082764103043236, 51.477085036336611 ], [ 0.080763114549464, 51.475552075543675 ] ] ], [ [ [ 0.098873809330603, 51.479222966501169 ], [ 0.096093812806741, 51.476479036677603 ], [ 0.09416286742962, 51.477194021808081 ], [ 0.098873809330603, 51.479222966501169 ] ] ], [ [ [ 0.123203287008814, 51.478845948640249 ], [ 0.122878269638688, 51.477673977797814 ], [ 0.121627307753601, 51.478249964866002 ], [ 0.123203287008814, 51.478845948640249 ] ] ], [ [ [ 0.118348391722211, 51.478943952449626 ], [ 0.101823792561257, 51.481501908146775 ], [ 0.101792813086396, 51.482460884860082 ], [ 0.118348391722211, 51.478943952449626 ] ] ], [ [ [ 0.098215823238973, 51.479251966989324 ], [ 0.09527090552259, 51.480241945994052 ], [ 0.098400823019161, 51.479398963305883 ], [ 0.098215823238973, 51.479251966989324 ] ] ], [ [ [ 0.122265355515294, 51.481255890981743 ], [ 0.118379393264978, 51.479030949576938 ], [ 0.115246512713009, 51.481666889644245 ], [ 0.122265355515294, 51.481255890981743 ] ] ], [ [ [ 0.093599936989457, 51.480083951884211 ], [ 0.091641991513262, 51.480719938675854 ], [ 0.094916914927119, 51.480326944584007 ], [ 0.093599936989457, 51.480083951884211 ] ] ], [ [ [ 0.087328063021672, 51.479826964807735 ], [ 0.086618108429126, 51.481315929335544 ], [ 0.090274034233345, 51.481477921593189 ], [ 0.087328063021672, 51.479826964807735 ] ] ], [ [ [ 0.080507227894935, 51.480950944678142 ], [ 0.084690127602094, 51.480279956557141 ], [ 0.08045022800213, 51.480895946152508 ], [ 0.080507227894935, 51.480950944678142 ] ] ], [ [ [ 0.098308828110113, 51.479563959382261 ], [ 0.094069938264968, 51.480659937002436 ], [ 0.090691014734638, 51.480910934910078 ], [ 0.09876887658243, 51.482461888483961 ], [ 0.100008874718311, 51.483662858086966 ], [ 0.100942848190186, 51.483341864871434 ], [ 0.098308828110113, 51.479563959382261 ] ] ], [ [ [ 0.080979222455078, 51.481146939925921 ], [ 0.082681208665557, 51.482254910715703 ], [ 0.083571177409245, 51.481602925748199 ], [ 0.080979222455078, 51.481146939925921 ] ] ], [ [ [ 0.073455390226616, 51.481794932369453 ], [ 0.078470323218416, 51.483599883320579 ], [ 0.082638211734222, 51.482400907602603 ], [ 0.073455390226616, 51.481794932369453 ] ] ], [ [ [ 0.094266964816676, 51.482184900314934 ], [ 0.091707062658543, 51.484359849812819 ], [ 0.095975938416234, 51.482617887658257 ], [ 0.094266964816676, 51.482184900314934 ] ] ], [ [ [ 0.097884898341384, 51.482588886445953 ], [ 0.098711891011002, 51.483134872364381 ], [ 0.098901886809871, 51.483066873922894 ], [ 0.098626881681033, 51.482579885658019 ], [ 0.097884898341384, 51.482588886445953 ] ] ], [ [ [ 0.096977933729811, 51.483435866818667 ], [ 0.096169932742753, 51.482562888764576 ], [ 0.096243949239494, 51.483423867768472 ], [ 0.096977933729811, 51.483435866818667 ] ] ], [ [ [ 0.122220359899245, 51.481418887396131 ], [ 0.1103266563727, 51.483583848586669 ], [ 0.121495491935941, 51.487104750280423 ], [ 0.122220359899245, 51.481418887396131 ] ] ], [ [ [ 0.134640175706834, 51.482275756115193 ], [ 0.128139052242432, 51.489998136078896 ], [ 0.121564273278358, 51.500690470669248 ], [ 0.127922510231787, 51.503584621250823 ], [ 0.153011807533608, 51.497084923805303 ], [ 0.134640175706834, 51.482275756115193 ] ], [ [ 0.133247475301022, 51.501220357157756 ], [ 0.136061309587974, 51.497667741536134 ], [ 0.137888327467328, 51.499478273896976 ], [ 0.133247475301022, 51.501220357157756 ] ], [ [ 0.137123710243584, 51.497269991058516 ], [ 0.145940787944951, 51.496415419805061 ], [ 0.136566355915452, 51.497605413857876 ], [ 0.137123710243584, 51.497269991058516 ] ], [ [ 0.12432689461095, 51.49934383869261 ], [ 0.127708447987777, 51.497530260377879 ], [ 0.127819181516219, 51.499279134370717 ], [ 0.12432689461095, 51.49934383869261 ] ] ], [ [ [ 0.13712017267798, 51.509916424608569 ], [ 0.132108693591774, 51.504862817714617 ], [ 0.154433615151238, 51.498436679115756 ], [ 0.132047200317298, 51.504099485696884 ], [ 0.128800645761376, 51.50396848901422 ], [ 0.120979751201074, 51.501935313754927 ], [ 0.120666930869695, 51.509324824624564 ], [ 0.124059744628605, 51.508054762657736 ], [ 0.126247474722096, 51.510111398834773 ], [ 0.120234012072999, 51.51145070576478 ], [ 0.125072319328675, 51.51299746199544 ], [ 0.128549272890354, 51.513272520097694 ], [ 0.132248793046832, 51.51226236873017 ], [ 0.13712017267798, 51.509916424608569 ] ], [ [ 0.122935692095321, 51.511943367860177 ], [ 0.12295652991637, 51.511913521000928 ], [ 0.122956634120967, 51.51191339185619 ], [ 0.122935692095321, 51.511943367860177 ] ], [ [ 0.125814154378497, 51.509366961734791 ], [ 0.127770707525177, 51.505669563509521 ], [ 0.133486814509575, 51.511645795080213 ], [ 0.125074197705905, 51.512625332837551 ], [ 0.129351764883122, 51.509997335877195 ], [ 0.125814154378497, 51.509366961734791 ] ], [ [ 0.125824059202827, 51.505841075276024 ], [ 0.125554487362474, 51.505799451553237 ], [ 0.125544351243944, 51.505797887419291 ], [ 0.125824059202827, 51.505841075276024 ] ], [ [ 0.125066330260659, 51.512648409130001 ], [ 0.125063582314205, 51.512656469085812 ], [ 0.125074197705905, 51.512625332837551 ], [ 0.125066330260659, 51.512648409130001 ] ], [ [ 0.133491066761759, 51.511649600415204 ], [ 0.133486888900653, 51.511646327538493 ], [ 0.133487188280769, 51.511646129567573 ], [ 0.133491066761759, 51.511649600415204 ] ], [ [ 0.125178298252976, 51.505892245450774 ], [ 0.125173518251117, 51.505893048387222 ], [ 0.125177822865515, 51.505892325152338 ], [ 0.125178298252976, 51.505892245450774 ] ], [ [ 0.125281388655411, 51.505870939666195 ], [ 0.125283265316954, 51.505870405658094 ], [ 0.125315874161758, 51.505861133399094 ], [ 0.125281388655411, 51.505870939666195 ] ], [ [ 0.12540498344467, 51.505836212970522 ], [ 0.12535572163114, 51.505850339151991 ], [ 0.125341498605229, 51.505854373924969 ], [ 0.12540498344467, 51.505836212970522 ] ], [ [ 0.125420426382739, 51.50583180972076 ], [ 0.125420356149472, 51.505831825792683 ], [ 0.12542321696016, 51.505831022869401 ], [ 0.125420426382739, 51.50583180972076 ] ], [ [ 0.125511273007404, 51.505807125234554 ], [ 0.125511037648798, 51.505806374864441 ], [ 0.12554249145947, 51.50579836124443 ], [ 0.125511273007404, 51.505807125234554 ] ], [ [ 0.124980587863435, 51.512767207378126 ], [ 0.1249727168249, 51.512777708158531 ], [ 0.125015738703279, 51.512720305368084 ], [ 0.124980587863435, 51.512767207378126 ] ], [ [ 0.124905971100962, 51.512754665474993 ], [ 0.124889448387949, 51.512749154840989 ], [ 0.124869966859145, 51.512742656825836 ], [ 0.124905971100962, 51.512754665474993 ] ], [ [ 0.124853918349086, 51.512737304097463 ], [ 0.124724983927417, 51.51269430059952 ], [ 0.124718096544137, 51.512692002868469 ], [ 0.124853918349086, 51.512737304097463 ] ], [ [ 0.12420306364566, 51.512513220587827 ], [ 0.124114586776705, 51.512482646098171 ], [ 0.124357813381649, 51.512566694868866 ], [ 0.12420306364566, 51.512513220587827 ] ], [ [ 0.124114586776705, 51.512482646098171 ], [ 0.123882055170471, 51.512403509793486 ], [ 0.123533084304602, 51.512284742588719 ], [ 0.124114586776705, 51.512482646098171 ] ], [ [ 0.123524648135989, 51.512281871496235 ], [ 0.123476676923789, 51.512265553158258 ], [ 0.123437493309395, 51.512252209978229 ], [ 0.123524648135989, 51.512281871496235 ] ], [ [ 0.123042637927946, 51.512128095909929 ], [ 0.123004810769636, 51.512063439928994 ], [ 0.123004808919193, 51.512063436718712 ], [ 0.123042637927946, 51.512128095909929 ] ] ], [ [ [ 0.09203354931063, 51.509018259204943 ], [ 0.095343336990903, 51.501795427496546 ], [ 0.087724543722693, 51.504254377186854 ], [ 0.09203354931063, 51.509018259204943 ] ] ], [ [ [ 0.127359165937343, 51.507060140548141 ], [ 0.127619076396813, 51.507497780619133 ], [ 0.127820106780963, 51.506885588907984 ], [ 0.127359165937343, 51.507060140548141 ] ] ], [ [ [ 0.129116814113805, 51.509135260820116 ], [ 0.129406261179839, 51.509254109044115 ], [ 0.129798960604587, 51.508820702062962 ], [ 0.129116814113805, 51.509135260820116 ] ] ], [ [ [ 0.125204136316827, 51.509451315789377 ], [ 0.12520404379036, 51.509451222979052 ], [ 0.125197679226557, 51.509453845150631 ], [ 0.125204136316827, 51.509451315789377 ] ] ], [ [ [ 0.086116926447475, 51.516641962953315 ], [ 0.088003025151919, 51.513654770601399 ], [ 0.083307194081059, 51.511544891590752 ], [ 0.083653629227273, 51.510972641276766 ], [ 0.080999673043361, 51.508615995012512 ], [ 0.080079819419051, 51.508464149295172 ], [ 0.086116926447475, 51.516641962953315 ] ] ], [ [ [ 0.095065589809152, 51.515370037650023 ], [ 0.095042946356258, 51.515237798489871 ], [ 0.094332312019455, 51.515110653221157 ], [ 0.095065589809152, 51.515370037650023 ] ] ], [ [ [ 0.095585078267022, 51.515461925168111 ], [ 0.095273992370879, 51.515310109580568 ], [ 0.09516354123184, 51.515384474811277 ], [ 0.095439663855242, 51.515449685323809 ], [ 0.095536833624941, 51.515462787222184 ], [ 0.095585078267022, 51.515461925168111 ] ] ], [ [ [ 0.095294022706134, 51.515432503315495 ], [ 0.095003013929837, 51.515676442750753 ], [ 0.094974648124397, 51.515728226352309 ], [ 0.095294022706134, 51.515432503315495 ] ] ], [ [ [ 0.094484264113636, 51.515735461846695 ], [ 0.094577507234427, 51.516810857499202 ], [ 0.096281488142288, 51.515451727429145 ], [ 0.094681974504245, 51.516260431577237 ], [ 0.094484264113636, 51.515735461846695 ] ] ], [ [ [ 0.094082095811525, 51.518045421230681 ], [ 0.081935666778228, 51.526861900679954 ], [ 0.092035942699075, 51.525639019343444 ], [ 0.090672100610541, 51.523938524243455 ], [ 0.094420906434921, 51.520324887408243 ], [ 0.094082095811525, 51.518045421230681 ] ] ], [ [ [ 0.080495462266801, 51.523643866926406 ], [ 0.079775443916769, 51.523929018539313 ], [ 0.079575379681578, 51.524563030334185 ], [ 0.080495462266801, 51.523643866926406 ] ] ], [ [ [ 0.074198502524896, 51.525447733901892 ], [ 0.073485524870199, 51.524284358508154 ], [ 0.072327152935902, 51.524826140949223 ], [ 0.074198502524896, 51.525447733901892 ] ] ], [ [ [ 0.075887373242692, 51.525805814640286 ], [ 0.074917622665668, 51.525096998389245 ], [ 0.074598511832797, 51.524477498647755 ], [ 0.074634233495316, 51.525263339586061 ], [ 0.075887373242692, 51.525805814640286 ] ] ], [ [ [ 0.078747515455615, 51.526301095751798 ], [ 0.076814584848442, 51.524303065261705 ], [ 0.075950079262334, 51.525844107434501 ], [ 0.078747515455615, 51.526301095751798 ] ] ], [ [ [ 0.072699979593173, 51.525861542768553 ], [ 0.074057504509653, 51.525612546450951 ], [ 0.072328139031781, 51.525038352395619 ], [ 0.072699979593173, 51.525861542768553 ] ] ], [ [ [ 0.070981144844961, 51.527139467581584 ], [ 0.068609675874063, 51.523945187837676 ], [ 0.069271760722029, 51.525718658491478 ], [ 0.066292961760523, 51.527827813425219 ], [ 0.070981144844961, 51.527139467581584 ] ] ], [ [ [ 0.072597926850117, 51.528864854037359 ], [ 0.077945611697792, 51.529127338094376 ], [ 0.079913000767044, 51.527627547608603 ], [ 0.072597926850117, 51.528864854037359 ] ] ], [ [ [ 0.068843027201025, 51.530761128964762 ], [ 0.069560331582663, 51.530969375155117 ], [ 0.069608914223094, 51.530896126407981 ], [ 0.068809932810083, 51.530684503746095 ], [ 0.068648959965571, 51.530886531957236 ], [ 0.068843027201025, 51.530761128964762 ] ] ], [ [ [ 0.069302961775302, 51.531080479891592 ], [ 0.069370714506841, 51.531032522346884 ], [ 0.068743857683342, 51.530928473029469 ], [ 0.069302961775302, 51.531080479891592 ] ] ], [ [ [ 0.070059155445182, 51.531127388016742 ], [ 0.069702338486389, 51.530921456144554 ], [ 0.069645743779421, 51.531008785046268 ], [ 0.070059155445182, 51.531127388016742 ] ] ], [ [ [ 0.068568132908252, 51.531075455973038 ], [ 0.069151740962277, 51.531068309617922 ], [ 0.068530079791855, 51.531031163383545 ], [ 0.068568132908252, 51.531075455973038 ] ] ], [ [ [ 0.070047396692767, 51.531376694363225 ], [ 0.070160946268047, 51.531082876017855 ], [ 0.069974425934746, 51.531357298856499 ], [ 0.070047396692767, 51.531376694363225 ] ] ], [ [ [ 0.068665847328581, 51.531211321522257 ], [ 0.069160220773944, 51.531334794656985 ], [ 0.069255036358055, 51.531200029503452 ], [ 0.068665847328581, 51.531211321522257 ] ] ], [ [ [ 0.070212135538298, 51.531775762231113 ], [ 0.070237238369434, 51.531826937481085 ], [ 0.070263380054886, 51.531789785714437 ], [ 0.070212135538298, 51.531775762231113 ] ] ], [ [ [ 0.070218143794324, 51.531854162779183 ], [ 0.07011509671618, 51.531915513400499 ], [ 0.07010980827103, 51.531922890851753 ], [ 0.070218143794324, 51.531854162779183 ] ] ], [ [ [ 0.070006010256521, 51.53215520654188 ], [ 0.070102761084862, 51.531932817308466 ], [ 0.069955345753806, 51.532141262636259 ], [ 0.070006010256521, 51.53215520654188 ] ] ], [ [ [ 0.069948139067092, 51.532306586373416 ], [ 0.069936394951879, 51.532168485348031 ], [ 0.069858153171821, 51.532280836433891 ], [ 0.069948139067092, 51.532306586373416 ] ] ], [ [ [ 0.069795875893803, 51.532370064206155 ], [ 0.069931342479713, 51.532330443754837 ], [ 0.06984082510692, 51.532305692381883 ], [ 0.069795875893803, 51.532370064206155 ] ] ], [ [ [ 0.069788433048693, 51.53238080697043 ], [ 0.06977569935343, 51.532551444002436 ], [ 0.069878514259152, 51.532405476153848 ], [ 0.069788433048693, 51.53238080697043 ] ] ], [ [ [ 0.132559823031734, 51.547770718276425 ], [ 0.142835229158199, 51.544718806784651 ], [ 0.124112408885618, 51.545736037448314 ], [ 0.132559823031734, 51.547770718276425 ] ] ], [ [ [ 0.113435526475399, 51.54894865631568 ], [ 0.103998658652535, 51.541115631477425 ], [ 0.106681193922148, 51.551172654838119 ], [ 0.113435526475399, 51.54894865631568 ] ] ], [ [ [ 0.233607067293878, 51.588846580920269 ], [ 0.269851907926734, 51.599572507038644 ], [ 0.333995716983046, 51.540502421653564 ], [ 0.208433434581066, 51.489935408512117 ], [ 0.280382878678948, 51.566646576870916 ], [ 0.235983113959741, 51.564563937359118 ], [ 0.233607067293878, 51.588846580920269 ] ], [ [ 0.27710529460645, 51.544104935989274 ], [ 0.277130487692389, 51.542154323808774 ], [ 0.278316272587978, 51.542209284173701 ], [ 0.27710529460645, 51.544104935989274 ] ], [ [ 0.29419452481375, 51.562168525062184 ], [ 0.294102116911878, 51.560227871021667 ], [ 0.294554635759824, 51.560254632951477 ], [ 0.29419452481375, 51.562168525062184 ] ], [ [ 0.291614329490815, 51.562136535521162 ], [ 0.29069465903018, 51.563123321472737 ], [ 0.290869436446241, 51.562100111986645 ], [ 0.291614329490815, 51.562136535521162 ] ], [ [ 0.280413364457097, 51.56658968826725 ], [ 0.282017995448109, 51.566388788645313 ], [ 0.281887913117071, 51.567006888150182 ], [ 0.280232155692804, 51.566979548655183 ], [ 0.280413364457097, 51.56658968826725 ] ], [ [ 0.238303783462919, 51.582555910167187 ], [ 0.237962395962255, 51.582712648383236 ], [ 0.237701367169009, 51.582681124646825 ], [ 0.238303783462919, 51.582555910167187 ] ], [ [ 0.242976645172594, 51.576271112938585 ], [ 0.243797383669864, 51.576911416627858 ], [ 0.242917611950932, 51.576883948102903 ], [ 0.242976645172594, 51.576271112938585 ] ], [ [ 0.267592662430718, 51.575560217740616 ], [ 0.269021371829119, 51.575387782413301 ], [ 0.269199182758124, 51.575824431319937 ], [ 0.267592662430718, 51.575560217740616 ] ], [ [ 0.262027112288983, 51.586029477484537 ], [ 0.261166558408519, 51.586537320579517 ], [ 0.261599855664624, 51.585916758640799 ], [ 0.262027112288983, 51.586029477484537 ] ] ], [ [ [ 0.176936734986722, 51.52867396479261 ], [ 0.169566723779195, 51.530740847143775 ], [ 0.165992788916798, 51.526738529798052 ], [ 0.163520953091963, 51.526889369807883 ], [ 0.154244060875875, 51.536227438942049 ], [ 0.142148113048771, 51.590917388718822 ], [ 0.089471542384985, 51.57909300259692 ], [ 0.08541244715614, 51.599848120134034 ], [ 0.135783288098642, 51.623544750803219 ], [ 0.224060144427426, 51.631734458032547 ], [ 0.264077963270045, 51.608874794974398 ], [ 0.254136951752553, 51.602252650565291 ], [ 0.21343942896463, 51.617937908722588 ], [ 0.218701139354061, 51.614216702330232 ], [ 0.20447711639942, 51.608195367625932 ], [ 0.19986772447226, 51.597108628183371 ], [ 0.212930080962386, 51.592291870237048 ], [ 0.198820656558396, 51.58701302111939 ], [ 0.156186735071873, 51.610179058584009 ], [ 0.191332834404391, 51.553711400320267 ], [ 0.176936734986722, 51.52867396479261 ] ], [ [ 0.091414771065392, 51.597630522995388 ], [ 0.091033872115007, 51.596862272974533 ], [ 0.090710059580893, 51.595854048607698 ], [ 0.091414771065392, 51.597630522995388 ] ], [ [ 0.155644516059471, 51.565233240989741 ], [ 0.155814777884549, 51.565208210950047 ], [ 0.155474126212712, 51.565324266436392 ], [ 0.155644516059471, 51.565233240989741 ] ], [ [ 0.156195083346715, 51.565082835964333 ], [ 0.156280241193213, 51.565037655759134 ], [ 0.156328885682549, 51.565024575837768 ], [ 0.156195083346715, 51.565082835964333 ] ], [ [ 0.158418069393832, 51.563853110508425 ], [ 0.158473823995514, 51.563842192653283 ], [ 0.158323633563722, 51.563932345264355 ], [ 0.158418069393832, 51.563853110508425 ] ], [ [ 0.159461802329959, 51.563225090337944 ], [ 0.159268727725029, 51.563335435037075 ], [ 0.159489217031452, 51.563211942417169 ], [ 0.159461802329959, 51.563225090337944 ] ], [ [ 0.159670394841814, 51.563125050663238 ], [ 0.159797314612958, 51.563028266591338 ], [ 0.159819011038895, 51.563013432984754 ], [ 0.159670394841814, 51.563125050663238 ] ], [ [ 0.159974244601532, 51.562803786067128 ], [ 0.159904308282889, 51.562905144322372 ], [ 0.160015894378523, 51.562716070157649 ], [ 0.159974244601532, 51.562803786067128 ] ], [ [ 0.164448430819147, 51.526850733624279 ], [ 0.16444393450666, 51.527049478179201 ], [ 0.164419792816998, 51.526979351147411 ], [ 0.164448430819147, 51.526850733624279 ] ], [ [ 0.164916712249509, 51.527497427755186 ], [ 0.165701072440307, 51.528578563829072 ], [ 0.165434339612432, 51.528413871173179 ], [ 0.164916712249509, 51.527497427755186 ] ], [ [ 0.166072174414988, 51.528866574736263 ], [ 0.16591463237056, 51.528745634988496 ], [ 0.166103567114482, 51.52887260752447 ], [ 0.166072174414988, 51.528866574736263 ] ], [ [ 0.166455138589356, 51.529265079714115 ], [ 0.166430408213072, 51.529071376581186 ], [ 0.166509220200922, 51.529350973923897 ], [ 0.166455138589356, 51.529265079714115 ] ], [ [ 0.167426913446742, 51.529948501176975 ], [ 0.167344050710398, 51.529903787208028 ], [ 0.167123123307728, 51.52983004680366 ], [ 0.167426913446742, 51.529948501176975 ] ], [ [ 0.167685567384771, 51.530276367690398 ], [ 0.167511215554128, 51.530144854388375 ], [ 0.167463246722657, 51.529990358503575 ], [ 0.167685567384771, 51.530276367690398 ] ], [ [ 0.168011609944077, 51.530767977393516 ], [ 0.167928324151302, 51.530700098793872 ], [ 0.167890296432763, 51.530637514341642 ], [ 0.168011609944077, 51.530767977393516 ] ], [ [ 0.168628899646548, 51.531150185222472 ], [ 0.168587801662725, 51.53109123736629 ], [ 0.168536964281534, 51.530987158679217 ], [ 0.168628899646548, 51.531150185222472 ] ], [ [ 0.169586703788312, 51.531807639135593 ], [ 0.169293445807672, 51.531573695310669 ], [ 0.169169625480831, 51.531495569891227 ], [ 0.169240953774308, 51.531531050751454 ], [ 0.169586703788312, 51.531807639135593 ] ], [ [ 0.170480049655832, 51.532468288239258 ], [ 0.17023555378085, 51.532313466394982 ], [ 0.170097567775205, 51.532207098541349 ], [ 0.170480049655832, 51.532468288239258 ] ], [ [ 0.171033896673986, 51.532980995379873 ], [ 0.170918988413854, 51.532843538211267 ], [ 0.170791574954636, 51.532669701132313 ], [ 0.171033896673986, 51.532980995379873 ] ], [ [ 0.171696488766102, 51.533865123246812 ], [ 0.171928846192152, 51.534828995751823 ], [ 0.171147891618859, 51.533121032570051 ], [ 0.171696488766102, 51.533865123246812 ] ], [ [ 0.172098659909788, 51.535119375380383 ], [ 0.172097240999871, 51.535117910078718 ], [ 0.172102774934357, 51.53512251427766 ], [ 0.172098659909788, 51.535119375380383 ] ], [ [ 0.172517356090092, 51.535827118631254 ], [ 0.172365645855125, 51.535654002797585 ], [ 0.17227895701754, 51.535399635412631 ], [ 0.172517356090092, 51.535827118631254 ] ], [ [ 0.173179727636254, 51.536555592907767 ], [ 0.173048715490327, 51.536416984426083 ], [ 0.172916862038985, 51.536265328160866 ], [ 0.17311079553434, 51.536463946106402 ], [ 0.173179727636254, 51.536555592907767 ] ], [ [ 0.173604084919322, 51.537147064903365 ], [ 0.173261090168574, 51.536667547744344 ], [ 0.173217418390352, 51.536605701462378 ], [ 0.173604084919322, 51.537147064903365 ] ], [ [ 0.173968311710484, 51.537664340750233 ], [ 0.173920200088034, 51.537607949491196 ], [ 0.174066090437384, 51.537744622135179 ], [ 0.173968311710484, 51.537664340750233 ] ], [ [ 0.177932915042994, 51.539531004085198 ], [ 0.177894996464736, 51.539527397275691 ], [ 0.177947835221187, 51.539530438859174 ], [ 0.177932915042994, 51.539531004085198 ] ], [ [ 0.178297385258846, 51.539674720294677 ], [ 0.178170125130133, 51.539606186249252 ], [ 0.178081279299935, 51.539558590335986 ], [ 0.178177642048955, 51.539597503436049 ], [ 0.178297385258846, 51.539674720294677 ] ], [ [ 0.178904394175677, 51.540154602980408 ], [ 0.178787566501023, 51.540072950710801 ], [ 0.179014674893493, 51.540202691582088 ], [ 0.178904394175677, 51.540154602980408 ] ], [ [ 0.179259807762532, 51.540529688649265 ], [ 0.179244466339788, 51.54048102143598 ], [ 0.179241242292699, 51.540344437059673 ], [ 0.179259807762532, 51.540529688649265 ] ], [ [ 0.179679369374133, 51.541358288519383 ], [ 0.179650315681317, 51.541353882327826 ], [ 0.179331171140376, 51.540640861610591 ], [ 0.179650065451917, 51.541258112933583 ], [ 0.179679369374133, 51.541358288519383 ] ], [ [ 0.179695451974727, 51.541936231050293 ], [ 0.179683703030684, 51.541886538961577 ], [ 0.179701961814148, 51.541802865086318 ], [ 0.179695451974727, 51.541936231050293 ] ], [ [ 0.179654488390361, 51.542676164825899 ], [ 0.179613731891728, 51.542565002038408 ], [ 0.179604797235085, 51.54250280462027 ], [ 0.179654488390361, 51.542676164825899 ] ], [ [ 0.179829440229014, 51.543216682256848 ], [ 0.179797039096894, 51.543126347725007 ], [ 0.179798878996951, 51.542998881159477 ], [ 0.179829440229014, 51.543216682256848 ] ], [ [ 0.180000823765205, 51.543435965886708 ], [ 0.182323666969163, 51.54565537454112 ], [ 0.185245278629534, 51.547091662372338 ], [ 0.180000823765205, 51.543435965886708 ] ], [ [ 0.186615689375978, 51.548387515906242 ], [ 0.18721138778825, 51.549469942988452 ], [ 0.187440405645977, 51.550004345367029 ], [ 0.187462502677806, 51.55007407767593 ], [ 0.187483078197343, 51.550202291987922 ], [ 0.188372354176721, 51.550758551318324 ], [ 0.189049721530643, 51.551227031357357 ], [ 0.189105099136665, 51.551283997144928 ], [ 0.186615689375978, 51.548387515906242 ] ], [ [ 0.189175853641985, 51.551360469849421 ], [ 0.189169255822105, 51.551349993788271 ], [ 0.189186761236737, 51.551368001242963 ], [ 0.189175853641985, 51.551360469849421 ] ], [ [ 0.189663465841398, 51.551631946508003 ], [ 0.189642318348026, 51.551687197741252 ], [ 0.189578955758115, 51.551493262760452 ], [ 0.189663465841398, 51.551631946508003 ] ], [ [ 0.190050333933536, 51.552358542575021 ], [ 0.189994857059273, 51.552494920929007 ], [ 0.189968248809014, 51.552286333504746 ], [ 0.189845317839141, 51.55215958074298 ], [ 0.18971331300152, 51.551979040027106 ], [ 0.189681003909138, 51.551801891903445 ], [ 0.190050333933536, 51.552358542575021 ] ], [ [ 0.190175390730179, 51.552682227988477 ], [ 0.190178247033571, 51.552677459015321 ], [ 0.190179685053809, 51.55267897155084 ], [ 0.190175390730179, 51.552682227988477 ] ], [ [ 0.189665747056902, 51.553121122690762 ], [ 0.188504017375258, 51.553855433335855 ], [ 0.188647123149823, 51.553567742483665 ], [ 0.189187133783526, 51.55326270021947 ], [ 0.189642579354942, 51.55311930691785 ], [ 0.189905943813881, 51.552791097189989 ], [ 0.190109883178416, 51.552731903158595 ], [ 0.189665747056902, 51.553121122690762 ] ], [ [ 0.188448249707008, 51.553885393574589 ], [ 0.18755592330699, 51.554505484212797 ], [ 0.187902884003576, 51.554051052917842 ], [ 0.188448249707008, 51.553885393574589 ] ], [ [ 0.18751486944777, 51.554698131107777 ], [ 0.187518891560297, 51.55456031199077 ], [ 0.187583172034425, 51.554733096998667 ], [ 0.18751486944777, 51.554698131107777 ] ], [ [ 0.18766121692564, 51.554777744837487 ], [ 0.18759769731538, 51.554741022927963 ], [ 0.187659189484545, 51.554774577018009 ], [ 0.18766121692564, 51.554777744837487 ] ], [ [ 0.187367952658108, 51.555349255845627 ], [ 0.186940533336411, 51.55553618259983 ], [ 0.187681676033691, 51.554898296789439 ], [ 0.187367952658108, 51.555349255845627 ] ], [ [ 0.186826786423284, 51.555821091607029 ], [ 0.186830142874682, 51.555820167812314 ], [ 0.186829393063033, 51.555820630217696 ], [ 0.186826786423284, 51.555821091607029 ] ], [ [ 0.186297678036094, 51.556028870664449 ], [ 0.186463815441253, 51.555868361983954 ], [ 0.186677821272125, 51.555847459244305 ], [ 0.186297678036094, 51.556028870664449 ] ], [ [ 0.184744606633222, 51.556478532908116 ], [ 0.184727970111196, 51.556447467661577 ], [ 0.18473107708774, 51.556406941952545 ], [ 0.184866895547189, 51.556366192854554 ], [ 0.185838039077237, 51.556341357179015 ], [ 0.185975861490659, 51.556207043737608 ], [ 0.186257926052653, 51.55609421820354 ], [ 0.185870318530027, 51.556337608220332 ], [ 0.184744606633222, 51.556478532908116 ] ], [ [ 0.184892379090069, 51.556657086736976 ], [ 0.184762811982411, 51.556631162164948 ], [ 0.184942826143459, 51.556663578908839 ], [ 0.184892379090069, 51.556657086736976 ] ], [ [ 0.185015606328823, 51.556763857707843 ], [ 0.18474792500737, 51.55702938336411 ], [ 0.184863753503752, 51.556842423036997 ], [ 0.185015606328823, 51.556763857707843 ] ], [ [ 0.184675936500323, 51.557423711716808 ], [ 0.184415170709162, 51.557596733928705 ], [ 0.184825800914996, 51.557213490669668 ], [ 0.184675936500323, 51.557423711716808 ] ], [ [ 0.184436584529042, 51.558050968680845 ], [ 0.184397487317141, 51.55793519445966 ], [ 0.184433453315349, 51.55784710321889 ], [ 0.184436584529042, 51.558050968680845 ] ], [ [ 0.184550822856252, 51.558391359619293 ], [ 0.184553409335655, 51.558328875848176 ], [ 0.184567992708403, 51.5582905721499 ], [ 0.184550822856252, 51.558391359619293 ] ], [ [ 0.184765140064841, 51.558858752557768 ], [ 0.184570108999456, 51.558752577841076 ], [ 0.184564503097657, 51.55871086547144 ], [ 0.184765140064841, 51.558858752557768 ] ], [ [ 0.184812262782739, 51.55909387699797 ], [ 0.184805848817479, 51.559065635430144 ], [ 0.184808944691999, 51.559046588132119 ], [ 0.184812262782739, 51.55909387699797 ] ], [ [ 0.18472519485092, 51.559407753189099 ], [ 0.18472333112827, 51.559300536659663 ], [ 0.184820604550562, 51.559224132509449 ], [ 0.18472519485092, 51.559407753189099 ] ], [ [ 0.184689038934316, 51.559593442922797 ], [ 0.184703602146601, 51.559565251581795 ], [ 0.184710546329034, 51.559660077970491 ], [ 0.184689038934316, 51.559593442922797 ] ], [ [ 0.184762420120702, 51.559826802085688 ], [ 0.184757075860994, 51.55980890358974 ], [ 0.184754465172825, 51.559795934305903 ], [ 0.184762420120702, 51.559826802085688 ] ], [ [ 0.184551209735716, 51.560194483720458 ], [ 0.184640530390418, 51.560011164871732 ], [ 0.184709961257243, 51.559956179522615 ], [ 0.184551209735716, 51.560194483720458 ] ], [ [ 0.182852526159066, 51.561101556505506 ], [ 0.182744370781338, 51.561132795601061 ], [ 0.183571000328416, 51.560576799649226 ], [ 0.182852526159066, 51.561101556505506 ] ], [ [ 0.182692723596514, 51.561485376782699 ], [ 0.182648885925549, 51.561380374611211 ], [ 0.182713108850328, 51.561526503465494 ], [ 0.182692723596514, 51.561485376782699 ] ], [ [ 0.182399034864277, 51.561152259899714 ], [ 0.182336787155604, 51.561141286507016 ], [ 0.182634666088858, 51.561191941242043 ], [ 0.182399034864277, 51.561152259899714 ] ], [ [ 0.14967427984351, 51.570024262686715 ], [ 0.149658913347979, 51.570102951138267 ], [ 0.149654044917368, 51.570104102238041 ], [ 0.14967427984351, 51.570024262686715 ] ], [ [ 0.09713494468208, 51.598761347715254 ], [ 0.101147405362058, 51.598347414502875 ], [ 0.10022528287049, 51.599628738941874 ], [ 0.09713494468208, 51.598761347715254 ] ], [ [ 0.14532712914485, 51.598663207185886 ], [ 0.129530194099671, 51.590057982222952 ], [ 0.129733015495949, 51.589515700320213 ], [ 0.129813106961796, 51.58939903512649 ], [ 0.129546912012965, 51.590043783262637 ], [ 0.130767776509129, 51.590603901228995 ], [ 0.137567537567877, 51.593892083316959 ], [ 0.14532712914485, 51.598663207185886 ] ], [ [ 0.148085717174219, 51.596783636252297 ], [ 0.147627175848882, 51.596787613263665 ], [ 0.148084226757247, 51.596761028663941 ], [ 0.148085717174219, 51.596783636252297 ] ], [ [ 0.14974986710586, 51.59707510367528 ], [ 0.148085829627314, 51.596369552121203 ], [ 0.149773138720791, 51.597050431676564 ], [ 0.14974986710586, 51.59707510367528 ] ], [ [ 0.151027812825451, 51.595548996884929 ], [ 0.149945123083313, 51.596868098048915 ], [ 0.151031851670065, 51.595522001835683 ], [ 0.151027812825451, 51.595548996884929 ] ], [ [ 0.150925131400042, 51.59050324229522 ], [ 0.150872347240914, 51.590589376668966 ], [ 0.150934049593549, 51.59048107011175 ], [ 0.150925131400042, 51.59050324229522 ] ], [ [ 0.151082423421478, 51.587015757977085 ], [ 0.150976470589819, 51.585199716627002 ], [ 0.150972966721392, 51.584873586044466 ], [ 0.151082423421478, 51.587015757977085 ] ], [ [ 0.149659767455497, 51.582354700930495 ], [ 0.149688472812698, 51.582399093945504 ], [ 0.149652137608198, 51.582345595375401 ], [ 0.149659767455497, 51.582354700930495 ] ], [ [ 0.149201284089857, 51.581807541153559 ], [ 0.149181682024367, 51.581793875155491 ], [ 0.149129431622407, 51.581721791521169 ], [ 0.149201284089857, 51.581807541153559 ] ], [ [ 0.148876618208212, 51.581451865566848 ], [ 0.148554870604127, 51.580973638900815 ], [ 0.149027206520118, 51.581599794806877 ], [ 0.148876618208212, 51.581451865566848 ] ], [ [ 0.147401951958352, 51.580814704159216 ], [ 0.147448327319209, 51.580791782672627 ], [ 0.148404739876572, 51.580779879098024 ], [ 0.147401951958352, 51.580814704159216 ] ], [ [ 0.147086521601094, 51.576744219406748 ], [ 0.147232401682714, 51.577926140027643 ], [ 0.147240225825634, 51.578072457723458 ], [ 0.147086521601094, 51.576744219406748 ] ], [ [ 0.166456781424949, 51.568408652817709 ], [ 0.166014664562785, 51.56805454038323 ], [ 0.166460295865376, 51.568061006644903 ], [ 0.166456781424949, 51.568408652817709 ] ], [ [ 0.091998568065606, 51.599489698564199 ], [ 0.091613013911661, 51.598097351868958 ], [ 0.092085968275351, 51.599826708452817 ], [ 0.091998568065606, 51.599489698564199 ] ], [ [ 0.13920273765349, 51.622310798576841 ], [ 0.139444852315977, 51.622044187601126 ], [ 0.13852434098393, 51.623110090398534 ], [ 0.13920273765349, 51.622310798576841 ] ], [ [ 0.140846067954829, 51.620725010932631 ], [ 0.140661242620087, 51.620884017622551 ], [ 0.140272949433628, 51.62116717464307 ], [ 0.140180673257059, 51.621251680077137 ], [ 0.14027291135451, 51.621167163646909 ], [ 0.140661238675963, 51.620883995212694 ], [ 0.140846067954829, 51.620725010932631 ] ], [ [ 0.140937525385549, 51.620614556034766 ], [ 0.140981191950649, 51.620569795508132 ], [ 0.14093750068141, 51.620614586548143 ], [ 0.140937525385549, 51.620614556034766 ] ], [ [ 0.141981271991849, 51.619495749752815 ], [ 0.142120985425247, 51.619276569840167 ], [ 0.141959756746785, 51.619529867644829 ], [ 0.141981271991849, 51.619495749752815 ] ], [ [ 0.143003538648663, 51.618408956226695 ], [ 0.143014465334334, 51.618396819055064 ], [ 0.143014437853089, 51.618396857751648 ], [ 0.143003538648663, 51.618408956226695 ] ], [ [ 0.143090904331881, 51.618272254194324 ], [ 0.143106277710689, 51.618229653635929 ], [ 0.143071238273203, 51.618310006981289 ], [ 0.143090904331881, 51.618272254194324 ] ], [ [ 0.144033971502682, 51.617041021463457 ], [ 0.143712254476959, 51.617437897947511 ], [ 0.144244231875416, 51.616901093313039 ], [ 0.144033971502682, 51.617041021463457 ] ], [ [ 0.144397566785486, 51.616787939962798 ], [ 0.144496838429931, 51.616628667771934 ], [ 0.144361665884988, 51.616821632107452 ], [ 0.144397566785486, 51.616787939962798 ] ], [ [ 0.144862194623141, 51.615949479646645 ], [ 0.144862231258502, 51.615949460092473 ], [ 0.144844342970692, 51.615985730083757 ], [ 0.144862194623141, 51.615949479646645 ] ], [ [ 0.145070834706145, 51.61535033950792 ], [ 0.145105512389785, 51.61529807122772 ], [ 0.145019036176722, 51.615473680844289 ], [ 0.145070834706145, 51.61535033950792 ] ], [ [ 0.145169598323752, 51.615176732981908 ], [ 0.145179677099509, 51.615163614139718 ], [ 0.145167893846789, 51.615180711066927 ], [ 0.145169598323752, 51.615176732981908 ] ], [ [ 0.145237853461233, 51.615062207731427 ], [ 0.145228323176378, 51.615087280344049 ], [ 0.145240874731234, 51.614973128774295 ], [ 0.145237853461233, 51.615062207731427 ] ], [ [ 0.145445252058183, 51.614559285556652 ], [ 0.14549362416227, 51.614502128423574 ], [ 0.145419938685517, 51.614594786389205 ], [ 0.145445252058183, 51.614559285556652 ] ], [ [ 0.145630472282506, 51.614352721688 ], [ 0.145630505441599, 51.61435270473487 ], [ 0.145610558557593, 51.614372833454723 ], [ 0.145630472282506, 51.614352721688 ] ], [ [ 0.145891431886863, 51.614219301798386 ], [ 0.145891446316833, 51.61421933210984 ], [ 0.145650239277374, 51.614342615486777 ], [ 0.145891431886863, 51.614219301798386 ] ], [ [ 0.146397167822712, 51.613728771087153 ], [ 0.146086629649581, 51.614070081226139 ], [ 0.146086622862518, 51.614070087246056 ], [ 0.146313815895418, 51.613804235005475 ], [ 0.146397167822712, 51.613728771087153 ] ], [ [ 0.147218883947417, 51.612719348139429 ], [ 0.146497283173233, 51.613627199478188 ], [ 0.146906824173236, 51.61308568406637 ], [ 0.147218829190608, 51.612719381515028 ], [ 0.147309585580203, 51.612580918506282 ], [ 0.147218883947417, 51.612719348139429 ] ], [ [ 0.147446526636538, 51.612310478937758 ], [ 0.147602038408564, 51.611862765219904 ], [ 0.147395565697136, 51.612426618058592 ], [ 0.147446526636538, 51.612310478937758 ] ], [ [ 0.147799655500673, 51.610549566745448 ], [ 0.147744570100168, 51.61094147631524 ], [ 0.147912554716004, 51.610243879513213 ], [ 0.147799655500673, 51.610549566745448 ] ], [ [ 0.148428567919669, 51.609155839336928 ], [ 0.14863614473905, 51.608623432520133 ], [ 0.148354304220653, 51.609299696322736 ], [ 0.148428567919669, 51.609155839336928 ] ], [ [ 0.148665001054629, 51.607928479402695 ], [ 0.148633019066753, 51.608568789687368 ], [ 0.148624756451252, 51.608478704445389 ], [ 0.148665001054629, 51.607928479402695 ] ], [ [ 0.148645568898436, 51.607575319706577 ], [ 0.148671296444982, 51.607178666096061 ], [ 0.148675615181974, 51.607383377810272 ], [ 0.148645568898436, 51.607575319706577 ] ], [ [ 0.148364158239291, 51.606109442397596 ], [ 0.148405553920042, 51.605689325771586 ], [ 0.148523250648985, 51.606544867244502 ], [ 0.148364158239291, 51.606109442397596 ] ], [ [ 0.148588708181962, 51.604136754902981 ], [ 0.148701348554628, 51.60389668645243 ], [ 0.148561334923519, 51.604225283760663 ], [ 0.148588708181962, 51.604136754902981 ] ], [ [ 0.14893807601871, 51.603461309829633 ], [ 0.148963945143447, 51.603421249258453 ], [ 0.148904986211882, 51.603527439164132 ], [ 0.14893807601871, 51.603461309829633 ] ], [ [ 0.149284527871122, 51.603078681045709 ], [ 0.149469499693892, 51.602879633013984 ], [ 0.149469510993729, 51.602879663341596 ], [ 0.149284527871122, 51.603078681045709 ] ], [ [ 0.1884132923178, 51.602821155940575 ], [ 0.188510281833121, 51.602379788256357 ], [ 0.18872382031868, 51.602815787607724 ], [ 0.1884132923178, 51.602821155940575 ] ], [ [ 0.225855990292862, 51.629272696586987 ], [ 0.22491338670515, 51.630209170508522 ], [ 0.224334717362287, 51.629764874581213 ], [ 0.225855990292862, 51.629272696586987 ] ], [ [ 0.218375388118571, 51.626894395098425 ], [ 0.219229839410785, 51.628606133317263 ], [ 0.217819915389249, 51.627103156280015 ], [ 0.218375388118571, 51.626894395098425 ] ], [ [ 0.257700367015315, 51.606055679710728 ], [ 0.257966471162954, 51.606504575158858 ], [ 0.257381633297067, 51.606331498888743 ], [ 0.257700367015315, 51.606055679710728 ] ] ], [ [ [ 0.091512638935146, 51.545181974436318 ], [ 0.078056943364456, 51.544107721682806 ], [ 0.092581255646607, 51.549648497717612 ], [ 0.091512638935146, 51.545181974436318 ] ] ], [ [ [ 0.106552447051746, 51.580864500254556 ], [ 0.105549257452935, 51.572372250914562 ], [ 0.096745908425764, 51.572899034154609 ], [ 0.106552447051746, 51.580864500254556 ] ] ], [ [ [ 0.207108848285612, 51.608775194680582 ], [ 0.206486919741136, 51.608548579455586 ], [ 0.205630617368114, 51.608104912447899 ], [ 0.206639457618245, 51.608672294398637 ], [ 0.207108848285612, 51.608775194680582 ] ] ] ] } }
]
}
